1.542409,4.997235,-0.065106,0.039311,-0.002563,0,0.016247,-0.001059,-0.00422
1.542803,4.997209,-0.065114,0.039475,-0.002574,0,0.016789,-0.001085,-0.004269
1.543199,4.997183,-0.065103,0.03965,-0.002585,0,0.018313,-0.001152,-0.004398
1.543596,4.997157,-0.065087,0.039844,-0.002597,0,0.020773,-0.001259,-0.004611
1.543996,4.997131,-0.065072,0.040068,-0.002611,0,0.024121,-0.0014,-0.004909
1.544398,4.997105,-0.064998,0.040329,-0.002625,0,0.028313,-0.001572,-0.005293
1.544803,4.997079,-0.064923,0.040637,-0.002642,0,0.033305,-0.001771,-0.005766
1.545211,4.997052,-0.064815,0.040998,-0.002661,0,0.039054,-0.001994,-0.006328
1.545623,4.997025,-0.064661,0.04142,-0.002682,0,0.04552,-0.002237,-0.006982
1.54604,4.996998,-0.064476,0.041911,-0.002706,0,0.052663,-0.002496,-0.007728
1.546461,4.996971,-0.06423,0.042476,-0.002732,0,0.060444,-0.002771,-0.008567
1.546889,4.996944,-0.06394,0.043122,-0.002761,0,0.068826,-0.003056,-0.009502
1.547324,4.996916,-0.063603,0.043854,-0.002793,0,0.077773,-0.00335,-0.010531
1.547767,4.996888,-0.063212,0.044679,-0.002828,0,0.087251,-0.00365,-0.011657
1.548218,4.996859,-0.062767,0.045601,-0.002866,0,0.097226,-0.003953,-0.01288
1.548679,4.996831,-0.062268,0.046625,-0.002907,0,0.107666,-0.004258,-0.014201
1.549151,4.996801,-0.061715,0.047756,-0.002951,0,0.118539,-0.004563,-0.01562
1.549635,4.996772,-0.061111,0.048997,-0.002998,0,0.129816,-0.004865,-0.017137
1.550131,4.996741,-0.060479,0.050353,-0.003049,0,0.141467,-0.005163,-0.018752
1.550642,4.996711,-0.059781,0.051828,-0.003102,0,0.153464,-0.005456,-0.020466
1.551168,4.996679,-0.059043,0.053424,-0.003158,0,0.165781,-0.00574,-0.022279
1.551711,4.996647,-0.058254,0.055144,-0.003216,0,0.178391,-0.006017,-0.02419
1.552271,4.996615,-0.057454,0.056992,-0.003278,0,0.19127,-0.006283,-0.026199
1.552851,4.996582,-0.056612,0.05897,-0.003342,0,0.204394,-0.006539,-0.028306
1.553451,4.996548,-0.055753,0.061081,-0.003409,0,0.21774,-0.006783,-0.030511
1.554073,4.996514,-0.054867,0.063326,-0.003478,0,0.231286,-0.007014,-0.032812
1.554718,4.996479,-0.05396,0.065707,-0.003549,0,0.24501,-0.007232,-0.03521
1.555388,4.996443,-0.053038,0.068227,-0.003622,0,0.258892,-0.007436,-0.037703
1.556083,4.996406,-0.052121,0.070886,-0.003698,0,0.272914,-0.007625,-0.04029
1.556806,4.996369,-0.051187,0.073685,-0.003775,0,0.287056,-0.0078,-0.042971
1.557557,4.996331,-0.050253,0.076627,-0.003854,0,0.301301,-0.007961,-0.045744
1.558339,4.996292,-0.049313,0.079712,-0.003934,0,0.315632,-0.008106,-0.048608
1.559152,4.996252,-0.048383,0.08294,-0.004016,0,0.330032,-0.008236,-0.051562
1.559998,4.996211,-0.047455,0.086312,-0.004099,0,0.344486,-0.008352,-0.054604
1.560879,4.99617,-0.046532,0.08983,-0.004183,0,0.358979,-0.008453,-0.057733
1.561795,4.996128,-0.045619,0.093492,-0.004268,0,0.373497,-0.008539,-0.060947
1.562749,4.996085,-0.044708,0.0973,-0.004353,0,0.388027,-0.008612,-0.064245
1.563742,4.996041,-0.043822,0.101253,-0.00444,0,0.402556,-0.008672,-0.067624
1.564775,4.995996,-0.042944,0.105351,-0.004527,0,0.417072,-0.008719,-0.071082
1.565849,4.99595,-0.042076,0.109594,-0.004614,0,0.431563,-0.008754,-0.074618
1.566967,4.995903,-0.041229,0.113982,-0.004702,0,0.446018,-0.008778,-0.07823
1.568129,4.995856,-0.040395,0.118514,-0.00479,0,0.460427,-0.008792,-0.081914
1.569338,4.995808,-0.039577,0.12319,-0.004878,0,0.474779,-0.008797,-0.085669
1.570594,4.995758,-0.038775,0.128009,-0.004966,0,0.489066,-0.008793,-0.089493
1.571899,4.995708,-0.037982,0.132971,-0.005053,0,0.503278,-0.008782,-0.093382
1.573254,4.995657,-0.037216,0.138075,-0.005141,0,0.517407,-0.008765,-0.097334
1.57466,4.995606,-0.036469,0.143319,-0.005229,0,0.531444,-0.008744,-0.101346
1.57612,4.995553,-0.035734,0.148703,-0.005316,0,0.545383,-0.00872,-0.105416
1.577635,4.995499,-0.035019,0.154226,-0.005403,0,0.559215,-0.008694,-0.109541
1.579205,4.995445,-0.034323,0.159887,-0.00549,0,0.572933,-0.008667,-0.113716
1.580833,4.995389,-0.033642,0.165685,-0.005576,0,0.586532,-0.008642,-0.11794
1.58252,4.995333,-0.032986,0.171617,-0.005663,0,0.600005,-0.00862,-0.122209
1.584266,4.995276,-0.032344,0.177684,-0.005749,0,0.613345,-0.008603,-0.12652
1.586074,4.995218,-0.031721,0.183884,-0.005835,0,0.626547,-0.008592,-0.130869
1.587944,4.995159,-0.031118,0.190215,-0.005921,0,0.639605,-0.008588,-0.135253
1.589878,4.9951,-0.030533,0.196676,-0.006007,0,0.652514,-0.008595,-0.139668
1.591878,4.995039,-0.029967,0.203265,-0.006093,0,0.665269,-0.008614,-0.14411
1.593944,4.994978,-0.029418,0.20998,-0.006179,0,0.677864,-0.008647,-0.148576
1.596078,4.994916,-0.028891,0.216821,-0.006266,0,0.690295,-0.008695,-0.153062
1.598281,4.994853,-0.028381,0.223786,-0.006353,0,0.702558,-0.008761,-0.157563
1.600554,4.994789,-0.027891,0.230872,-0.006441,0,0.714647,-0.008848,-0.162077
1.602899,4.994724,-0.027421,0.238078,-0.00653,0,0.726557,-0.008956,-0.166597
1.605316,4.994658,-0.02697,0.245402,-0.00662,0,0.738285,-0.009088,-0.171121
1.607807,4.994591,-0.02654,0.252843,-0.006712,0,0.749826,-0.009247,-0.175644
1.610373,4.994524,-0.026127,0.260398,-0.006805,0,0.761174,-0.009434,-0.180162
1.613016,4.994455,-0.025738,0.268066,-0.006901,0,0.772327,-0.009651,-0.184669
1.615735,4.994386,-0.025364,0.275844,-0.006998,0,0.783278,-0.009902,-0.189162
1.618533,4.994315,-0.025015,0.283731,-0.007099,0,0.794024,-0.010188,-0.193636
1.62141,4.994244,-0.024683,0.291724,-0.007202,0,0.804559,-0.010511,-0.198086
1.624368,4.994171,-0.024373,0.299821,-0.007309,0,0.814879,-0.010874,-0.202506
1.627407,4.994098,-0.024085,0.308021,-0.00742,0,0.824978,-0.011279,-0.206894
1.630528,4.994023,-0.023816,0.31632,-0.007535,0,0.834852,-0.011729,-0.211242
1.633734,4.993947,-0.02357,0.324717,-0.007655,0,0.844494,-0.012225,-0.215546
1.637023,4.99387,-0.023344,0.333209,-0.00778,0,0.853899,-0.012771,-0.219801
1.640398,4.993791,-0.023138,0.341794,-0.00791,0,0.863062,-0.013368,-0.224002
1.643859,4.993712,-0.022957,0.35047,-0.008047,0,0.871976,-0.014018,-0.228144
1.647408,4.99363,-0.022797,0.359233,-0.008191,0,0.880635,-0.014725,-0.23222
1.651044,4.993548,-0.02266,0.368081,-0.008342,0,0.889031,-0.01549,-0.236225
1.65477,4.993464,-0.022544,0.377013,-0.008501,0,0.897158,-0.016316,-0.240154
1.658585,4.993378,-0.022451,0.386024,-0.008668,0,0.905008,-0.017204,-0.244002
1.66249,4.99329,-0.022382,0.395112,-0.008845,0,0.912574,-0.018159,-0.247762
1.666487,4.993201,-0.022338,0.404274,-0.009032,0,0.919847,-0.019181,-0.251428
1.670576,4.993109,-0.022315,0.413508,-0.009229,0,0.926819,-0.020272,-0.254995
1.674758,4.993016,-0.022316,0.422809,-0.009437,0,0.933479,-0.021436,-0.258457
1.679032,4.992921,-0.022344,0.432176,-0.009658,0,0.939819,-0.022674,-0.261807
1.683401,4.992823,-0.022394,0.441605,-0.009891,0,0.945829,-0.023989,-0.265041
1.687865,4.992723,-0.022471,0.451092,-0.010138,0,0.951498,-0.025383,-0.26815
1.692423,4.99262,-0.022572,0.460634,-0.010399,0,0.956814,-0.026857,-0.271129
1.697078,4.992515,-0.022698,0.470227,-0.010675,0,0.961765,-0.028415,-0.273973
1.701828,4.992407,-0.022852,0.479868,-0.010968,0,0.966341,-0.030057,-0.276673
1.706675,4.992295,-0.023031,0.489552,-0.011277,0,0.970526,-0.031787,-0.279225
1.711619,4.992181,-0.023237,0.499277,-0.011604,0,0.974308,-0.033606,-0.281621
1.716661,4.992063,-0.023469,0.509037,-0.011949,0,0.977672,-0.035516,-0.283854
1.7218,4.991942,-0.02373,0.518829,-0.012314,0,0.980604,-0.037519,-0.285918
1.727037,4.991817,-0.024019,0.528648,-0.0127,0,0.983086,-0.039616,-0.287807
1.732373,4.991688,-0.024336,0.538489,-0.013107,0,0.985104,-0.041811,-0.289513
1.737807,4.991555,-0.02468,0.548348,-0.013536,0,0.986639,-0.044104,-0.291029
1.74334,4.991417,-0.025055,0.55822,-0.013989,0,0.987674,-0.046496,-0.292349
1.748972,4.991275,-0.02546,0.5681,-0.014467,0,0.98819,-0.048991,-0.293466
1.754702,4.991128,-0.025893,0.577982,-0.014969,0,0.988166,-0.051589,-0.294371
1.760531,4.990975,-0.026359,0.587861,-0.015499,0,0.987583,-0.054292,-0.295059
1.766459,4.990818,-0.026855,0.597732,-0.016056,0,0.986418,-0.057101,-0.295522
1.772486,4.990654,-0.027382,0.607588,-0.016641,0,0.98465,-0.060017,-0.295753
1.778611,4.990485,-0.027941,0.617423,-0.017256,0,0.982254,-0.063043,-0.295744
1.784834,4.990309,-0.028534,0.627231,-0.017902,0,0.979208,-0.066179,-0.295487
1.791156,4.990126,-0.029159,0.637005,-0.01858,0,0.975485,-0.069426,-0.294976
1.797574,4.989937,-0.029819,0.646738,-0.019291,0,0.971059,-0.072786,-0.294203
1.80409,4.989741,-0.030514,0.656423,-0.020036,0,0.965903,-0.076259,-0.29316
1.797712,4.99038,-0.0309,0.659432,-0.020383,0,0.958603,-0.079699,-0.291477
1.804354,4.990172,-0.031676,0.668985,-0.021198,0,0.952019,-0.083315,-0.28967
1.811091,4.989956,-0.032487,0.67847,-0.022049,0,0.944832,-0.086873,-0.287179
1.817923,4.989731,-0.033329,0.68788,-0.022935,0,0.93701,-0.090364,-0.284022
1.824849,4.989497,-0.034203,0.697208,-0.023856,0,0.928523,-0.093784,-0.280218
1.831867,4.989254,-0.035105,0.706448,-0.02481,0,0.91935,-0.097125,-0.275785
1.838977,4.989001,-0.036036,0.715593,-0.025798,0,0.909471,-0.100384,-0.270741
1.846179,4.988738,-0.036992,0.724635,-0.026818,0,0.898872,-0.103555,-0.265104
1.85347,4.988465,-0.037973,0.733568,-0.027869,0,0.887541,-0.106634,-0.258891
1.860849,4.98818,-0.038976,0.742383,-0.02895,0,0.875473,-0.109618,-0.252119
1.868317,4.987885,-0.040003,0.751075,-0.030061,0,0.862664,-0.112502,-0.244805
1.875871,4.987579,-0.041049,0.759634,-0.0312,0,0.849114,-0.115284,-0.236967
1.883509,4.987261,-0.042115,0.768054,-0.032366,0,0.834827,-0.117962,-0.228621
1.891231,4.986932,-0.043201,0.776328,-0.033559,0,0.81981,-0.120534,-0.219784
1.899035,4.98659,-0.044303,0.784448,-0.034776,0,0.804073,-0.122997,-0.210472
1.90692,4.986236,-0.045423,0.792407,-0.036018,0,0.787629,-0.12535,-0.200703
1.914883,4.98587,-0.046559,0.800198,-0.037283,0,0.770491,-0.127593,-0.190493
1.922923,4.98549,-0.04771,0.807815,-0.03857,0,0.752679,-0.129724,-0.179858
1.931038,4.985098,-0.048875,0.81525,-0.039877,0,0.734212,-0.131744,-0.168816
1.939227,4.984693,-0.050054,0.822497,-0.041204,0,0.715111,-0.133651,-0.157383
1.947488,4.984274,-0.051248,0.82955,-0.04255,0,0.695401,-0.135447,-0.145577
1.955818,4.983842,-0.052454,0.836403,-0.043913,0,0.675108,-0.137132,-0.133413
1.964215,4.983396,-0.053672,0.84305,-0.045292,0,0.654258,-0.138706,-0.12091
1.972678,4.982936,-0.054904,0.849486,-0.046687,0,0.632879,-0.14017,-0.108085
1.981204,4.982462,-0.056146,0.855706,-0.048095,0,0.611002,-0.141525,-0.094955
1.989791,4.981974,-0.057401,0.861705,-0.049517,0,0.588658,-0.142773,-0.081538
1.998437,4.981472,-0.058666,0.867478,-0.05095,0,0.565876,-0.143915,-0.067852
2.00714,4.980955,-0.059944,0.873021,-0.052395,0,0.542691,-0.144952,-0.053916
2.015897,4.980424,-0.061232,0.878331,-0.053849,0,0.519133,-0.145887,-0.039748
2.024706,4.979878,-0.062531,0.883403,-0.055312,0,0.495238,-0.146722,-0.025368
2.033564,4.979317,-0.063841,0.888234,-0.056783,0,0.471036,-0.147457,-0.010793
2.04247,4.978742,-0.065163,0.892822,-0.058261,0,0.446562,-0.148096,0.003955
2.05142,4.978152,-0.066495,0.897165,-0.059745,0,0.421848,-0.14864,0.018857
2.060412,4.977547,-0.067837,0.901259,-0.061233,0,0.396926,-0.149092,0.033891
2.069444,4.976927,-0.069192,0.905103,-0.062726,0,0.371829,-0.149453,0.049038
2.078514,4.976293,-0.070558,0.908695,-0.064222,0,0.346586,-0.149727,0.064276
2.087617,4.975643,-0.071934,0.912034,-0.06572,0,0.32123,-0.149915,0.079582
2.096753,4.974978,-0.073323,0.915119,-0.06722,0,0.295787,-0.150019,0.094934
2.105919,4.974299,-0.074724,0.91795,-0.068721,0,0.270286,-0.150042,0.110308
2.115111,4.973604,-0.076136,0.920525,-0.070221,0,0.244754,-0.149986,0.125682
2.124329,4.972894,-0.07756,0.922845,-0.07172,0,0.219214,-0.149853,0.14103
2.133568,4.972169,-0.078998,0.924909,-0.073218,0,0.19369,-0.149645,0.156329
2.142826,4.97143,-0.080447,0.926718,-0.074713,0,0.168202,-0.149364,0.171551
2.152101,4.970675,-0.08191,0.928273,-0.076205,0,0.142769,-0.149012,0.18667
2.16139,4.969906,-0.083385,0.929574,-0.077693,0,0.117406,-0.148589,0.201661
2.170692,4.969121,-0.084874,0.930622,-0.079176,0,0.092129,-0.148099,0.216494
2.180002,4.968322,-0.086377,0.931417,-0.080654,0,0.066946,-0.147542,0.231141
2.189319,4.967508,-0.087896,0.931961,-0.082127,0,0.041867,-0.146919,0.245573
2.19864,4.96668,-0.089428,0.932255,-0.083593,0,0.016897,-0.146231,0.259759
2.207963,4.965837,-0.090975,0.932299,-0.085051,0,-0.007963,-0.14548,0.273669
2.217286,4.964979,-0.092539,0.932096,-0.086502,0,-0.032714,-0.144665,0.28727
2.226605,4.964107,-0.094118,0.931645,-0.087944,0,-0.057363,-0.143787,0.300529
2.235918,4.96322,-0.095714,0.930949,-0.089378,0,-0.081916,-0.142846,0.313414
2.245223,4.962319,-0.097326,0.930007,-0.090801,0,-0.106389,-0.141841,0.325888
2.254517,4.961404,-0.098956,0.928821,-0.092214,0,-0.130797,-0.140772,0.337916
2.256195,4.961263,-0.099104,0.92918,-0.092388,0,-0.1331,-0.140671,0.33906
2.26548,4.960332,-0.100753,0.927729,-0.093789,0,-0.156927,-0.139613,0.350478
2.274749,4.959387,-0.102422,0.926045,-0.09518,0,-0.179661,-0.138653,0.361248
2.284,4.958428,-0.104111,0.924139,-0.096562,0,-0.201316,-0.137792,0.371377
2.293231,4.957456,-0.105822,0.922022,-0.097936,0,-0.221907,-0.137029,0.380873
2.30244,4.956469,-0.107556,0.919705,-0.099303,0,-0.241448,-0.136365,0.389741
2.311624,4.95547,-0.109314,0.917197,-0.100664,0,-0.259955,-0.135798,0.397991
2.320783,4.954456,-0.111097,0.914509,-0.102019,0,-0.277442,-0.135329,0.405631
2.329914,4.953429,-0.112907,0.911651,-0.103371,0,-0.293923,-0.134958,0.412667
2.339015,4.952389,-0.114743,0.908634,-0.104719,0,-0.309415,-0.134684,0.419109
2.348086,4.951335,-0.116607,0.905466,-0.106065,0,-0.323932,-0.134506,0.424965
2.357124,4.950268,-0.1185,0.902158,-0.107409,0,-0.337488,-0.134425,0.430244
2.366129,4.949187,-0.120424,0.89872,-0.108754,0,-0.3501,-0.134438,0.434955
2.375098,4.948092,-0.122378,0.895159,-0.110098,0,-0.361782,-0.134547,0.439106
2.384032,4.946985,-0.124365,0.891487,-0.111445,0,-0.372549,-0.134749,0.442708
2.392928,4.945864,-0.126384,0.887711,-0.112794,0,-0.382416,-0.135044,0.445771
2.401786,4.944729,-0.128437,0.883842,-0.114146,0,-0.3914,-0.135431,0.448303
2.410604,4.943581,-0.130524,0.879886,-0.115503,0,-0.399515,-0.135909,0.450316
2.419383,4.942419,-0.132646,0.875854,-0.116865,0,-0.406776,-0.136476,0.45182
2.428121,4.941243,-0.134803,0.871754,-0.118232,0,-0.4132,-0.137132,0.452827
2.436818,4.940054,-0.136997,0.867593,-0.119607,0,-0.418802,-0.137873,0.453346
2.445473,4.938851,-0.139229,0.86338,-0.12099,0,-0.423597,-0.138699,0.453389
2.454085,4.937634,-0.141498,0.859124,-0.122382,0,-0.427601,-0.139609,0.452969
2.462655,4.936403,-0.143805,0.854831,-0.123783,0,-0.430829,-0.140599,0.452098
2.471182,4.935159,-0.146149,0.85051,-0.125194,0,-0.433298,-0.141668,0.450787
2.479665,4.9339,-0.148533,0.846167,-0.126616,0,-0.435023,-0.142813,0.449049
2.488105,4.932626,-0.150955,0.841812,-0.12805,0,-0.436021,-0.144032,0.446898
2.496501,4.931338,-0.153418,0.837449,-0.129497,0,-0.436306,-0.145322,0.444347
2.504854,4.930036,-0.155919,0.833088,-0.130957,0,-0.435895,-0.14668,0.441409
2.513163,4.928719,-0.158459,0.828734,-0.132431,0,-0.434804,-0.148103,0.438099
2.521429,4.927388,-0.161039,0.824394,-0.133919,0,-0.433049,-0.149589,0.434431
2.529651,4.926041,-0.163658,0.820075,-0.135423,0,-0.430646,-0.151132,0.43042
2.53783,4.924679,-0.166315,0.815783,-0.136942,0,-0.427612,-0.15273,0.426081
2.545967,4.923302,-0.169011,0.811525,-0.138478,0,-0.423962,-0.154379,0.42143
2.554061,4.921909,-0.171745,0.807306,-0.14003,0,-0.419713,-0.156074,0.416482
2.562113,4.920501,-0.174515,0.803132,-0.141599,0,-0.41488,-0.157812,0.411254
2.570124,4.919077,-0.177322,0.79901,-0.143186,0,-0.409481,-0.159587,0.405763
2.578094,4.917638,-0.180165,0.794945,-0.144791,0,-0.403532,-0.161394,0.400025
2.586023,4.916181,-0.183042,0.790941,-0.146414,0,-0.39705,-0.163229,0.394059
2.593913,4.914709,-0.185952,0.787005,-0.148056,0,-0.390049,-0.165086,0.387883
2.601763,4.91322,-0.188894,0.783142,-0.149716,0,-0.382549,-0.166959,0.381514
2.609576,4.911715,-0.191867,0.779356,-0.151395,0,-0.374564,-0.168842,0.374972
2.617351,4.910192,-0.194869,0.775652,-0.153093,0,-0.366112,-0.17073,0.368276
2.625089,4.908653,-0.197897,0.772035,-0.15481,0,-0.357209,-0.172615,0.361445
2.632792,4.907096,-0.20095,0.768509,-0.156545,0,-0.347872,-0.174491,0.354501
2.64046,4.905522,-0.204026,0.765079,-0.158299,0,-0.338117,-0.176351,0.347463
2.648094,4.90393,-0.207124,0.761748,-0.160072,0,-0.327963,-0.178187,0.340352
2.655695,4.90232,-0.21024,0.758521,-0.161863,0,-0.317425,-0.179991,0.333191
2.663264,4.900693,-0.213371,0.755401,-0.163672,0,-0.30652,-0.181756,0.326001
2.670803,4.899047,-0.216515,0.752392,-0.165498,0,-0.295266,-0.183473,0.318805
2.678313,4.897383,-0.219668,0.749497,-0.167341,0,-0.283679,-0.185134,0.311626
2.685794,4.8957,-0.222829,0.746719,-0.1692,0,-0.271776,-0.186729,0.304488
2.693247,4.893999,-0.225993,0.744062,-0.171075,0,-0.259575,-0.188249,0.297414
2.700675,4.892278,-0.229157,0.741529,-0.172965,0,-0.247093,-0.189684,0.290429
2.708078,4.890539,-0.232319,0.739121,-0.174869,0,-0.234347,-0.191024,0.283559
2.715458,4.888781,-0.235471,0.736843,-0.176785,0,-0.221354,-0.19226,0.276829
2.722816,4.887004,-0.238615,0.734695,-0.178714,0,-0.208131,-0.193378,0.270264
2.730153,4.885207,-0.241741,0.732681,-0.180652,0,-0.194696,-0.19437,0.263893
2.73747,4.88339,-0.244851,0.730802,-0.182601,0,-0.181066,-0.195223,0.257741
2.744769,4.881555,-0.247934,0.72906,-0.184556,0,-0.167259,-0.195925,0.251838
2.752051,4.879699,-0.250991,0.727457,-0.186518,0,-0.153291,-0.196463,0.246211
2.759319,4.877824,-0.254015,0.725995,-0.188485,0,-0.139181,-0.196826,0.240889
2.766572,4.87593,-0.257001,0.724674,-0.190454,0,-0.124946,-0.196999,0.235901
2.773813,4.874015,-0.259946,0.723496,-0.192424,0,-0.110603,-0.196969,0.231279
2.781042,4.872081,-0.262845,0.722462,-0.194393,0,-0.096171,-0.196723,0.227052
2.788262,4.870127,-0.265691,0.721573,-0.196358,0,-0.081666,-0.196245,0.223252
2.795474,4.868154,-0.268481,0.720829,-0.198317,0,-0.067107,-0.195521,0.219911
2.802679,4.866161,-0.27121,0.720231,-0.200268,0,-0.052511,-0.194535,0.217061
2.809879,4.864149,-0.27387,0.719779,-0.202207,0,-0.037896,-0.193272,0.214736
2.817075,4.862117,-0.276459,0.719473,-0.204132,0,-0.02328,-0.191715,0.212969
2.824269,4.860066,-0.27897,0.719313,-0.20604,0,-0.00868,-0.189849,0.211794
2.831462,4.857996,-0.2814,0.719299,-0.207928,0,0.005885,-0.187654,0.211247
2.837616,4.856197,-0.28344,0.71936,-0.209537,0,0.01841,-0.185481,0.211311
2.844811,4.854092,-0.285701,0.719616,-0.211378,0,0.032652,-0.182721,0.211637
2.852009,4.85197,-0.28787,0.720011,-0.213191,0,0.046401,-0.17978,0.211884
2.859211,4.849829,-0.289941,0.720542,-0.214973,0,0.059661,-0.176658,0.212051
2.86642,4.84767,-0.291917,0.721203,-0.216723,0,0.07244,-0.173356,0.212136
2.873636,4.845494,-0.293797,0.721989,-0.21844,0,0.084741,-0.169875,0.212138
2.88086,4.843302,-0.295578,0.722896,-0.22012,0,0.09657,-0.166217,0.212054
2.888094,4.841092,-0.29726,0.723919,-0.221763,0,0.107933,-0.162382,0.211884
2.895339,4.838866,-0.298844,0.725053,-0.223367,0,0.118836,-0.158371,0.211625
2.902595,4.836625,-0.300328,0.726294,-0.22493,0,0.129285,-0.154187,0.211276
2.909865,4.834368,-0.301711,0.727638,-0.22645,0,0.139285,-0.149831,0.210836
2.917148,4.832096,-0.302996,0.729079,-0.227926,0,0.148842,-0.145305,0.210303
2.924447,4.82981,-0.30418,0.730613,-0.229356,0,0.157962,-0.140609,0.209675
2.931761,4.827509,-0.305265,0.732236,-0.230738,0,0.166651,-0.135748,0.208952
2.939092,4.825195,-0.306248,0.733945,-0.23207,0,0.174916,-0.130722,0.208131
2.94644,4.822868,-0.307133,0.735733,-0.233352,0,0.182763,-0.125534,0.207212
2.953807,4.820528,-0.307917,0.737599,-0.23458,0,0.190198,-0.120187,0.206192
2.961192,4.818176,-0.308603,0.739536,-0.235755,0,0.197227,-0.114683,0.205072
2.968598,4.815813,-0.30919,0.741542,-0.236874,0,0.203856,-0.109025,0.203849
2.976023,4.813439,-0.309678,0.743612,-0.237935,0,0.210093,-0.103216,0.202522
2.98347,4.811055,-0.310067,0.745742,-0.238937,0,0.215943,-0.09726,0.201091
2.990938,4.808661,-0.310361,0.747929,-0.23988,0,0.221413,-0.09116,0.199554
2.998429,4.806257,-0.310556,0.750169,-0.24076,0,0.22651,-0.08492,0.19791
3.005942,4.803846,-0.310657,0.752458,-0.241578,0,0.23124,-0.078543,0.196158
3.013478,4.801426,-0.310661,0.754793,-0.242331,0,0.235609,-0.072034,0.194298
3.021038,4.798999,-0.31057,0.757169,-0.243018,0,0.239625,-0.065397,0.192329
3.028622,4.796566,-0.310385,0.759584,-0.243638,0,0.243294,-0.058637,0.19025
3.03623,4.794127,-0.310107,0.762034,-0.24419,0,0.246622,-0.051758,0.18806
3.043863,4.791682,-0.309736,0.764516,-0.244673,0,0.249617,-0.044766,0.185758
3.05152,4.789233,-0.309274,0.767025,-0.245085,0,0.252284,-0.037667,0.183345
3.059203,4.786781,-0.308721,0.76956,-0.245426,0,0.254631,-0.030465,0.18082
3.066912,4.784325,-0.308077,0.772117,-0.245694,0,0.256664,-0.023166,0.178183
3.074646,4.781867,-0.307345,0.774692,-0.245889,0,0.25839,-0.015778,0.175433
3.082405,4.779408,-0.306523,0.777284,-0.246009,0,0.259816,-0.008306,0.17257
3.090191,4.776947,-0.305616,0.779888,-0.246055,0,0.260947,-0.000757,0.169594
3.098003,4.774487,-0.304621,0.782502,-0.246024,0,0.261791,0.006862,0.166505
3.105841,4.772027,-0.303542,0.785123,-0.245917,0,0.262355,0.014543,0.163304
3.113706,4.769569,-0.302378,0.787748,-0.245733,0,0.262643,0.022279,0.159991
3.121596,4.767113,-0.301132,0.790375,-0.245472,0,0.262665,0.030061,0.156565
3.129513,4.76466,-0.299802,0.793,-0.245132,0,0.262425,0.037882,0.153028
3.137456,4.76221,-0.298392,0.795622,-0.244714,0,0.26193,0.045732,0.14938
3.145426,4.759766,-0.296902,0.798238,-0.244217,0,0.261186,0.053603,0.145622
3.153421,4.757326,-0.295334,0.800845,-0.243642,0,0.2602,0.061485,0.141754
3.161442,4.754893,-0.293687,0.803441,-0.242987,0,0.258979,0.069369,0.137778
3.16949,4.752467,-0.291965,0.806024,-0.242254,0,0.257528,0.077243,0.133695
3.177563,4.750048,-0.290169,0.808591,-0.241443,0,0.255853,0.085099,0.129505
3.185662,4.747638,-0.288299,0.81114,-0.240553,0,0.253961,0.092925,0.125211
3.193786,4.745237,-0.286356,0.81367,-0.239584,0,0.251857,0.100709,0.120813
3.201935,4.742847,-0.284344,0.816177,-0.238539,0,0.249548,0.108441,0.116313
3.210109,4.740467,-0.282263,0.81866,-0.237416,0,0.247039,0.116107,0.111713
3.218308,4.738099,-0.280114,0.821117,-0.236217,0,0.244336,0.123697,0.107015
3.226531,4.735743,-0.277899,0.823546,-0.234942,0,0.241445,0.131196,0.102221
3.234779,4.7334,-0.275621,0.825945,-0.233593,0,0.238372,0.138592,0.097332
3.24305,4.731071,-0.273281,0.828313,-0.232171,0,0.235122,0.145871,0.092352
3.251345,4.728757,-0.270881,0.830647,-0.230676,0,0.2317,0.153018,0.087283
3.259663,4.726458,-0.268423,0.832946,-0.229111,0,0.228111,0.16002,0.082126
3.268004,4.724175,-0.265908,0.835209,-0.227476,0,0.224362,0.166861,0.076886
3.276367,4.721909,-0.263341,0.837433,-0.225774,0,0.220457,0.173526,0.071565
3.284752,4.71966,-0.260723,0.839617,-0.224006,0,0.2164,0.179999,0.066165
3.293159,4.717429,-0.258056,0.841761,-0.222175,0,0.212197,0.186263,0.060691
3.301587,4.715216,-0.255343,0.843861,-0.220282,0,0.207853,0.192303,0.055146
3.310036,4.713023,-0.252586,0.845917,-0.21833,0,0.203372,0.198099,0.049533
3.318506,4.71085,-0.249789,0.847928,-0.216321,0,0.198758,0.203635,0.043856
3.326995,4.708697,-0.246954,0.849892,-0.214258,0,0.194016,0.208893,0.038119
3.335503,4.706565,-0.244086,0.851808,-0.212144,0,0.189151,0.213852,0.032326
3.344031,4.704454,-0.241186,0.853674,-0.209982,0,0.184165,0.218495,0.026482
3.352577,4.702365,-0.238259,0.855491,-0.207775,0,0.179064,0.222802,0.02059
3.36114,4.700299,-0.235309,0.857255,-0.205527,0,0.17385,0.226751,0.014656
3.369721,4.698255,-0.232338,0.858967,-0.203241,0,0.168527,0.230323,0.008685
3.37832,4.696234,-0.229352,0.860626,-0.200922,0,0.163099,0.233495,0.002681
3.386934,4.694237,-0.226355,0.862229,-0.198573,0,0.15757,0.236246,-0.00335
3.395564,4.692263,-0.22335,0.863777,-0.196198,0,0.151941,0.238554,-0.009403
3.404209,4.690313,-0.220344,0.865268,-0.193803,0,0.146216,0.240394,-0.015472
3.412869,4.688387,-0.21734,0.866701,-0.191392,0,0.140398,0.241745,-0.021551
3.421543,4.686485,-0.214345,0.868075,-0.18897,0,0.134489,0.242581,-0.027634
3.43023,4.684607,-0.211362,0.86939,-0.186542,0,0.128492,0.242877,-0.033715
3.438931,4.682754,-0.208398,0.870645,-0.184114,0,0.122409,0.242609,-0.039788
3.447643,4.680925,-0.20546,0.871838,-0.181692,0,0.116241,0.241751,-0.045845
3.456367,4.67912,-0.202553,0.872969,-0.179281,0,0.109991,0.240275,-0.05188
3.465102,4.677339,-0.199684,0.874038,-0.176889,0,0.10366,0.238156,-0.057885
3.47005,4.676343,-0.198081,0.874617,-0.175547,0,0.100047,0.236662,-0.061265
3.478801,4.674599,-0.195283,0.875586,-0.173194,0,0.093679,0.233866,-0.067269
3.487561,4.672879,-0.192532,0.876491,-0.170869,0,0.087404,0.231149,-0.073346
3.49633,4.671182,-0.189827,0.877334,-0.168571,0,0.081218,0.228511,-0.079494
3.505108,4.669507,-0.187165,0.878116,-0.166299,0,0.07512,0.225954,-0.085709
3.513892,4.667856,-0.184545,0.878837,-0.164052,0,0.069104,0.223477,-0.09199
3.522684,4.666226,-0.181966,0.879498,-0.161829,0,0.063168,0.221082,-0.098332
3.531482,4.664619,-0.179427,0.8801,-0.15963,0,0.057309,0.21877,-0.104735
3.540286,4.663034,-0.176923,0.880645,-0.157453,0,0.051523,0.216541,-0.111194
3.549095,4.66147,-0.174458,0.881131,-0.155299,0,0.045808,0.214398,-0.117708
3.557908,4.659928,-0.172026,0.881561,-0.153165,0,0.040159,0.21234,-0.124274
3.566726,4.658406,-0.169627,0.881934,-0.151051,0,0.034575,0.210371,-0.130888
3.575547,4.656906,-0.16726,0.882253,-0.148957,0,0.029051,0.20849,-0.137549
3.584371,4.655427,-0.164923,0.882516,-0.146881,0,0.023584,0.206699,-0.144254
3.593197,4.653969,-0.162615,0.882724,-0.144823,0,0.018173,0.205001,-0.150999
3.602025,4.652531,-0.160334,0.882879,-0.142781,0,0.012813,0.203395,-0.157783
3.610854,4.651113,-0.158079,0.882981,-0.140755,0,0.007503,0.201885,-0.164603
3.619684,4.649716,-0.155847,0.88303,-0.138743,0,0.002239,0.200471,-0.171456
3.628515,4.648338,-0.153639,0.883026,-0.136745,0,-0.002982,0.199155,-0.17834
3.637345,4.646981,-0.151453,0.88297,-0.13476,0,-0.008162,0.197938,-0.185251
3.646174,4.645643,-0.149285,0.882863,-0.132786,0,-0.013303,0.196822,-0.192187
3.655002,4.644325,-0.147136,0.882704,-0.130823,0,-0.018408,0.195809,-0.199146
3.663828,4.643026,-0.145003,0.882495,-0.128869,0,-0.023478,0.1949,-0.206125
3.672652,4.641748,-0.142886,0.882235,-0.126924,0,-0.028517,0.194096,-0.21312
3.681472,4.640488,-0.140783,0.881924,-0.124987,0,-0.033526,0.1934,-0.22013
3.69029,4.639248,-0.138692,0.881564,-0.123056,0,-0.038506,0.192811,-0.227152
3.699104,4.638027,-0.136611,0.881154,-0.12113,0,-0.043459,0.192333,-0.234181
3.707913,4.636825,-0.13454,0.880695,-0.119209,0,-0.048387,0.191965,-0.241217
3.716717,4.635643,-0.132476,0.880187,-0.117291,0,-0.053291,0.19171,-0.248256
3.725516,4.634479,-0.130418,0.879629,-0.115374,0,-0.058173,0.191567,-0.255294
3.73431,4.633335,-0.128364,0.879023,-0.113459,0,-0.063032,0.191539,-0.26233
3.743097,4.63221,-0.126313,0.878369,-0.111543,0,-0.06787,0.191626,-0.26936
3.751877,4.631104,-0.124263,0.877666,-0.109626,0,-0.072687,0.191829,-0.276381
3.76065,4.630018,-0.122212,0.876915,-0.107706,0,-0.077484,0.192148,-0.28339
3.769415,4.62895,-0.120159,0.876116,-0.105783,0,-0.082261,0.192585,-0.290384
3.778172,4.627902,-0.118101,0.87527,-0.103854,0,-0.087017,0.193139,-0.29736
3.78692,4.626873,-0.116039,0.874376,-0.10192,0,-0.091752,0.193812,-0.304315
3.795659,4.625864,-0.113969,0.873435,-0.099978,0,-0.096465,0.194602,-0.311245
3.804389,4.624874,-0.111889,0.872447,-0.098027,0,-0.101157,0.19551,-0.318147
3.813108,4.623903,-0.1098,0.871412,-0.096067,0,-0.105825,0.196536,-0.325017
3.821817,4.622952,-0.107697,0.87033,-0.094096,0,-0.110468,0.19768,-0.331854
3.830515,4.622021,-0.10558,0.869203,-0.092113,0,-0.115084,0.198941,-0.338652
3.839201,4.62111,-0.103447,0.868029,-0.090117,0,-0.119672,0.200317,-0.345408
3.847875,4.620219,-0.101296,0.866809,-0.088106,0,-0.12423,0.20181,-0.352119
3.856537,4.619348,-0.099126,0.865544,-0.08608,0,-0.128754,0.203416,-0.358781
3.865186,4.618497,-0.096935,0.864234,-0.084038,0,-0.133242,0.205135,-0.36539
3.873821,4.617667,-0.09472,0.86288,-0.081977,0,-0.137692,0.206966,-0.371943
3.882443,4.616858,-0.09248,0.861481,-0.079898,0,-0.142098,0.208906,-0.378436
3.891051,4.616069,-0.090214,0.860038,-0.077799,0,-0.146458,0.210953,-0.384864
3.899644,4.615302,-0.087919,0.858552,-0.075678,0,-0.150768,0.213105,-0.391224
3.908222,4.614556,-0.085594,0.857023,-0.073536,0,-0.155023,0.215361,-0.397512
3.916784,4.613831,-0.083238,0.855451,-0.071371,0,-0.159218,0.217715,-0.403723
3.925331,4.613129,-0.080848,0.853839,-0.069182,0,-0.163348,0.220167,-0.409853
3.933861,4.612448,-0.078422,0.852185,-0.066967,0,-0.167408,0.222712,-0.415898
3.942374,4.611789,-0.075959,0.850491,-0.064727,0,-0.171391,0.225346,-0.421853
3.950871,4.611153,-0.073458,0.848757,-0.06246,0,-0.175292,0.228066,-0.427713
3.959349,4.61054,-0.070915,0.846985,-0.060165,0,-0.179104,0.230868,-0.433475
3.96781,4.60995,-0.068331,0.845175,-0.057842,0,-0.182819,0.233746,-0.439133
3.976253,4.609383,-0.065704,0.843329,-0.05549,0,-0.186431,0.236697,-0.444683
3.984677,4.60884,-0.063031,0.841447,-0.053108,0,-0.18993,0.239714,-0.450119
3.993082,4.608321,-0.060313,0.839531,-0.050696,0,-0.19331,0.242792,-0.455437
4.001467,4.607827,-0.057545,0.837581,-0.048252,0,-0.196561,0.245926,-0.460631
4.009833,4.607356,-0.054729,0.8356,-0.045777,0,-0.199674,0.249108,-0.465696
4.018179,4.606911,-0.051862,0.833588,-0.04327,0,-0.20264,0.252333,-0.470627
4.026505,4.606491,-0.048942,0.831548,-0.04073,0,-0.205448,0.255593,-0.475419
4.03481,4.606097,-0.04597,0.82948,-0.038158,0,-0.208088,0.258881,-0.480065
4.043094,4.605728,-0.042944,0.827387,-0.035553,0,-0.210549,0.262189,-0.48456
4.051358,4.605386,-0.039862,0.82527,-0.032914,0,-0.21282,0.265509,-0.488898
4.0596,4.60507,-0.036725,0.823131,-0.030243,0,-0.214888,0.268832,-0.493074
4.06782,4.604781,-0.033531,0.820973,-0.027538,0,-0.216741,0.272149,-0.497081
4.076019,4.604519,-0.030279,0.818797,-0.0248,0,-0.218367,0.275452,-0.500913
4.084196,4.604285,-0.02697,0.816606,-0.022029,0,-0.219751,0.278729,-0.504563
4.092351,4.604079,-0.023602,0.814403,-0.019225,0,-0.220881,0.281971,-0.508026
4.100484,4.603901,-0.020176,0.812189,-0.016389,0,-0.221741,0.285167,-0.511294
4.108595,4.603751,-0.016693,0.809969,-0.013522,0,-0.222316,0.288306,-0.514362
4.116683,4.60363,-0.013151,0.807744,-0.010623,0,-0.222591,0.291376,-0.517221
4.12475,4.603539,-0.009553,0.805518,-0.007695,0,-0.22255,0.294365,-0.519866
4.132794,4.603477,-0.005896,0.803294,-0.004736,0,-0.222176,0.29726,-0.522288
4.140816,4.603444,-0.002185,0.801076,-0.00175,0,-0.221452,0.300049,-0.524481
4.148815,4.603442,0.001582,0.798866,0.001264,0,-0.220361,0.302717,-0.526438
4.156793,4.60347,0.005402,0.79667,0.004304,0,-0.218884,0.305251,-0.52815
4.164749,4.603528,0.009275,0.79449,0.007369,0,-0.217001,0.307635,-0.529611
4.172683,4.603617,0.013196,0.792331,0.010456,0,-0.214695,0.309855,-0.530811
4.180595,4.603737,0.017165,0.790198,0.013565,0,-0.211944,0.311895,-0.531744
4.188487,4.603888,0.021178,0.788094,0.016693,0,-0.208728,0.313739,-0.5324
4.196357,4.604071,0.025234,0.786025,0.019839,0,-0.205026,0.31537,-0.532772
4.204207,4.604285,0.029329,0.783995,0.023,0,-0.200815,0.316771,-0.532851
4.212037,4.604531,0.033458,0.78201,0.026174,0,-0.196073,0.317923,-0.532629
4.219848,4.604809,0.037617,0.780075,0.029358,0,-0.190777,0.318809,-0.532096
4.227639,4.605118,0.041802,0.778196,0.032549,0,-0.184904,0.319409,-0.531244
4.235412,4.60546,0.046008,0.776379,0.035745,0,-0.178428,0.319704,-0.530063
4.243167,4.605833,0.050229,0.77463,0.038942,0,-0.171324,0.319673,-0.528544
4.250905,4.606238,0.05446,0.772955,0.042137,0,-0.163568,0.319296,-0.526678
4.258626,4.606676,0.058695,0.771361,0.045327,0,-0.155131,0.318551,-0.524455
4.266332,4.607145,0.062925,0.769855,0.048507,0,-0.145988,0.317416,-0.521865
4.274024,4.607646,0.067144,0.768444,0.051674,0,-0.136109,0.315869,-0.518898
4.281702,4.608178,0.071343,0.767135,0.054823,0,-0.125468,0.313885,-0.515543
4.289367,4.608742,0.075515,0.765937,0.05795,0,-0.114034,0.311442,-0.511791
4.297021,4.609337,0.07965,0.764857,0.06105,0,-0.101777,0.308514,-0.50763
4.304664,4.609963,0.083738,0.763904,0.064118,0,-0.088667,0.305075,-0.503051
4.309217,4.610351,0.086151,0.763399,0.065931,0,-0.080431,0.302772,-0.500116
4.316847,4.611025,0.090145,0.762665,0.068937,0,-0.066569,0.298433,-0.494867
4.32447,4.61173,0.094066,0.762067,0.071897,0,-0.053141,0.293474,-0.489227
4.332089,4.612463,0.097907,0.761601,0.074805,0,-0.040142,0.287905,-0.483204
4.339703,4.613225,0.101654,0.761262,0.077653,0,-0.027569,0.281734,-0.476809
4.347314,4.614016,0.105301,0.761048,0.080437,0,-0.015417,0.274971,-0.470049
4.354924,4.614834,0.10884,0.760953,0.083151,0,-0.003681,0.267627,-0.462934
4.362534,4.615679,0.112261,0.760973,0.085788,0,0.007642,0.259712,-0.455473
4.370144,4.616549,0.115555,0.761104,0.088343,0,0.018558,0.251235,-0.447675
4.377756,4.617445,0.118717,0.761343,0.090811,0,0.029069,0.242209,-0.439549
4.385371,4.618365,0.121737,0.761684,0.093186,0,0.039182,0.232643,-0.431105
4.39299,4.619309,0.124609,0.762125,0.095462,0,0.048901,0.222549,-0.422351
4.400614,4.620274,0.127326,0.762661,0.097635,0,0.05823,0.21194,-0.413298
4.408244,4.621261,0.129882,0.763288,0.099699,0,0.067174,0.200826,-0.403955
4.41588,4.622268,0.132272,0.764003,0.10165,0,0.075738,0.18922,-0.394332
4.423524,4.623294,0.134489,0.764802,0.103482,0,0.083927,0.177136,-0.384439
4.431176,4.624337,0.136528,0.76568,0.105191,0,0.091745,0.164586,-0.374285
4.438838,4.625397,0.138383,0.766635,0.106772,0,0.099198,0.151584,-0.363881
4.446509,4.626472,0.140052,0.767663,0.108221,0,0.10629,0.138144,-0.353237
4.454191,4.627561,0.141528,0.76876,0.109533,0,0.113026,0.12428,-0.342362
4.461885,4.628662,0.142808,0.769923,0.110705,0,0.119412,0.110008,-0.331268
4.46959,4.629775,0.143889,0.771147,0.111732,0,0.125452,0.095343,-0.319965
4.477308,4.630896,0.144768,0.77243,0.112611,0,0.131152,0.080301,-0.308464
4.485039,4.632026,0.14544,0.773769,0.113337,0,0.136517,0.064899,-0.296775
4.492783,4.633163,0.145904,0.77516,0.113908,0,0.141553,0.049153,-0.28491
4.500542,4.634304,0.146155,0.776599,0.114319,0,0.146263,0.033082,-0.272879
4.508316,4.635448,0.146193,0.778084,0.114568,0,0.150654,0.016703,-0.260693
4.516104,4.636595,0.146016,0.779611,0.114652,0,0.154731,3.5e-05,-0.248364
4.523908,4.637741,0.145623,0.781177,0.114568,0,0.158499,-0.016902,-0.235904
4.531728,4.638885,0.14501,0.78278,0.114313,0,0.161964,-0.034088,-0.223324
4.539564,4.640027,0.144178,0.784416,0.113886,0,0.165131,-0.051503,-0.210636
4.547416,4.641163,0.143126,0.786082,0.113283,0,0.168006,-0.069124,-0.197852
4.555285,4.642292,0.141851,0.787775,0.112502,0,0.170593,-0.086931,-0.184983
4.563172,4.643412,0.140355,0.789493,0.111543,0,0.1729,-0.104901,-0.172043
4.571075,4.644522,0.138639,0.791232,0.110404,0,0.17493,-0.123009,-0.159043
4.578996,4.64562,0.136701,0.79299,0.109083,0,0.17669,-0.141232,-0.145997
4.586935,4.646703,0.134542,0.794765,0.107579,0,0.178185,-0.159544,-0.132917
4.594892,4.647771,0.132163,0.796553,0.105892,0,0.179422,-0.177921,-0.119815
4.602866,4.64882,0.129565,0.798353,0.104021,0,0.180404,-0.196335,-0.106706
4.610859,4.64985,0.126748,0.80016,0.101965,0,0.181139,-0.214759,-0.093603
4.618869,4.650859,0.123714,0.801974,0.099725,0,0.181632,-0.233165,-0.080518
4.626898,4.651844,0.120468,0.803792,0.097302,0,0.181888,-0.251524,-0.067466
4.634945,4.652804,0.117007,0.805611,0.094695,0,0.181914,-0.269806,-0.054461
4.643011,4.653737,0.113338,0.80743,0.091906,0,0.181714,-0.287981,-0.041516
4.651094,4.654642,0.109461,0.809245,0.088936,0,0.181296,-0.306016,-0.028647
4.659195,4.655516,0.105379,0.811055,0.085786,0,0.180664,-0.32388,-0.015867
4.667315,4.656357,0.101097,0.812858,0.082459,0,0.179824,-0.341538,-0.003191
4.675453,4.657164,0.096618,0.814651,0.078956,0,0.178782,-0.358957,0.009366
4.683608,4.657936,0.091947,0.816433,0.075281,0,0.177544,-0.376101,0.021788
4.691781,4.658669,0.087087,0.818201,0.071435,0,0.176116,-0.392933,0.034061
4.699972,4.659364,0.082043,0.819954,0.067423,0,0.174504,-0.409417,0.046169
4.70818,4.660017,0.076821,0.821691,0.063248,0,0.172712,-0.425514,0.058095
4.716406,4.660628,0.071428,0.823408,0.058915,0,0.170748,-0.441184,0.069825
4.724648,4.661195,0.065867,0.825105,0.054426,0,0.168617,-0.456388,0.081342
4.732908,4.661716,0.060147,0.82678,0.049788,0,0.166325,-0.471083,0.092629
4.741184,4.66219,0.054273,0.828431,0.045006,0,0.163877,-0.485227,0.10367
4.749476,4.662616,0.048256,0.830057,0.040086,0,0.16128,-0.498777,0.114447
4.757785,4.662992,0.042099,0.831656,0.035033,0,0.158539,-0.511687,0.124945
4.766109,4.663316,0.035814,0.833227,0.029854,0,0.15566,-0.523911,0.135144
4.774449,4.663588,0.029409,0.834769,0.024557,0,0.152649,-0.535403,0.145027
4.782805,4.663807,0.022894,0.83628,0.019149,0,0.149513,-0.546115,0.154578
4.791175,4.663971,0.016278,0.837759,0.013638,0,0.146255,-0.555996,0.163776
4.79956,4.664079,0.009571,0.839204,0.008032,0,0.142884,-0.564996,0.172605
4.807959,4.664131,0.002785,0.840616,0.002341,0,0.139403,-0.573063,0.181044
4.816372,4.664126,-0.004069,0.841992,-0.003426,0,0.13582,-0.580144,0.189076
4.824798,4.664062,-0.010977,0.843332,-0.009258,0,0.132139,-0.586185,0.196681
4.833238,4.663941,-0.01793,0.844635,-0.015146,0,0.128368,-0.59113,0.20384
4.841691,4.663759,-0.024912,0.845899,-0.021077,0,0.12451,-0.594922,0.210532
4.850156,4.663519,-0.031909,0.847125,-0.02704,0,0.120573,-0.597502,0.216738
4.858633,4.663219,-0.038908,0.84831,-0.033023,0,0.116562,-0.598811,0.222438
4.86378,4.663007,-0.043147,0.84901,-0.036655,0,0.114096,-0.598961,0.225639
4.872276,4.662611,-0.050119,0.85013,-0.042643,0,0.110018,-0.598578,0.230515
4.880782,4.662154,-0.057063,0.85121,-0.048625,0,0.105956,-0.597767,0.234917
4.8893,4.661638,-0.063975,0.852249,-0.054597,0,0.101908,-0.596534,0.238852
4.897827,4.661063,-0.070851,0.853248,-0.060555,0,0.097873,-0.594889,0.242326
4.906365,4.660427,-0.077686,0.854207,-0.066494,0,0.093848,-0.592839,0.245345
4.914911,4.659733,-0.084476,0.855125,-0.07241,0,0.089831,-0.590394,0.247918
4.923467,4.658979,-0.091218,0.856004,-0.0783,0,0.085821,-0.587563,0.25005
4.932031,4.658167,-0.097907,0.856842,-0.08416,0,0.081816,-0.584353,0.251751
4.940604,4.657296,-0.10454,0.85764,-0.089986,0,0.077814,-0.580775,0.253026
4.949184,4.656367,-0.111113,0.858398,-0.095774,0,0.073814,-0.576838,0.253883
4.957771,4.655381,-0.117625,0.859116,-0.101522,0,0.069814,-0.572552,0.254331
4.966366,4.654337,-0.124068,0.859794,-0.107224,0,0.065813,-0.567926,0.254378
4.974967,4.653236,-0.130444,0.860432,-0.112879,0,0.061809,-0.562969,0.254031
4.983575,4.65208,-0.136747,0.861031,-0.118483,0,0.057802,-0.557692,0.253299
4.992188,4.650867,-0.142975,0.861588,-0.124032,0,0.05379,-0.552106,0.25219
5.000806,4.649599,-0.149126,0.862106,-0.129524,0,0.049772,-0.546219,0.250713
5.00943,4.648277,-0.155196,0.862584,-0.134955,0,0.045747,-0.540043,0.248876
5.018058,4.6469,-0.161186,0.863021,-0.140324,0,0.041715,-0.533587,0.246688
5.02669,4.64547,-0.16709,0.863418,-0.145626,0,0.037673,-0.526863,0.244158
5.035326,4.643988,-0.172908,0.863775,-0.15086,0,0.033623,-0.51988,0.241295
5.043965,4.642453,-0.178638,0.864091,-0.156023,0,0.029562,-0.51265,0.238108
5.052608,4.640868,-0.184279,0.864366,-0.161112,0,0.025491,-0.505182,0.234607
5.061253,4.639231,-0.189829,0.8646,-0.166126,0,0.021408,-0.497489,0.2308
5.0699,4.637545,-0.195285,0.864794,-0.171061,0,0.017315,-0.48958,0.226697
5.078548,4.635811,-0.200648,0.864947,-0.175917,0,0.013209,-0.481467,0.222308
5.087198,4.634027,-0.205916,0.865058,-0.18069,0,0.009092,-0.47316,0.217643
5.095849,4.632197,-0.211087,0.865128,-0.185379,0,0.004963,-0.464671,0.21271
5.104501,4.63032,-0.216163,0.865157,-0.189983,0,0.000822,-0.45601,0.20752
5.113152,4.628398,-0.22114,0.865145,-0.194499,0,-0.003331,-0.447188,0.202083
5.121804,4.62643,-0.226019,0.865091,-0.198926,0,-0.007496,-0.438217,0.196409
5.130454,4.624419,-0.2308,0.864995,-0.203263,0,-0.011671,-0.429107,0.190507
5.139103,4.622365,-0.235482,0.864857,-0.207508,0,-0.015858,-0.419869,0.184388
5.147751,4.62027,-0.240064,0.864678,-0.21166,0,-0.020055,-0.410514,0.178062
5.156397,4.618133,-0.244547,0.864456,-0.215718,0,-0.024262,-0.401053,0.17154
5.16504,4.615956,-0.248931,0.864192,-0.219681,0,-0.028477,-0.391498,0.164831
5.17368,4.613739,-0.253214,0.863887,-0.223547,0,-0.032701,-0.381858,0.157946
5.182318,4.611485,-0.2574,0.863538,-0.227317,0,-0.036932,-0.372145,0.150895
5.190951,4.609193,-0.261486,0.863148,-0.23099,0,-0.041169,-0.362369,0.143689
5.19958,4.606865,-0.265474,0.862715,-0.234565,0,-0.045411,-0.352542,0.136339
5.208205,4.604502,-0.269363,0.86224,-0.238041,0,-0.049656,-0.342673,0.128855
5.216825,4.602105,-0.273155,0.861722,-0.241418,0,-0.053904,-0.332774,0.121247
5.225439,4.599674,-0.276849,0.861162,-0.244696,0,-0.058153,-0.322855,0.113526
5.234048,4.597211,-0.280448,0.860559,-0.247875,0,-0.062401,-0.312926,0.105704
5.242651,4.594717,-0.283951,0.859914,-0.250955,0,-0.066646,-0.302998,0.097789
5.251246,4.592193,-0.287359,0.859226,-0.253935,0,-0.070887,-0.29308,0.089794
5.259835,4.589639,-0.290674,0.858496,-0.256816,0,-0.075121,-0.283183,0.081729
5.268416,4.587057,-0.293896,0.857723,-0.259599,0,-0.079346,-0.273317,0.073605
5.276989,4.584447,-0.297026,0.856909,-0.262283,0,-0.083561,-0.263491,0.065432
5.285554,4.581811,-0.300065,0.856052,-0.264869,0,-0.087763,-0.253716,0.057222
5.29411,4.57915,-0.303014,0.855154,-0.267357,0,-0.091949,-0.244,0.048984
5.302657,4.576464,-0.305876,0.854213,-0.269749,0,-0.096116,-0.234354,0.040731
5.311194,4.573755,-0.308651,0.853231,-0.272045,0,-0.100263,-0.224786,0.032471
5.319722,4.571024,-0.31134,0.852208,-0.274245,0,-0.104386,-0.215305,0.024218
5.328238,4.568271,-0.313944,0.851144,-0.276351,0,-0.108482,-0.205921,0.01598
5.336744,4.565497,-0.316466,0.850039,-0.278364,0,-0.112548,-0.196642,0.007769
5.345239,4.562704,-0.318906,0.848893,-0.280284,0,-0.116581,-0.187476,-0.000404
5.353722,4.559892,-0.321267,0.847707,-0.282114,0,-0.120577,-0.178432,-0.008529
5.362193,4.557062,-0.323549,0.846482,-0.283853,0,-0.124534,-0.169518,-0.016595
5.370651,4.554215,-0.325755,0.845217,-0.285505,0,-0.128446,-0.160742,-0.024592
5.379097,4.551352,-0.327886,0.843913,-0.287069,0,-0.132311,-0.152112,-0.032508
5.38753,4.548474,-0.329942,0.842571,-0.288547,0,-0.136124,-0.143634,-0.040334
5.395948,4.545581,-0.331928,0.841191,-0.289942,0,-0.139882,-0.135316,-0.048058
5.404353,4.542675,-0.333843,0.839773,-0.291254,0,-0.14358,-0.127166,-0.055671
5.412744,4.539757,-0.335691,0.838319,-0.292486,0,-0.147214,-0.119189,-0.063161
5.42112,4.536826,-0.337472,0.836829,-0.293639,0,-0.15078,-0.111392,-0.070519
5.42948,4.533884,-0.339187,0.835304,-0.294714,0,-0.154272,-0.103782,-0.077734
5.437826,4.530932,-0.340841,0.833744,-0.295715,0,-0.157686,-0.096364,-0.084795
5.446155,4.52797,-0.342433,0.83215,-0.296642,0,-0.161017,-0.089144,-0.091694
5.454468,4.524999,-0.343966,0.830524,-0.297498,0,-0.164259,-0.082127,-0.098418
5.462765,4.52202,-0.345442,0.828865,-0.298285,0,-0.167409,-0.075319,-0.104959
5.471046,4.519034,-0.346863,0.827176,-0.299006,0,-0.17046,-0.068723,-0.111307
5.479309,4.51604,-0.34823,0.825457,-0.299661,0,-0.173407,-0.062345,-0.117451
5.487555,4.513041,-0.349546,0.823708,-0.300253,0,-0.176243,-0.056188,-0.123381
5.495783,4.510035,-0.350812,0.821932,-0.300785,0,-0.178964,-0.050257,-0.129089
5.503993,4.507025,-0.35203,0.820129,-0.301259,0,-0.181563,-0.044554,-0.134563
5.512185,4.504011,-0.353203,0.818301,-0.301677,0,-0.184035,-0.039083,-0.139796
5.520359,4.500992,-0.354332,0.816449,-0.302042,0,-0.186372,-0.033847,-0.144776
5.528514,4.49797,-0.355419,0.814574,-0.302355,0,-0.188568,-0.028847,-0.149495
5.536651,4.494945,-0.356465,0.812678,-0.302619,0,-0.190617,-0.024086,-0.153944
5.544768,4.491918,-0.357473,0.810763,-0.302837,0,-0.192512,-0.019566,-0.158113
5.552866,4.488888,-0.358446,0.808829,-0.303011,0,-0.194246,-0.015287,-0.161994
5.560944,4.485858,-0.359384,0.806878,-0.303144,0,-0.195811,-0.011252,-0.165577
5.569003,4.482826,-0.360289,0.804913,-0.303237,0,-0.197201,-0.007459,-0.168853
5.577043,4.479793,-0.361163,0.802935,-0.303294,0,-0.198408,-0.003909,-0.171815
5.585062,4.47676,-0.362009,0.800945,-0.303316,0,-0.199424,-0.000602,-0.174452
5.593061,4.473727,-0.362827,0.798947,-0.303307,0,-0.200242,0.002463,-0.176758
5.601041,4.470694,-0.363619,0.796941,-0.303268,0,-0.200854,0.005287,-0.178723
5.609,4.467661,-0.364387,0.794931,-0.303202,0,-0.201251,0.007872,-0.18034
5.616939,4.46463,-0.365132,0.792917,-0.303111,0,-0.201426,0.01022,-0.181601
5.624859,4.461599,-0.365856,0.790903,-0.302998,0,-0.201369,0.012333,-0.182496
5.632757,4.45857,-0.366562,0.78889,-0.302865,0,-0.201072,0.014215,-0.18302
5.640636,4.455542,-0.367249,0.786882,-0.302715,0,-0.200526,0.015869,-0.183164
5.648495,4.452516,-0.367919,0.784881,-0.302549,0,-0.199723,0.017298,-0.182921
5.656334,4.449491,-0.368573,0.782889,-0.302369,0,-0.198652,0.018508,-0.182284
5.664153,4.446468,-0.369213,0.780909,-0.302179,0,-0.197306,0.019503,-0.181246
5.671952,4.443448,-0.36984,0.778943,-0.30198,0,-0.195673,0.020289,-0.179799
5.679732,4.440429,-0.370454,0.776996,-0.301774,0,-0.193744,0.020871,-0.177936
5.687492,4.437412,-0.371056,0.77507,-0.301563,0,-0.191511,0.021256,-0.175653
5.695233,4.434398,-0.371648,0.773167,-0.30135,0,-0.188961,0.02145,-0.172941
5.702956,4.431385,-0.372229,0.771291,-0.301135,0,-0.186085,0.021462,-0.169795
5.710659,4.428375,-0.3728,0.769446,-0.300921,0,-0.182873,0.021299,-0.166209
5.718345,4.425367,-0.373361,0.767635,-0.300709,0,-0.179314,0.02097,-0.162177
5.726012,4.422361,-0.373913,0.765861,-0.300502,0,-0.175397,0.020484,-0.157693
5.733662,4.419357,-0.374455,0.764128,-0.3003,0,-0.171111,0.019851,-0.152752
5.741295,4.416355,-0.374987,0.76244,-0.300105,0,-0.166445,0.01908,-0.147349
5.748911,4.413354,-0.375509,0.760801,-0.299919,0,-0.161386,0.018183,-0.141478
5.756511,4.410356,-0.376021,0.759214,-0.299742,0,-0.155925,0.01717,-0.135136
5.764095,4.40736,-0.376521,0.757684,-0.299576,0,-0.150048,0.016055,-0.128316
5.771665,4.404365,-0.377008,0.756214,-0.299421,0,-0.143744,0.014849,-0.121016
5.77922,4.401371,-0.377482,0.75481,-0.299279,0,-0.137001,0.013565,-0.11323
5.786761,4.398379,-0.37794,0.753476,-0.29915,0,-0.129806,0.012218,-0.104955
5.79429,4.395388,-0.378383,0.752216,-0.299035,0,-0.122146,0.010822,-0.096187
5.801806,4.392398,-0.378806,0.751035,-0.298934,0,-0.114009,0.009391,-0.086922
5.809311,4.389409,-0.379209,0.749937,-0.298847,0,-0.105382,0.007942,-0.077158
5.816805,4.386421,-0.379589,0.748929,-0.298775,0,-0.096251,0.00649,-0.066892
5.82429,4.383434,-0.379943,0.748014,-0.298717,0,-0.086603,0.005053,-0.056119
5.831766,4.380447,-0.38027,0.747198,-0.298674,0,-0.076425,0.003648,-0.044839
5.839234,4.37746,-0.380563,0.746487,-0.298644,0,-0.065702,0.002294,-0.033049
5.846696,4.374474,-0.380823,0.745886,-0.298628,0,-0.05442,0.001009,-0.020747
5.854152,4.371488,-0.381042,0.745401,-0.298624,0,-0.042565,-0.000187,-0.007931
5.861604,4.368501,-0.381219,0.745037,-0.298631,0,-0.030123,-0.001274,0.0054
5.869053,4.365515,-0.38135,0.7448,-0.298649,0,-0.017079,-0.00223,0.019249
5.870988,4.364739,-0.381375,0.74476,-0.298655,0,-0.013591,-0.002455,0.02293
5.878435,4.361753,-0.381441,0.744691,-0.298684,0,-0.000474,-0.003469,0.037091
5.885882,4.358766,-0.381462,0.744748,-0.298725,0,0.011857,-0.004819,0.051087
5.89333,4.355778,-0.381446,0.744925,-0.298782,0,0.02341,-0.006498,0.064915
5.900781,4.35279,-0.381398,0.745214,-0.298857,0,0.034189,-0.008498,0.078571
5.908235,4.349801,-0.381327,0.745607,-0.298953,0,0.044202,-0.010811,0.09205
5.915693,4.346811,-0.381241,0.746095,-0.299074,0,0.053455,-0.013431,0.105347
5.923157,4.343819,-0.381144,0.746673,-0.299222,0,0.061953,-0.016351,0.118459
5.930627,4.340826,-0.381047,0.747332,-0.299402,0,0.069705,-0.019562,0.131382
5.938104,4.337831,-0.380955,0.748065,-0.299615,0,0.076715,-0.023059,0.14411
5.945589,4.334834,-0.380873,0.748864,-0.299864,0,0.082993,-0.026833,0.15664
5.953081,4.331834,-0.380809,0.749722,-0.300152,0,0.088545,-0.030879,0.168967
5.960583,4.328831,-0.38077,0.750632,-0.300482,0,0.093377,-0.035188,0.181087
5.968094,4.325824,-0.380761,0.751587,-0.300857,0,0.097499,-0.039754,0.192997
5.975615,4.322813,-0.380788,0.75258,-0.301278,0,0.100918,-0.044571,0.204691
5.983146,4.319798,-0.380858,0.753603,-0.301749,0,0.103641,-0.04963,0.216166
5.990687,4.316778,-0.380976,0.754651,-0.302272,0,0.105679,-0.054926,0.227418
5.998239,4.313753,-0.381147,0.755715,-0.302848,0,0.107038,-0.060451,0.238443
6.005802,4.310721,-0.381378,0.756789,-0.303481,0,0.107728,-0.066198,0.249236
6.013375,4.307683,-0.381673,0.757867,-0.304173,0,0.107759,-0.07216,0.259795
6.020959,4.304637,-0.382037,0.758942,-0.304925,0,0.10714,-0.07833,0.270115
6.028554,4.301584,-0.382475,0.760008,-0.30574,0,0.10588,-0.084702,0.280192
6.036159,4.298522,-0.382992,0.761058,-0.30662,0,0.103991,-0.091268,0.290024
6.043775,4.295451,-0.383593,0.762085,-0.307566,0,0.101482,-0.098021,0.299606
6.051401,4.292371,-0.384282,0.763085,-0.308581,0,0.098366,-0.104954,0.308935
6.059036,4.28928,-0.385063,0.764051,-0.309666,0,0.094652,-0.11206,0.318009
6.066681,4.286177,-0.38594,0.764976,-0.310823,0,0.090352,-0.119331,0.326822
6.074336,4.283063,-0.386918,0.765856,-0.312053,0,0.08548,-0.126761,0.335374
6.081998,4.279936,-0.388,0.766684,-0.313358,0,0.080047,-0.134341,0.34366
6.089669,4.276795,-0.38919,0.767455,-0.31474,0,0.074066,-0.142065,0.351678
6.097347,4.273641,-0.390493,0.768164,-0.3162,0,0.067551,-0.149925,0.359426
6.105032,4.270471,-0.391911,0.768804,-0.317739,0,0.060515,-0.157914,0.3669
6.112723,4.267286,-0.393447,0.769372,-0.319359,0,0.052973,-0.166023,0.374099
6.120419,4.264084,-0.395106,0.769862,-0.32106,0,0.04494,-0.174245,0.38102
6.12812,4.260864,-0.396889,0.770269,-0.322844,0,0.03643,-0.182572,0.387661
6.135824,4.257627,-0.398802,0.770589,-0.324712,0,0.02746,-0.190996,0.39402
6.143532,4.25437,-0.400845,0.770817,-0.326664,0,0.018046,-0.19951,0.400096
6.15124,4.251093,-0.403022,0.770949,-0.328702,0,0.008203,-0.208103,0.405887
6.15895,4.247795,-0.405338,0.77098,-0.330827,0,-0.002049,-0.21677,0.411391
6.16666,4.244476,-0.407792,0.770906,-0.333038,0,-0.012694,-0.2255,0.416608
6.174368,4.241134,-0.410388,0.770725,-0.335337,0,-0.023712,-0.234285,0.421537
6.182074,4.237769,-0.41313,0.770431,-0.337724,0,-0.035086,-0.243117,0.426177
6.189776,4.23438,-0.416017,0.770022,-0.340199,0,-0.046795,-0.251987,0.430527
6.197474,4.230965,-0.419056,0.769494,-0.342764,0,-0.05882,-0.260885,0.434586
6.205166,4.227524,-0.422245,0.768845,-0.345417,0,-0.071139,-0.269803,0.438356
6.21285,4.224056,-0.425588,0.76807,-0.34816,0,-0.083732,-0.278731,0.441836
6.220527,4.220561,-0.429087,0.767169,-0.350992,0,-0.096575,-0.287659,0.445026
6.228193,4.217036,-0.432742,0.766138,-0.353913,0,-0.109648,-0.296577,0.447927
6.235849,4.213482,-0.436557,0.764975,-0.356923,0,-0.122925,-0.305477,0.450539
6.243492,4.209897,-0.440532,0.763679,-0.360022,0,-0.136384,-0.314347,0.452865
6.251122,4.206281,-0.444671,0.762247,-0.36321,0,-0.15,-0.323178,0.454904
6.258737,4.202633,-0.448972,0.760679,-0.366486,0,-0.163746,-0.331958,0.456659
6.266335,4.198951,-0.453438,0.758972,-0.369849,0,-0.177599,-0.340677,0.458132
6.273916,4.195236,-0.45807,0.757126,-0.373299,0,-0.191529,-0.349325,0.459325
6.281477,4.191485,-0.462868,0.755141,-0.376835,0,-0.205511,-0.357889,0.46024
6.289018,4.187699,-0.467834,0.753016,-0.380457,0,-0.219516,-0.36636,0.46088
6.296537,4.183876,-0.472967,0.750751,-0.384162,0,-0.233514,-0.374724,0.461247
6.304033,4.180015,-0.478268,0.748346,-0.387951,0,-0.247476,-0.382971,0.461346
6.311504,4.176116,-0.483736,0.745802,-0.391821,0,-0.261372,-0.391087,0.461179
6.318948,4.172178,-0.489372,0.743119,-0.395772,0,-0.27517,-0.399062,0.460752
6.326366,4.168201,-0.495176,0.740299,-0.399802,0,-0.288839,-0.406881,0.460067
6.333754,4.164182,-0.501145,0.737343,-0.403909,0,-0.302344,-0.414533,0.45913
6.341112,4.160122,-0.50728,0.734252,-0.408092,0,-0.315652,-0.422005,0.457944
6.348438,4.15602,-0.513577,0.73103,-0.412348,0,-0.32873,-0.429282,0.456517
6.355732,4.151875,-0.520037,0.727679,-0.416677,0,-0.34154,-0.436351,0.454853
6.362992,4.147686,-0.526657,0.7242,-0.421075,0,-0.354048,-0.443199,0.452957
6.370216,4.143453,-0.533432,0.720599,-0.42554,0,-0.366215,-0.44981,0.450837
6.377403,4.139175,-0.540362,0.716877,-0.43007,0,-0.378003,-0.456171,0.448499
6.384553,4.134852,-0.547441,0.71304,-0.434662,0,-0.389375,-0.462266,0.445949
6.391664,4.130482,-0.554667,0.709091,-0.439314,0,-0.400289,-0.468081,0.443196
6.398734,4.126065,-0.562035,0.705036,-0.444023,0,-0.410704,-0.4736,0.440246
6.405764,4.121601,-0.569538,0.700879,-0.448785,0,-0.42058,-0.478808,0.437108
6.412752,4.117089,-0.577173,0.696626,-0.453598,0,-0.429873,-0.483687,0.433791
6.419696,4.112529,-0.584932,0.692284,-0.458458,0,-0.43854,-0.488222,0.430303
6.426597,4.10792,-0.592807,0.687858,-0.463361,0,-0.446535,-0.492396,0.426654
6.433453,4.103262,-0.600794,0.683355,-0.468305,0,-0.453814,-0.496192,0.422852
6.440264,4.098554,-0.60888,0.678784,-0.473284,0,-0.460329,-0.499592,0.41891
6.447029,4.093796,-0.617058,0.674152,-0.478295,0,-0.466034,-0.502578,0.414835
6.453747,4.088988,-0.625319,0.669466,-0.483334,0,-0.470878,-0.505133,0.410641
6.460418,4.084129,-0.63365,0.664737,-0.488396,0,-0.474813,-0.507238,0.406338
6.467041,4.07922,-0.642042,0.659973,-0.493477,0,-0.477788,-0.508874,0.401937
6.473617,4.074259,-0.650481,0.655185,-0.498572,0,-0.47975,-0.510021,0.397452
6.480145,4.069248,-0.658955,0.650382,-0.503676,0,-0.480647,-0.51066,0.392894
6.486625,4.064186,-0.667449,0.645575,-0.508784,0,-0.480425,-0.510771,0.388278
6.493057,4.059073,-0.675947,0.640777,-0.51389,0,-0.479029,-0.510333,0.383615
6.49944,4.053908,-0.684433,0.635999,-0.518988,0,-0.476402,-0.509326,0.378922
6.505777,4.048693,-0.692894,0.631253,-0.524074,0,-0.472488,-0.507728,0.374211
6.512066,4.043427,-0.701307,0.626554,-0.529141,0,-0.467227,-0.505517,0.369498
6.518308,4.03811,-0.709657,0.621914,-0.534182,0,-0.46056,-0.502672,0.364799
6.522612,4.034392,-0.715403,0.618737,-0.537662,0,-0.455076,-0.500313,0.361555
6.528777,4.02899,-0.723601,0.614229,-0.542646,0,-0.446464,-0.496323,0.356972
6.534897,4.023539,-0.731689,0.609809,-0.547586,0,-0.43748,-0.491625,0.352547
6.540973,4.018039,-0.739656,0.60548,-0.552476,0,-0.428135,-0.486233,0.34828
6.547007,4.01249,-0.747492,0.601247,-0.557309,0,-0.418438,-0.480162,0.344172
6.552999,4.006893,-0.755183,0.597113,-0.562077,0,-0.408399,-0.473425,0.34022
6.558949,4.001248,-0.762722,0.59308,-0.566775,0,-0.398029,-0.466038,0.336426
6.56486,3.995557,-0.770099,0.589153,-0.571396,0,-0.387338,-0.458015,0.332789
6.570733,3.989821,-0.777303,0.585334,-0.575933,0,-0.376335,-0.449371,0.329309
6.576568,3.984039,-0.784326,0.581627,-0.580381,0,-0.365032,-0.44012,0.325985
6.582366,3.978213,-0.791159,0.578035,-0.584734,0,-0.353439,-0.430279,0.322817
6.588129,3.972345,-0.797795,0.57456,-0.588985,0,-0.341566,-0.41986,0.319805
6.593857,3.966434,-0.804226,0.571204,-0.593129,0,-0.329424,-0.408881,0.316949
6.599553,3.960482,-0.810445,0.567972,-0.597161,0,-0.317024,-0.397356,0.314248
6.605217,3.954491,-0.816444,0.564865,-0.601074,0,-0.304377,-0.385301,0.311702
6.610851,3.948461,-0.822219,0.561885,-0.604865,0,-0.291492,-0.372731,0.309311
6.616455,3.942394,-0.827761,0.559036,-0.608527,0,-0.278383,-0.359663,0.307075
6.622032,3.936291,-0.833068,0.556318,-0.612057,0,-0.265058,-0.346111,0.304992
6.627582,3.930154,-0.838132,0.553735,-0.615448,0,-0.25153,-0.332093,0.303063
6.633107,3.923983,-0.84295,0.551288,-0.618697,0,-0.23781,-0.317624,0.301287
6.638608,3.91778,-0.847515,0.54898,-0.621799,0,-0.223909,-0.302721,0.299663
6.644087,3.911547,-0.851826,0.546811,-0.62475,0,-0.209839,-0.287399,0.298192
6.649545,3.905286,-0.855878,0.544783,-0.627546,0,-0.195611,-0.271677,0.296871
6.654983,3.898997,-0.859666,0.542899,-0.630182,0,-0.181236,-0.255571,0.2957
6.660404,3.892683,-0.863189,0.541159,-0.632656,0,-0.166728,-0.239097,0.294679
6.665807,3.886344,-0.866443,0.539565,-0.634963,0,-0.152096,-0.222273,0.293807
6.671195,3.879984,-0.869425,0.538117,-0.6371,0,-0.137354,-0.205117,0.293082
6.67657,3.873603,-0.872133,0.536818,-0.639064,0,-0.122513,-0.187645,0.292503
6.681932,3.867203,-0.874565,0.535667,-0.640852,0,-0.107586,-0.169876,0.29207
6.687284,3.860786,-0.876717,0.534667,-0.642461,0,-0.092584,-0.151828,0.29178
6.692626,3.854355,-0.878591,0.533816,-0.643888,0,-0.077521,-0.133519,0.291632
6.697961,3.847909,-0.880182,0.533116,-0.64513,0,-0.062409,-0.114966,0.291625
6.703289,3.841453,-0.88149,0.532568,-0.646186,0,-0.04726,-0.096189,0.291758
6.708612,3.834986,-0.882514,0.532171,-0.647054,0,-0.032088,-0.077207,0.292027
6.713933,3.828512,-0.883252,0.531926,-0.64773,0,-0.016905,-0.058038,0.292431
6.719251,3.822032,-0.883704,0.531833,-0.648214,0,-0.001724,-0.038701,0.292969
6.72457,3.815549,-0.883868,0.531892,-0.648503,0,0.013442,-0.019217,0.293637
6.72989,3.809063,-0.883747,0.532102,-0.648598,0,0.028578,0.000396,0.294433
6.735212,3.802577,-0.883336,0.532463,-0.648495,0,0.043673,0.020118,0.295356
6.74054,3.796094,-0.882638,0.532975,-0.648195,0,0.058712,0.039929,0.296401
6.745872,3.789614,-0.881651,0.533637,-0.647696,0,0.073681,0.059808,0.297565
6.751213,3.78314,-0.880377,0.534448,-0.646999,0,0.088568,0.079734,0.298847
6.756562,3.776675,-0.878814,0.535408,-0.646102,0,0.103357,0.099688,0.300242
6.761921,3.770219,-0.876964,0.536515,-0.645005,0,0.118034,0.119647,0.301748
6.767293,3.763775,-0.874827,0.537768,-0.643709,0,0.132587,0.139592,0.303359
6.772677,3.757345,-0.872404,0.539166,-0.642213,0,0.146999,0.159499,0.305073
6.778077,3.750932,-0.869696,0.540708,-0.640519,0,0.161256,0.179348,0.306885
6.783492,3.744536,-0.866703,0.542391,-0.638626,0,0.175344,0.199116,0.308792
6.788925,3.73816,-0.863429,0.544214,-0.636537,0,0.189248,0.218781,0.310787
6.794377,3.731806,-0.859874,0.546175,-0.634251,0,0.202952,0.238321,0.312867
6.799849,3.725475,-0.85604,0.548272,-0.631771,0,0.216443,0.257713,0.315027
6.805343,3.719171,-0.851928,0.550503,-0.629098,0,0.229703,0.276933,0.317261
6.810859,3.712894,-0.847541,0.552866,-0.626233,0,0.242718,0.295958,0.319564
6.8164,3.706647,-0.842882,0.555357,-0.623179,0,0.255472,0.314765,0.32193
6.821967,3.700431,-0.837955,0.557974,-0.619938,0,0.26795,0.333329,0.324353
6.82756,3.694249,-0.832761,0.560715,-0.616513,0,0.280134,0.351626,0.326827
6.833182,3.688101,-0.827305,0.563576,-0.612907,0,0.29201,0.369632,0.329345
6.838832,3.681991,-0.82159,0.566554,-0.609122,0,0.30356,0.387322,0.331901
6.844513,3.67592,-0.81562,0.569646,-0.605162,0,0.314769,0.40467,0.334487
6.850225,3.669888,-0.809401,0.572848,-0.60103,0,0.325619,0.421652,0.337096
6.85597,3.6639,-0.802937,0.576157,-0.59673,0,0.336093,0.438241,0.33972
6.861749,3.657954,-0.796233,0.579569,-0.592266,0,0.346175,0.454411,0.342352
6.867562,3.652055,-0.789297,0.583079,-0.587643,0,0.355848,0.470136,0.344984
6.873411,3.646202,-0.782133,0.586684,-0.582865,0,0.365093,0.48539,0.347605
6.879296,3.640398,-0.774748,0.59038,-0.577937,0,0.373894,0.500145,0.350209
6.885219,3.634644,-0.767151,0.594161,-0.572864,0,0.382232,0.514373,0.352785
6.891179,3.628941,-0.759349,0.598023,-0.567651,0,0.39009,0.528047,0.355324
6.897179,3.623291,-0.75135,0.601961,-0.562305,0,0.397449,0.54114,0.357816
6.903219,3.617695,-0.743164,0.60597,-0.556831,0,0.404292,0.553622,0.360251
6.909299,3.612155,-0.734799,0.610045,-0.551235,0,0.410598,0.565464,0.362619
6.91542,3.606671,-0.726266,0.61418,-0.545524,0,0.416351,0.576639,0.364908
6.921583,3.601245,-0.717574,0.61837,-0.539704,0,0.42153,0.587116,0.367108
6.927788,3.595877,-0.708737,0.622609,-0.533784,0,0.426117,0.596865,0.369206
6.934035,3.59057,-0.699764,0.62689,-0.527769,0,0.430092,0.605857,0.371191
6.940326,3.585322,-0.690669,0.631208,-0.521669,0,0.433436,0.61406,0.37305
6.946659,3.580136,-0.681464,0.635557,-0.515491,0,0.436128,0.621445,0.374771
6.953037,3.575013,-0.672163,0.639929,-0.509243,0,0.43815,0.627979,0.37634
6.959458,3.569952,-0.66278,0.644317,-0.502934,0,0.43948,0.633631,0.377745
6.965923,3.564954,-0.65333,0.648716,-0.496574,0,0.440099,0.638369,0.37897
6.972432,3.56002,-0.643827,0.653117,-0.49017,0,0.439985,0.642161,0.380003
6.978985,3.555151,-0.634288,0.657513,-0.483734,0,0.439118,0.644973,0.380828
6.985582,3.550346,-0.624727,0.661897,-0.477274,0,0.437477,0.646773,0.38143
6.992223,3.545605,-0.615164,0.66626,-0.470802,0,0.435041,0.647527,0.381793
6.998908,3.54093,-0.605614,0.670595,-0.464327,0,0.431787,0.647201,0.381903
7.000861,3.539581,-0.60284,0.67185,-0.462444,0,0.430684,0.646899,0.381884
7.007601,3.534989,-0.593333,0.676136,-0.455982,0,0.426587,0.645321,0.381468
7.014384,3.530462,-0.583874,0.68038,-0.44954,0,0.422133,0.643005,0.380434
7.021208,3.525998,-0.574472,0.684578,-0.443125,0,0.417336,0.63997,0.378794
7.028075,3.521599,-0.565139,0.688726,-0.436743,0,0.412208,0.636234,0.37656
7.034983,3.517263,-0.555885,0.692821,-0.430402,0,0.406764,0.631816,0.373742
7.041931,3.512991,-0.546719,0.69686,-0.424109,0,0.401015,0.626734,0.370353
7.04892,3.508781,-0.537651,0.70084,-0.41787,0,0.394976,0.62101,0.366404
7.055948,3.504633,-0.52869,0.704759,-0.411691,0,0.388661,0.614661,0.361906
7.063015,3.500547,-0.519844,0.708613,-0.405578,0,0.382082,0.607707,0.35687
7.07012,3.496521,-0.511124,0.7124,-0.399539,0,0.375255,0.60017,0.351308
7.077262,3.492556,-0.502535,0.716117,-0.393577,0,0.368194,0.59207,0.345229
7.084442,3.48865,-0.494086,0.719763,-0.387699,0,0.360911,0.583426,0.338646
7.091657,3.484802,-0.485784,0.723335,-0.38191,0,0.353423,0.574262,0.331569
7.098908,3.481011,-0.477636,0.726831,-0.376215,0,0.345744,0.564597,0.324008
7.106194,3.477277,-0.46965,0.730249,-0.37062,0,0.337887,0.554454,0.315973
7.113513,3.473598,-0.461829,0.733588,-0.365128,0,0.329869,0.543856,0.307476
7.120865,3.469974,-0.45418,0.736846,-0.359744,0,0.321705,0.532825,0.298525
7.12825,3.466403,-0.44671,0.740021,-0.354473,0,0.313409,0.521383,0.289131
7.135665,3.462884,-0.439421,0.743114,-0.349318,0,0.304997,0.509556,0.279305
7.143112,3.459416,-0.432319,0.746121,-0.344283,0,0.296486,0.497366,0.269054
7.150588,3.455998,-0.425407,0.749043,-0.339372,0,0.28789,0.484838,0.258389
7.158092,3.452628,-0.418689,0.751879,-0.334587,0,0.279226,0.471997,0.247318
7.165625,3.449306,-0.41217,0.754627,-0.329933,0,0.270511,0.458868,0.235852
7.173185,3.446029,-0.405849,0.757289,-0.325411,0,0.26176,0.445478,0.223998
7.18077,3.442797,-0.399731,0.759863,-0.321024,0,0.252991,0.431851,0.211766
7.188381,3.439608,-0.393817,0.762349,-0.316774,0,0.244221,0.418016,0.199163
7.196017,3.436461,-0.388109,0.764747,-0.312664,0,0.235467,0.404,0.186198
7.203676,3.433355,-0.382608,0.767058,-0.308695,0,0.226746,0.38983,0.172879
7.211358,3.430287,-0.377314,0.769282,-0.304868,0,0.218076,0.375536,0.159214
7.219062,3.427257,-0.372228,0.77142,-0.301184,0,0.209476,0.361145,0.14521
7.226786,3.424263,-0.367349,0.773472,-0.297645,0,0.200962,0.346688,0.130874
7.234531,3.421303,-0.362678,0.775439,-0.294251,0,0.192555,0.332195,0.116213
7.242295,3.418377,-0.358212,0.777323,-0.291001,0,0.184272,0.317697,0.101235
7.250077,3.415483,-0.353952,0.779125,-0.287897,0,0.176133,0.303224,0.085945
7.257877,3.412619,-0.349893,0.780847,-0.284937,0,0.168156,0.28881,0.07035
7.265694,3.409784,-0.346035,0.782489,-0.28212,0,0.160363,0.274487,0.054456
7.273526,3.406976,-0.342376,0.784055,-0.279447,0,0.152771,0.260288,0.038269
7.281374,3.404194,-0.338911,0.785545,-0.276914,0,0.145403,0.246247,0.021794
7.289237,3.401437,-0.335637,0.786963,-0.274521,0,0.138277,0.232399,0.005035
7.297113,3.398703,-0.332551,0.788312,-0.272265,0,0.131415,0.218779,-0.012001
7.305003,3.395991,-0.329647,0.789593,-0.270144,0,0.124838,0.205424,-0.029311
7.312905,3.3933,-0.326923,0.790809,-0.268156,0,0.118567,0.192369,-0.04689
7.320819,3.390628,-0.324371,0.791965,-0.266296,0,0.112625,0.179654,-0.064735
7.328744,3.387974,-0.321985,0.793063,-0.264561,0,0.107032,0.167316,-0.082841
7.33668,3.385336,-0.319761,0.794107,-0.262948,0,0.101812,0.155394,-0.101206
7.344626,3.382714,-0.317691,0.795101,-0.261452,0,0.096987,0.143928,-0.119827
7.352582,3.380107,-0.315768,0.796048,-0.260068,0,0.09258,0.132959,-0.138701
7.360547,3.377513,-0.313983,0.796954,-0.258791,0,0.088615,0.122527,-0.157825
7.368521,3.374931,-0.312331,0.797822,-0.257616,0,0.085115,0.112676,-0.177198
7.376503,3.37236,-0.310798,0.798658,-0.256535,0,0.082105,0.103449,-0.196819
7.384494,3.3698,-0.309379,0.799466,-0.255544,0,0.079608,0.094888,-0.216685
7.392493,3.367249,-0.308063,0.800252,-0.254635,0,0.077649,0.08704,-0.236797
7.400499,3.364707,-0.30684,0.801021,-0.253801,0,0.076255,0.079949,-0.257154
7.408513,3.362173,-0.305698,0.801779,-0.253034,0,0.07545,0.073662,-0.277755
7.416368,3.359698,-0.304647,0.802516,-0.252339,0,0.075258,0.068331,-0.298166
7.424397,3.357178,-0.303631,0.803269,-0.25168,0,0.075371,0.063493,-0.318727
7.432433,3.354665,-0.30267,0.804023,-0.251068,0,0.075481,0.059,-0.338488
7.440477,3.352157,-0.301759,0.804779,-0.250499,0,0.075585,0.054848,-0.357458
7.448529,3.349654,-0.300893,0.805535,-0.24997,0,0.075679,0.051034,-0.375647
7.456588,3.347157,-0.30007,0.806292,-0.249477,0,0.07576,0.047552,-0.393064
7.464655,3.344665,-0.299285,0.80705,-0.249018,0,0.075825,0.044399,-0.409719
7.472729,3.342177,-0.298534,0.807809,-0.248588,0,0.07587,0.04157,-0.425621
7.480811,3.339693,-0.297815,0.808568,-0.248185,0,0.075891,0.039059,-0.44078
7.4889,3.337213,-0.297124,0.809327,-0.247806,0,0.075887,0.036864,-0.455206
7.496997,3.334737,-0.296457,0.810085,-0.247447,0,0.075853,0.034978,-0.468909
7.505102,3.332264,-0.295811,0.810843,-0.247106,0,0.075786,0.033397,-0.481898
7.513214,3.329795,-0.29518,0.811601,-0.246778,0,0.075684,0.032116,-0.494183
7.521334,3.327328,-0.294565,0.812357,-0.246462,0,0.075542,0.031129,-0.505775
7.529461,3.324865,-0.293961,0.813112,-0.246155,0,0.075358,0.030432,-0.516683
7.537596,3.322405,-0.293365,0.813864,-0.245853,0,0.075129,0.03002,-0.526918
7.545739,3.319948,-0.292773,0.814614,-0.245553,0,0.074853,0.029885,-0.536489
7.553888,3.317494,-0.292183,0.815361,-0.245254,0,0.074526,0.030024,-0.545408
7.562046,3.315043,-0.291593,0.816104,-0.244952,0,0.074146,0.030431,-0.553683
7.57021,3.312595,-0.290998,0.816844,-0.244645,0,0.07371,0.031099,-0.561325
7.578383,3.31015,-0.290397,0.817578,-0.244329,0,0.073216,0.032023,-0.568344
7.586562,3.307709,-0.289786,0.818308,-0.244003,0,0.072661,0.033196,-0.574751
7.594749,3.30527,-0.289164,0.819031,-0.243664,0,0.072044,0.034614,-0.580556
7.602943,3.302835,-0.288528,0.819748,-0.24331,0,0.071362,0.036268,-0.585768
7.611144,3.300404,-0.287875,0.820458,-0.242938,0,0.070613,0.038153,-0.590399
7.619352,3.297977,-0.287204,0.82116,-0.242546,0,0.069796,0.040263,-0.594458
7.627567,3.295553,-0.286511,0.821854,-0.242132,0,0.068909,0.04259,-0.597955
7.635789,3.293134,-0.285795,0.822538,-0.241694,0,0.067951,0.045129,-0.600901
7.644018,3.29072,-0.285053,0.823213,-0.241229,0,0.06692,0.047871,-0.603306
7.652253,3.28831,-0.284285,0.823877,-0.240736,0,0.065815,0.05081,-0.60518
7.660495,3.285905,-0.283486,0.824529,-0.240212,0,0.064636,0.05394,-0.606532
7.668744,3.283506,-0.282656,0.825169,-0.239656,0,0.063382,0.057251,-0.607374
7.676998,3.281112,-0.281795,0.825796,-0.239067,0,0.062051,0.060738,-0.607715
7.685259,3.278724,-0.280897,0.82641,-0.238441,0,0.060645,0.064392,-0.607564
7.693527,3.276343,-0.279964,0.827009,-0.237778,0,0.059162,0.068207,-0.606933
7.7018,3.273969,-0.278993,0.827593,-0.237076,0,0.057604,0.072173,-0.60583
7.710078,3.271602,-0.277983,0.828161,-0.236334,0,0.05597,0.076283,-0.604266
7.718363,3.269242,-0.276933,0.828712,-0.23555,0,0.05426,0.080529,-0.602251
7.726653,3.266891,-0.27584,0.829246,-0.234723,0,0.052477,0.084902,-0.599793
7.734948,3.264548,-0.274705,0.829761,-0.233852,0,0.050621,0.089395,-0.596903
7.743248,3.262214,-0.273525,0.830258,-0.232935,0,0.048693,0.093998,-0.59359
7.751553,3.259889,-0.272301,0.830735,-0.231972,0,0.046696,0.098703,-0.589863
7.759862,3.257575,-0.27103,0.831192,-0.230961,0,0.04463,0.1035,-0.585732
7.768176,3.25527,-0.269711,0.831627,-0.229901,0,0.042499,0.108382,-0.581206
7.776495,3.252977,-0.268346,0.832041,-0.228793,0,0.040304,0.113339,-0.576295
7.784817,3.250695,-0.26693,0.832433,-0.227634,0,0.038049,0.118361,-0.571007
7.793143,3.248424,-0.265466,0.832802,-0.226425,0,0.035736,0.123439,-0.565351
7.801473,3.246166,-0.263952,0.833148,-0.225165,0,0.033369,0.128563,-0.559336
7.809806,3.243921,-0.262389,0.833469,-0.223854,0,0.030952,0.133724,-0.552971
7.818142,3.241689,-0.260774,0.833767,-0.222491,0,0.028489,0.138912,-0.546265
7.826482,3.239472,-0.259108,0.834039,-0.221076,0,0.025985,0.144116,-0.539225
7.834823,3.237268,-0.25739,0.834286,-0.219608,0,0.023443,0.149326,-0.531861
7.843167,3.23508,-0.255621,0.834508,-0.218089,0,0.020869,0.154532,-0.524179
7.851513,3.232907,-0.253802,0.834703,-0.216518,0,0.018268,0.159723,-0.51619
7.859861,3.230749,-0.25193,0.834873,-0.214895,0,0.015647,0.164888,-0.5079
7.868211,3.228609,-0.250006,0.835016,-0.21322,0,0.013011,0.170017,-0.499317
7.876561,3.226485,-0.248032,0.835133,-0.211495,0,0.010368,0.175098,-0.490449
7.884913,3.224379,-0.246006,0.835224,-0.209718,0,0.007723,0.18012,-0.481303
7.893266,3.222291,-0.24393,0.835288,-0.207892,0,0.005084,0.185072,-0.471887
7.901619,3.220221,-0.241805,0.835325,-0.206017,0,0.002459,0.189941,-0.462207
7.909972,3.218171,-0.239631,0.835337,-0.204094,0,-0.000143,0.194717,-0.452272
7.918326,3.21614,-0.237407,0.835323,-0.202123,0,-0.002715,0.199386,-0.442087
7.926679,3.214128,-0.235136,0.835283,-0.200107,0,-0.005248,0.203938,-0.431658
7.935031,3.212138,-0.232818,0.835218,-0.198045,0,-0.007731,0.208359,-0.420994
7.943383,3.210168,-0.230454,0.835128,-0.19594,0,-0.010156,0.212637,-0.410099
7.951734,3.208219,-0.228046,0.835015,-0.193793,0,-0.012512,0.21676,-0.39898
7.960083,3.206292,-0.225594,0.834878,-0.191605,0,-0.014788,0.220714,-0.387643
7.968431,3.204387,-0.223101,0.834719,-0.189379,0,-0.016973,0.224486,-0.376093
7.976777,3.202505,-0.220567,0.834539,-0.187116,0,-0.019055,0.228063,-0.364336
7.985122,3.200645,-0.217995,0.834339,-0.184819,0,-0.021023,0.231433,-0.352376
7.993464,3.198808,-0.215386,0.834119,-0.182488,0,-0.022863,0.23458,-0.34022
8.001804,3.196995,-0.212743,0.833882,-0.180128,0,-0.024563,0.237491,-0.327871
8.010142,3.195206,-0.210066,0.833628,-0.177739,0,-0.02611,0.240152,-0.315335
8.018477,3.19344,-0.20736,0.83336,-0.175326,0,-0.027488,0.242549,-0.302615
8.026809,3.191699,-0.204625,0.833079,-0.172889,0,-0.028683,0.244667,-0.289715
8.035138,3.189983,-0.201866,0.832787,-0.170433,0,-0.029681,0.246493,-0.27664
8.043465,3.188291,-0.199085,0.832486,-0.16796,0,-0.030465,0.24801,-0.263394
8.051788,3.186624,-0.196284,0.832179,-0.165474,0,-0.03102,0.249204,-0.249978
8.060108,3.184981,-0.193467,0.831867,-0.162977,0,-0.031329,0.25006,-0.236397
8.068425,3.183364,-0.190638,0.831553,-0.160474,0,-0.031374,0.250562,-0.222653
8.076739,3.181772,-0.187798,0.83124,-0.157967,0,-0.031138,0.250695,-0.208749
8.08505,3.180205,-0.184954,0.830931,-0.155461,0,-0.030603,0.250443,-0.194688
8.093358,3.178663,-0.182109,0.830629,-0.15296,0,-0.029749,0.249789,-0.18047
8.101663,3.177146,-0.179267,0.830337,-0.150467,0,-0.028557,0.248718,-0.166098
8.109965,3.175653,-0.176431,0.830059,-0.147987,0,-0.027007,0.247213,-0.151574
8.118264,3.174186,-0.173607,0.829799,-0.145524,0,-0.025079,0.245257,-0.136897
8.126561,3.172743,-0.1708,0.829559,-0.143083,0,-0.02275,0.242834,-0.122071
8.134855,3.171324,-0.168016,0.829345,-0.140669,0,-0.02,0.239926,-0.107094
8.143148,3.169929,-0.165258,0.829161,-0.138287,0,-0.016805,0.236516,-0.091967
8.151438,3.168558,-0.162533,0.82901,-0.135941,0,-0.013143,0.232586,-0.07669
8.159728,3.16721,-0.159847,0.828899,-0.133637,0,-0.008989,0.228119,-0.061263
8.168017,3.165885,-0.157204,0.828832,-0.13138,0,-0.004321,0.223097,-0.045685
8.176305,3.164582,-0.154614,0.828815,-0.129177,0,0.000888,0.217501,-0.029956
8.184593,3.163301,-0.152079,0.828852,-0.127032,0,0.006664,0.211314,-0.014073
8.191523,3.162247,-0.15001,0.82893,-0.125289,0,0.011946,0.205672,-0.000675
8.199813,3.161004,-0.147598,0.829082,-0.123267,0,0.018429,0.198724,0.015129
8.208105,3.159781,-0.145255,0.829298,-0.121314,0,0.024735,0.191893,0.030364
8.216399,3.158578,-0.14298,0.829576,-0.119428,0,0.030863,0.185178,0.045036
8.224697,3.157392,-0.140776,0.829914,-0.11761,0,0.036811,0.178581,0.059153
8.232998,3.156225,-0.138638,0.830311,-0.115856,0,0.042579,0.1721,0.072723
8.241303,3.155075,-0.136569,0.830765,-0.114167,0,0.048164,0.165736,0.085751
8.249613,3.153942,-0.134566,0.831274,-0.112541,0,0.053567,0.159488,0.098245
8.257929,3.152824,-0.132629,0.831836,-0.110977,0,0.058786,0.153356,0.110213
8.26625,3.151722,-0.130758,0.832449,-0.109474,0,0.063819,0.147342,0.121661
8.274578,3.150634,-0.128951,0.833112,-0.10803,0,0.068667,0.141444,0.132598
8.282912,3.149561,-0.127208,0.833822,-0.106645,0,0.073327,0.135663,0.143032
8.291254,3.148501,-0.125527,0.834578,-0.105316,0,0.077799,0.129999,0.152969
8.299604,3.147455,-0.123909,0.835377,-0.104044,0,0.082083,0.124452,0.162418
8.307962,3.14642,-0.122352,0.836219,-0.102827,0,0.086176,0.119023,0.171387
8.316329,3.145398,-0.120855,0.8371,-0.101663,0,0.090078,0.113711,0.179883
8.324704,3.144387,-0.119417,0.838019,-0.100552,0,0.093789,0.108518,0.187915
8.333089,3.143387,-0.118037,0.838975,-0.099493,0,0.097307,0.103444,0.19549
8.341484,3.142397,-0.116714,0.839965,-0.098483,0,0.100632,0.098489,0.202617
8.349889,3.141417,-0.115446,0.840987,-0.097522,0,0.103764,0.093653,0.209304
8.358304,3.140446,-0.114234,0.84204,-0.09661,0,0.106702,0.088937,0.215559
8.366729,3.139484,-0.113073,0.843121,-0.095743,0,0.109445,0.084342,0.221389
8.375166,3.138531,-0.111966,0.844228,-0.094922,0,0.111993,0.079868,0.226805
8.383614,3.137586,-0.110911,0.84536,-0.094146,0,0.114346,0.075516,0.231813
8.392073,3.136648,-0.109904,0.846514,-0.093412,0,0.116503,0.071286,0.236422
8.400544,3.135717,-0.108945,0.847689,-0.092719,0,0.118465,0.06718,0.240641
8.409027,3.134794,-0.108036,0.848883,-0.092068,0,0.120232,0.063198,0.244476
8.417522,3.133876,-0.10717,0.850093,-0.091455,0,0.121803,0.05934,0.247938
8.426029,3.132964,-0.106349,0.851318,-0.09088,0,0.123179,0.055608,0.251034
8.434549,3.132058,-0.105572,0.852556,-0.090342,0,0.12436,0.052002,0.253771
8.44308,3.131157,-0.104837,0.853805,-0.08984,0,0.125346,0.048523,0.25616
8.451625,3.130261,-0.104143,0.855062,-0.089372,0,0.126139,0.045173,0.258207
8.460182,3.12937,-0.103487,0.856327,-0.088936,0,0.126738,0.041952,0.25992
8.468751,3.128482,-0.102868,0.857596,-0.088532,0,0.127146,0.03886,0.261309
8.477334,3.127599,-0.102286,0.858869,-0.088158,0,0.127361,0.0359,0.26238
8.485929,3.126719,-0.10174,0.860143,-0.087814,0,0.127387,0.033072,0.263143
8.494536,3.125843,-0.101226,0.861416,-0.087497,0,0.127223,0.030376,0.263604
8.503157,3.124969,-0.100744,0.862687,-0.087206,0,0.126871,0.027815,0.263772
8.51179,3.124098,-0.100293,0.863953,-0.08694,0,0.126334,0.02539,0.263655
8.520436,3.12323,-0.09987,0.865213,-0.086697,0,0.125611,0.0231,0.26326
8.529094,3.122364,-0.099475,0.866465,-0.086477,0,0.124706,0.020949,0.262594
8.537765,3.121501,-0.099107,0.867706,-0.086278,0,0.123621,0.018936,0.261667
8.546448,3.120639,-0.098762,0.868936,-0.086098,0,0.122356,0.017063,0.260484
8.555144,3.119779,-0.09844,0.870153,-0.085936,0,0.120916,0.015331,0.259053
8.563851,3.11892,-0.098141,0.871354,-0.085791,0,0.119302,0.013742,0.257383
8.572571,3.118063,-0.097861,0.872538,-0.085661,0,0.117517,0.012297,0.255478
8.581302,3.117207,-0.0976,0.873704,-0.085545,0,0.115564,0.010997,0.253348
8.590045,3.116352,-0.097355,0.874849,-0.085441,0,0.113445,0.009843,0.250998
8.598799,3.115498,-0.097125,0.875972,-0.085347,0,0.111166,0.008837,0.248435
8.607564,3.114645,-0.096909,0.877072,-0.085263,0,0.108728,0.007981,0.245667
8.61634,3.113793,-0.096705,0.878146,-0.085187,0,0.106135,0.007275,0.242699
8.625127,3.112941,-0.096512,0.879194,-0.085117,0,0.103392,0.006721,0.239538
8.633924,3.11209,-0.096327,0.880214,-0.085052,0,0.100502,0.006321,0.23619
8.642731,3.11124,-0.09615,0.881204,-0.08499,0,0.097469,0.006075,0.23266
8.651548,3.11039,-0.095979,0.882163,-0.08493,0,0.0943,0.005986,0.228956
8.660375,3.109541,-0.095812,0.883089,-0.08487,0,0.090997,0.006055,0.225082
8.66921,3.108693,-0.095647,0.883982,-0.084809,0,0.087566,0.006284,0.221045
8.678054,3.107845,-0.095482,0.88484,-0.084744,0,0.084012,0.006673,0.216849
8.686907,3.106998,-0.095317,0.885662,-0.084675,0,0.080342,0.007226,0.212499
8.695767,3.106152,-0.095148,0.886447,-0.084599,0,0.076559,0.007942,0.208001
8.704635,3.105306,-0.094975,0.887193,-0.084515,0,0.072671,0.008824,0.203359
8.713511,3.104462,-0.094796,0.8879,-0.084422,0,0.068684,0.009873,0.198577
8.722393,3.103618,-0.094608,0.888566,-0.084317,0,0.064604,0.011092,0.193661
8.731282,3.102775,-0.09441,0.889192,-0.084199,0,0.060437,0.012481,0.188614
8.740177,3.101934,-0.094202,0.889775,-0.084067,0,0.056191,0.014042,0.183439
8.749077,3.101094,-0.093979,0.890315,-0.083918,0,0.051874,0.015777,0.178142
8.757983,3.100256,-0.093741,0.890812,-0.083751,0,0.047492,0.017688,0.172724
8.766894,3.099419,-0.093486,0.891265,-0.083564,0,0.043053,0.019775,0.16719
8.775808,3.098584,-0.093211,0.891673,-0.083355,0,0.038566,0.022042,0.161541
8.784727,3.097752,-0.092914,0.892036,-0.083122,0,0.034038,0.02449,0.155782
8.793649,3.096922,-0.092594,0.892354,-0.082864,0,0.02948,0.02712,0.149913
8.802574,3.096095,-0.09225,0.892625,-0.082579,0,0.024898,0.029934,0.143937
8.811501,3.095271,-0.091878,0.892851,-0.082265,0,0.020304,0.032934,0.137857
8.820431,3.09445,-0.091476,0.893032,-0.08192,0,0.015706,0.036121,0.131673
8.829362,3.093632,-0.091043,0.893166,-0.081542,0,0.011114,0.039497,0.125387
8.838294,3.092819,-0.090576,0.893254,-0.081129,0,0.006539,0.043065,0.119
8.847227,3.09201,-0.090073,0.893296,-0.08068,0,0.00199,0.046826,0.112513
8.85616,3.091205,-0.089531,0.893294,-0.080192,0,-0.00252,0.050781,0.105925
8.865092,3.090406,-0.08895,0.893246,-0.079664,0,-0.006982,0.054932,0.099238
8.874024,3.089612,-0.088324,0.893154,-0.079093,0,-0.011383,0.059282,0.09245
8.882955,3.088824,-0.087653,0.893019,-0.078477,0,-0.015712,0.063831,0.085562
8.891885,3.088043,-0.086936,0.89284,-0.077816,0,-0.019956,0.068583,0.078572
8.900812,3.087268,-0.086167,0.89262,-0.077105,0,-0.024104,0.073537,0.071479
8.909737,3.086501,-0.085345,0.892359,-0.076344,0,-0.028141,0.078697,0.064281
8.918659,3.085742,-0.084468,0.892058,-0.07553,0,-0.032056,0.084064,0.056977
8.927578,3.084991,-0.083533,0.891718,-0.074662,0,-0.035834,0.08964,0.049565
8.936493,3.084249,-0.082538,0.891341,-0.073737,0,-0.039461,0.095427,0.042041
8.945405,3.083516,-0.081479,0.890929,-0.072753,0,-0.042924,0.101426,0.034404
8.954312,3.082794,-0.080354,0.890484,-0.071708,0,-0.046207,0.107639,0.026648
8.963214,3.082082,-0.079158,0.890006,-0.070599,0,-0.049295,0.114068,0.018772
8.972112,3.081382,-0.077893,0.889498,-0.069426,0,-0.052173,0.120716,0.01077
8.981004,3.080694,-0.076551,0.888963,-0.068184,0,-0.054826,0.127582,0.002639
8.989891,3.080018,-0.075132,0.888403,-0.066873,0,-0.057236,0.134671,-0.005628
8.998772,3.079357,-0.073632,0.887819,-0.06549,0,-0.059388,0.141982,-0.014034
9.007647,3.078709,-0.072048,0.887216,-0.064033,0,-0.061265,0.149518,-0.022586
9.016516,3.078076,-0.070377,0.886595,-0.062499,0,-0.062848,0.157281,-0.03129
9.025379,3.077459,-0.068615,0.88596,-0.060886,0,-0.064121,0.165273,-0.040151
9.034235,3.076859,-0.066762,0.885314,-0.059193,0,-0.065064,0.173495,-0.049178
9.043085,3.076276,-0.064811,0.88466,-0.057416,0,-0.06566,0.181949,-0.058378
9.051929,3.075711,-0.06276,0.884002,-0.055553,0,-0.06589,0.190636,-0.067758
9.060765,3.075165,-0.060607,0.883343,-0.053602,0,-0.065733,0.199559,-0.077326
9.069595,3.074639,-0.058347,0.882688,-0.051561,0,-0.06517,0.20872,-0.087092
9.078419,3.074134,-0.055979,0.882041,-0.049427,0,-0.064181,0.218119,-0.097063
9.087236,3.073651,-0.053497,0.881406,-0.047198,0,-0.062746,0.22776,-0.107251
9.096047,3.07319,-0.0509,0.880788,-0.044871,0,-0.060841,0.237642,-0.117665
9.104852,3.072754,-0.048184,0.880191,-0.042444,0,-0.058447,0.247769,-0.128315
9.113651,3.072342,-0.045346,0.879621,-0.039915,0,-0.055541,0.258142,-0.139213
9.122445,3.071956,-0.042384,0.879082,-0.037281,0,-0.052101,0.268762,-0.150369
9.131233,3.071596,-0.039292,0.87858,-0.034539,0,-0.048103,0.279631,-0.161797
9.137828,3.071345,-0.036885,0.878232,-0.032408,0,-0.04472,0.287956,-0.170562
9.146608,3.071036,-0.033564,0.877808,-0.029474,0,-0.040087,0.298772,-0.182109
9.155385,3.070756,-0.030119,0.877429,-0.026435,0,-0.035642,0.308855,-0.193186
9.164157,3.070507,-0.026558,0.877094,-0.023299,0,-0.031388,0.318212,-0.203801
9.172927,3.07029,-0.022889,0.876801,-0.020073,0,-0.027324,0.326849,-0.213958
9.181693,3.070106,-0.019124,0.876547,-0.016765,0,-0.023452,0.334769,-0.223666
9.190458,3.069955,-0.015267,0.876331,-0.01338,0,-0.019772,0.341978,-0.232929
9.19922,3.069839,-0.01133,0.876151,-0.009927,0,-0.016283,0.348482,-0.241755
9.207981,3.069757,-0.007321,0.876005,-0.006413,0,-0.012987,0.354284,-0.25015
9.21674,3.069711,-0.003247,0.875891,-0.002844,0,-0.009883,0.35939,-0.258121
9.225499,3.0697,0.000883,0.875807,0.000773,0,-0.00697,0.363805,-0.265675
9.234256,3.069726,0.005058,0.875751,0.00443,0,-0.004248,0.367533,-0.272819
9.243014,3.069789,0.009273,0.875721,0.008121,0,-0.001716,0.37058,-0.279559
9.251771,3.069889,0.013518,0.875716,0.011839,0,0.000627,0.372948,-0.285902
9.260528,3.070026,0.017787,0.875733,0.015578,0,0.002781,0.374645,-0.291855
9.269286,3.0702,0.022068,0.875771,0.01933,0,0.004749,0.375674,-0.297426
9.278044,3.070412,0.026356,0.875827,0.023089,0,0.006531,0.37604,-0.302621
9.286802,3.070662,0.030642,0.875901,0.026848,0,0.008129,0.375749,-0.307448
9.295562,3.070949,0.03492,0.875989,0.030602,0,0.009544,0.374805,-0.311912
9.304322,3.071274,0.039179,0.876091,0.034342,0,0.010779,0.373214,-0.316023
9.313084,3.071636,0.043415,0.876204,0.038064,0,0.011835,0.370982,-0.319786
9.321846,3.072035,0.047617,0.876327,0.04176,0,0.012713,0.368114,-0.323208
9.33061,3.072471,0.05178,0.876458,0.045424,0,0.013417,0.364615,-0.326298
9.339375,3.072944,0.055897,0.876595,0.04905,0,0.013949,0.360493,-0.329061
9.348142,3.073452,0.05996,0.876736,0.052632,0,0.01431,0.355754,-0.331505
9.35691,3.073996,0.063961,0.876881,0.056163,0,0.014502,0.350403,-0.333637
9.36568,3.074575,0.067896,0.877026,0.059638,0,0.01453,0.344449,-0.335463
9.374451,3.075189,0.071755,0.877171,0.06305,0,0.014393,0.337898,-0.336991
9.383223,3.075836,0.075535,0.877313,0.066394,0,0.014096,0.330757,-0.338228
9.391997,3.076516,0.079226,0.877452,0.069663,0,0.013641,0.323036,-0.33918
9.400772,3.077229,0.082825,0.877586,0.072853,0,0.01303,0.314742,-0.339855
9.409549,3.077973,0.086324,0.877712,0.075956,0,0.012266,0.305884,-0.340258
9.418326,3.078748,0.089718,0.87783,0.078969,0,0.011352,0.29647,-0.340397
9.427105,3.079552,0.092999,0.877939,0.081884,0,0.010289,0.286511,-0.340278
9.435885,3.080385,0.096164,0.878036,0.084697,0,0.009082,0.276017,-0.339907
9.444666,3.081246,0.099206,0.87812,0.087402,0,0.007733,0.264998,-0.339291
9.453447,3.082133,0.102121,0.87819,0.089995,0,0.006243,0.253465,-0.338437
9.46223,3.083045,0.104903,0.878244,0.09247,0,0.004617,0.24143,-0.33735
9.471012,3.083982,0.107546,0.878282,0.094822,0,0.002856,0.228904,-0.336037
9.479795,3.084941,0.110048,0.878301,0.097047,0,0.000963,0.2159,-0.334503
9.488578,3.085922,0.1124,0.878301,0.099139,0,-0.001059,0.202433,-0.332754
9.497361,3.086923,0.1146,0.878279,0.101094,0,-0.003207,0.188514,-0.330797
9.506144,3.087944,0.116643,0.878236,0.102907,0,-0.00548,0.174159,-0.328636
9.514926,3.088981,0.118526,0.878169,0.104576,0,-0.007875,0.159384,-0.326277
9.523707,3.090035,0.120242,0.878078,0.106094,0,-0.010389,0.144203,-0.323726
9.532487,3.091103,0.121789,0.877961,0.107458,0,-0.01302,0.128633,-0.320987
9.541266,3.092183,0.123163,0.877817,0.108665,0,-0.015766,0.112691,-0.318066
9.550044,3.093275,0.124361,0.877646,0.109711,0,-0.018625,0.096396,-0.314967
9.558819,3.094377,0.125378,0.877445,0.110592,0,-0.021595,0.079765,-0.311695
9.567592,3.095487,0.12621,0.877213,0.111305,0,-0.024674,0.062819,-0.308255
9.576363,3.096602,0.126856,0.876951,0.111847,0,-0.027859,0.045577,-0.30465
9.585131,3.097723,0.127312,0.876656,0.112216,0,-0.03115,0.028061,-0.300886
9.593896,3.098846,0.127575,0.876327,0.112408,0,-0.034545,0.010292,-0.296966
9.602658,3.09997,0.127642,0.875965,0.112421,0,-0.038042,-0.007707,-0.292893
9.611415,3.101094,0.127511,0.875566,0.112253,0,-0.04164,-0.025912,-0.288671
9.620169,3.102215,0.127179,0.875131,0.111902,0,-0.045338,-0.044299,-0.284303
9.628918,3.103331,0.126644,0.874659,0.111366,0,-0.049135,-0.062842,-0.279794
9.637662,3.104442,0.125905,0.874148,0.110645,0,-0.05303,-0.081516,-0.275144
9.646401,3.105544,0.124959,0.873598,0.109736,0,-0.057022,-0.100292,-0.270358
9.655134,3.106636,0.123806,0.873008,0.108639,0,-0.06111,-0.119143,-0.265437
9.663861,3.107716,0.122443,0.872376,0.107353,0,-0.065296,-0.138039,-0.260383
9.672581,3.108782,0.120869,0.871701,0.105878,0,-0.069577,-0.15695,-0.255199
9.681295,3.109833,0.119085,0.870984,0.104214,0,-0.073955,-0.175845,-0.249886
9.690001,3.110866,0.117088,0.870222,0.102361,0,-0.07843,-0.194691,-0.244446
9.698699,3.111879,0.11488,0.869415,0.10032,0,-0.083001,-0.213454,-0.238879
9.707389,3.112872,0.11246,0.868562,0.098092,0,-0.087671,-0.2321,-0.233187
9.71607,3.113841,0.109829,0.867661,0.095679,0,-0.092439,-0.250594,-0.227369
9.724742,3.114785,0.106985,0.866712,0.093081,0,-0.097307,-0.268898,-0.221427
9.733404,3.115702,0.103933,0.865715,0.090302,0,-0.102277,-0.286974,-0.21536
9.742056,3.11659,0.100672,0.864667,0.087343,0,-0.107349,-0.304784,-0.209168
9.750697,3.117448,0.097203,0.863567,0.084207,0,-0.112527,-0.322286,-0.20285
9.759327,3.118274,0.09353,0.862416,0.080898,0,-0.117811,-0.33944,-0.196405
9.767945,3.119065,0.089655,0.861211,0.077419,0,-0.123205,-0.356201,-0.189832
9.776551,3.119821,0.08558,0.859951,0.073775,0,-0.128711,-0.372526,-0.18313
9.785144,3.12054,0.081311,0.858636,0.069971,0,-0.134333,-0.38837,-0.176297
9.793724,3.12122,0.076849,0.857264,0.06601,0,-0.140073,-0.403685,-0.169329
9.802289,3.12186,0.0722,0.855834,0.061899,0,-0.145935,-0.418424,-0.162226
9.81084,3.122458,0.067368,0.854345,0.057643,0,-0.151923,-0.432536,-0.154983
9.819376,3.123012,0.062361,0.852795,0.05325,0,-0.158042,-0.445972,-0.147598
9.827896,3.123522,0.057183,0.851184,0.048726,0,-0.164296,-0.458678,-0.140066
9.836399,3.123986,0.051841,0.849509,0.044079,0,-0.170689,-0.470602,-0.132384
9.844886,3.124404,0.046344,0.847769,0.039317,0,-0.177227,-0.481687,-0.124548
9.853355,3.124772,0.040699,0.845964,0.034449,0,-0.183916,-0.491878,-0.116552
9.861805,3.125092,0.034915,0.844091,0.029483,0,-0.190761,-0.501116,-0.108391
9.870236,3.125362,0.029001,0.842148,0.02443,0,-0.197769,-0.509341,-0.100061
9.878648,3.125581,0.022968,0.840135,0.0193,0,-0.204947,-0.516494,-0.091554
9.887039,3.125748,0.016828,0.838049,0.014104,0,-0.212301,-0.52251,-0.082865
9.895408,3.125862,0.010591,0.835888,0.008853,0,-0.219839,-0.527326,-0.073987
9.903756,3.125925,0.004272,0.833651,0.003561,0,-0.227568,-0.530876,-0.064912
9.912081,3.125934,-0.002117,0.831336,-0.00176,0,-0.235498,-0.533092,-0.055633
9.920383,3.125889,-0.00856,0.828941,-0.007096,0,-0.243636,-0.533906,-0.046142
9.92866,3.125792,-0.015042,0.826463,-0.012433,0,-0.251991,-0.533247,-0.036431
9.936912,3.125641,-0.021548,0.8239,-0.017756,0,-0.260574,-0.531043,-0.02649
9.945137,3.125437,-0.028057,0.82125,-0.023048,0,-0.269393,-0.527219,-0.01631
9.953336,3.12518,-0.034554,0.818511,-0.028294,0,-0.27846,-0.521699,-0.005881
9.961507,3.124871,-0.041018,0.81568,-0.033476,0,-0.287784,-0.514407,0.004806
9.96965,3.124511,-0.047428,0.812755,-0.038576,0,-0.297377,-0.505263,0.015763
9.970447,3.124472,-0.048054,0.812462,-0.039072,0,-0.298334,-0.504263,0.016853
9.978557,3.124057,-0.054383,0.80943,-0.044063,0,-0.308138,-0.493946,0.027833
9.986635,3.123592,-0.060636,0.806299,-0.048951,0,-0.31803,-0.483568,0.038518
9.994682,3.123078,-0.066811,0.803069,-0.053734,0,-0.328009,-0.473129,0.048904
10.002696,3.122517,-0.072911,0.799739,-0.058413,0,-0.338073,-0.462627,0.058982
10.010677,3.12191,-0.078933,0.796307,-0.062986,0,-0.34822,-0.452062,0.068747
10.018622,3.121258,-0.084882,0.792774,-0.067454,0,-0.358446,-0.441435,0.078194
10.026532,3.120561,-0.090754,0.789138,-0.071815,0,-0.368748,-0.430746,0.087317
10.034405,3.119822,-0.096553,0.785399,-0.076069,0,-0.379124,-0.419995,0.096111
10.04224,3.11904,-0.102277,0.781556,-0.080215,0,-0.389568,-0.409184,0.104574
10.050035,3.118218,-0.107927,0.777607,-0.084252,0,-0.400077,-0.398314,0.112701
10.057791,3.117356,-0.113505,0.773554,-0.088181,0,-0.410645,-0.387387,0.120489
10.065506,3.116455,-0.11901,0.769394,-0.092,0,-0.421268,-0.376403,0.127935
10.073179,3.115516,-0.124443,0.765128,-0.095709,0,-0.431941,-0.365367,0.135039
10.080808,3.114541,-0.129803,0.760755,-0.099307,0,-0.442657,-0.354278,0.141797
10.088394,3.11353,-0.135094,0.756275,-0.102794,0,-0.453411,-0.343142,0.148209
10.095933,3.112485,-0.140314,0.751687,-0.10617,0,-0.464196,-0.331959,0.154274
10.103427,3.111407,-0.145464,0.746991,-0.109433,0,-0.475006,-0.320734,0.159992
10.110873,3.110297,-0.150545,0.742187,-0.112584,0,-0.485835,-0.309469,0.165362
10.11827,3.109156,-0.155557,0.737274,-0.115622,0,-0.496674,-0.298169,0.170386
10.125618,3.107985,-0.160501,0.732253,-0.118547,0,-0.507517,-0.286836,0.175064
10.132915,3.106785,-0.165378,0.727124,-0.121359,0,-0.518355,-0.275475,0.179397
10.14016,3.105558,-0.170189,0.721886,-0.124057,0,-0.529182,-0.26409,0.183388
10.147352,3.104305,-0.174933,0.71654,-0.126641,0,-0.539989,-0.252686,0.187037
10.154491,3.103026,-0.17961,0.711087,-0.12911,0,-0.550768,-0.241266,0.190348
10.161574,3.101723,-0.184225,0.705525,-0.131466,0,-0.561511,-0.229836,0.193323
10.168601,3.100397,-0.188774,0.699857,-0.133707,0,-0.572208,-0.218401,0.195965
10.175571,3.099049,-0.193261,0.694081,-0.135834,0,-0.582852,-0.206965,0.198278
10.182482,3.097681,-0.197683,0.6882,-0.137846,0,-0.593432,-0.195533,0.200265
10.189334,3.096293,-0.202046,0.682213,-0.139745,0,-0.603941,-0.184111,0.20193
10.196126,3.094886,-0.206346,0.676121,-0.141529,0,-0.614369,-0.172704,0.203279
10.202856,3.093462,-0.210584,0.669926,-0.143199,0,-0.624707,-0.161319,0.204315
10.209524,3.092022,-0.214763,0.663627,-0.144755,0,-0.634945,-0.14996,0.205043
10.216128,3.090568,-0.218883,0.657227,-0.146198,0,-0.645074,-0.138633,0.205469
10.222668,3.089099,-0.222944,0.650726,-0.147528,0,-0.655084,-0.127344,0.205597
10.229143,3.087617,-0.226947,0.644126,-0.148745,0,-0.664966,-0.1161,0.205435
10.235551,3.086124,-0.230893,0.637427,-0.14985,0,-0.674709,-0.104905,0.204987
10.241891,3.084621,-0.234782,0.630632,-0.150843,0,-0.684304,-0.093768,0.20426
10.248163,3.083108,-0.238617,0.623742,-0.151726,0,-0.693742,-0.082692,0.203261
10.254365,3.081587,-0.242396,0.616758,-0.152498,0,-0.703012,-0.071686,0.201995
10.260498,3.080058,-0.24612,0.609682,-0.15316,0,-0.712104,-0.060756,0.200471
10.266559,3.078524,-0.24979,0.602516,-0.153713,0,-0.721009,-0.049906,0.198694
10.272548,3.076984,-0.253407,0.595263,-0.154158,0,-0.729717,-0.039145,0.196673
10.278464,3.075441,-0.256973,0.587923,-0.154496,0,-0.738218,-0.028479,0.194414
10.284306,3.073895,-0.260487,0.580499,-0.154728,0,-0.746502,-0.017914,0.191926
10.290073,3.072347,-0.26395,0.572994,-0.154855,0,-0.754559,-0.007456,0.189216
10.295766,3.070798,-0.267364,0.565409,-0.154878,0,-0.76238,0.002887,0.186292
10.301381,3.06925,-0.270726,0.557747,-0.154797,0,-0.769955,0.01311,0.183162
10.30692,3.067702,-0.274042,0.55001,-0.154616,0,-0.777275,0.023205,0.179834
10.312381,3.066158,-0.277309,0.542202,-0.154334,0,-0.784329,0.033167,0.176317
10.317764,3.064616,-0.280528,0.534325,-0.153953,0,-0.79111,0.042988,0.17262
10.323068,3.063079,-0.283702,0.526381,-0.153475,0,-0.797606,0.052663,0.16875
10.328291,3.061547,-0.286827,0.518374,-0.1529,0,-0.803811,0.062184,0.164716
10.333435,3.060021,-0.289909,0.510306,-0.152231,0,-0.809713,0.071546,0.160528
10.338497,3.058503,-0.292947,0.50218,-0.15147,0,-0.815305,0.080742,0.156193
10.343478,3.056992,-0.295939,0.494001,-0.150617,0,-0.820578,0.089766,0.151722
10.348377,3.055491,-0.298889,0.48577,-0.149675,0,-0.825523,0.098611,0.147122
10.353194,3.053999,-0.301797,0.477491,-0.148646,0,-0.830132,0.107272,0.142404
10.357927,3.052518,-0.304661,0.469168,-0.14753,0,-0.834397,0.115743,0.137575
10.362577,3.051049,-0.307484,0.460805,-0.146331,0,-0.83831,0.124016,0.132645
10.367143,3.049592,-0.310268,0.452403,-0.145051,0,-0.841863,0.132088,0.127624
10.371625,3.048148,-0.313009,0.443969,-0.14369,0,-0.845049,0.139951,0.12252
10.376022,3.046718,-0.315712,0.435504,-0.142252,0,-0.847861,0.1476,0.117342
10.380335,3.045303,-0.318377,0.427013,-0.140739,0,-0.850291,0.155031,0.1121
10.384562,3.043904,-0.321003,0.418499,-0.139152,0,-0.852333,0.162236,0.106803
10.388705,3.04252,-0.323592,0.409967,-0.137495,0,-0.853981,0.169211,0.10146
10.392762,3.041154,-0.326143,0.401421,-0.135769,0,-0.855227,0.175951,0.096079
10.396733,3.039805,-0.328658,0.392864,-0.133977,0,-0.856068,0.182451,0.09067
10.400619,3.038475,-0.331137,0.384301,-0.132121,0,-0.856496,0.188706,0.085243
10.404419,3.037163,-0.333581,0.375735,-0.130204,0,-0.856507,0.194712,0.079805
10.408134,3.035871,-0.335988,0.367172,-0.128227,0,-0.856096,0.200463,0.074365
10.411762,3.034599,-0.338362,0.358615,-0.126195,0,-0.855258,0.205956,0.068933
10.415306,3.033347,-0.340703,0.350068,-0.124109,0,-0.85399,0.211187,0.063517
10.418764,3.032116,-0.34301,0.341537,-0.121972,0,-0.852287,0.216151,0.058126
10.422137,3.030908,-0.345285,0.333024,-0.119787,0,-0.850146,0.220845,0.052768
10.425424,3.029721,-0.347527,0.324535,-0.117556,0,-0.847564,0.225266,0.047451
10.428627,3.028557,-0.34974,0.316074,-0.115283,0,-0.844538,0.22941,0.042184
10.431746,3.027415,-0.351919,0.307646,-0.112969,0,-0.841067,0.233274,0.036974
10.434781,3.026297,-0.354068,0.299254,-0.110618,0,-0.837148,0.236855,0.03183
10.437731,3.025203,-0.356188,0.290904,-0.108233,0,-0.83278,0.240151,0.02676
10.440599,3.024133,-0.358277,0.2826,-0.105816,0,-0.827962,0.24316,0.021771
10.443383,3.023087,-0.360338,0.274347,-0.103371,0,-0.822694,0.24588,0.01687
10.446086,3.022066,-0.362368,0.266148,-0.100899,0,-0.816976,0.248308,0.012066
10.448707,3.021069,-0.364371,0.258009,-0.098405,0,-0.810808,0.250443,0.007364
10.451246,3.020097,-0.366351,0.249933,-0.095892,0,-0.804192,0.252284,0.002772
10.453705,3.019151,-0.368299,0.241926,-0.093361,0,-0.797129,0.253831,-0.001704
10.456085,3.01823,-0.37022,0.233992,-0.090816,0,-0.789621,0.255082,-0.006057
10.458386,3.017335,-0.372115,0.226135,-0.08826,0,-0.781671,0.256036,-0.010281
10.460608,3.016465,-0.373983,0.21836,-0.085696,0,-0.773282,0.256696,-0.01437
10.462753,3.015621,-0.375827,0.210671,-0.083127,0,-0.764458,0.257059,-0.018318
10.464822,3.014803,-0.377645,0.203073,-0.080556,0,-0.755202,0.257128,-0.022119
10.466815,3.01401,-0.379441,0.195569,-0.077986,0,-0.74552,0.256902,-0.025769
10.468733,3.013243,-0.381209,0.188164,-0.075419,0,-0.735418,0.256384,-0.029263
10.470578,3.012502,-0.382955,0.180862,-0.072859,0,-0.724901,0.255575,-0.032596
10.472351,3.011786,-0.384675,0.173667,-0.070308,0,-0.713976,0.254478,-0.035764
10.474052,3.011095,-0.386375,0.166583,-0.06777,0,-0.702651,0.253093,-0.038762
10.475683,3.01043,-0.38805,0.159615,-0.065247,0,-0.690932,0.251425,-0.041587
10.477245,3.00979,-0.389708,0.152766,-0.062743,0,-0.67883,0.249477,-0.044235
10.478739,3.009175,-0.391338,0.14604,-0.060259,0,-0.666353,0.247251,-0.046704
10.480166,3.008585,-0.39295,0.13944,-0.057799,0,-0.653511,0.244752,-0.04899
10.481528,3.008019,-0.394537,0.132971,-0.055365,0,-0.640315,0.241985,-0.051092
10.482826,3.007478,-0.396105,0.126635,-0.05296,0,-0.626775,0.238954,-0.053006
10.484061,3.00696,-0.397648,0.120436,-0.050586,0,-0.612905,0.235664,-0.054733
10.485235,3.006466,-0.399175,0.114378,-0.048247,0,-0.598717,0.23212,-0.05627
10.486349,3.005995,-0.400685,0.108463,-0.045945,0,-0.584224,0.22833,-0.057616
10.487405,3.005547,-0.402173,0.102695,-0.043682,0,-0.569441,0.224299,-0.058771
10.488404,3.005121,-0.403642,0.097075,-0.04146,0,-0.554382,0.220035,-0.059735
10.489347,3.004717,-0.405089,0.091608,-0.039282,0,-0.539064,0.215544,-0.060508
10.490236,3.004335,-0.40652,0.086295,-0.03715,0,-0.523502,0.210835,-0.061091
10.491073,3.003974,-0.407934,0.081138,-0.035066,0,-0.507715,0.205917,-0.061486
10.49186,3.003634,-0.409323,0.076141,-0.033032,0,-0.49172,0.200797,-0.061693
10.492597,3.003313,-0.410691,0.071305,-0.03105,0,-0.475536,0.195485,-0.061715
10.493286,3.003013,-0.412057,0.066631,-0.029123,0,-0.459183,0.189991,-0.061554
10.49393,3.002731,-0.413391,0.062122,-0.027251,0,-0.442681,0.184326,-0.061214
10.494529,3.002467,-0.41472,0.057778,-0.025437,0,-0.426053,0.1785,-0.060698
10.495086,3.002222,-0.416031,0.053601,-0.023682,0,-0.40932,0.172524,-0.06001
10.495602,3.001994,-0.417317,0.049592,-0.021987,0,-0.392505,0.166412,-0.059155
10.496078,3.001782,-0.418593,0.045751,-0.020354,0,-0.375633,0.160174,-0.058137
10.496517,3.001586,-0.419855,0.042079,-0.018784,0,-0.358729,0.153824,-0.056962
10.496921,3.001406,-0.421102,0.038576,-0.017278,0,-0.341818,0.147375,-0.055636
10.497289,3.001241,-0.422303,0.035243,-0.015836,0,-0.324927,0.140843,-0.054166
10.497626,3.001089,-0.423525,0.032078,-0.014461,0,-0.308084,0.13424,-0.052559
10.497932,3.000951,-0.424727,0.029081,-0.013152,0,-0.291318,0.127583,-0.050822
10.498208,3.000826,-0.425893,0.026251,-0.011909,0,-0.274658,0.120888,-0.048965
10.498457,3.000713,-0.427071,0.023587,-0.010734,0,-0.258135,0.11417,-0.046995
10.49868,3.000611,-0.42822,0.021088,-0.009626,0,-0.24178,0.107447,-0.044922
10.498879,3.00052,-0.429356,0.018751,-0.008585,0,-0.225626,0.100736,-0.042756
10.499056,3.000439,-0.430489,0.016574,-0.007611,0,-0.209706,0.094056,-0.040508
10.499211,3.000368,-0.431606,0.014556,-0.006704,0,-0.194055,0.087425,-0.03819
10.499348,3.000305,-0.432742,0.012692,-0.005863,0,-0.178709,0.080864,-0.035812
10.499466,3.00025,-0.433781,0.01098,-0.005086,0,-0.163704,0.074392,-0.033387
10.499568,3.000203,-0.434829,0.009417,-0.004374,0,-0.149078,0.068029,-0.030929
10.499655,3.000162,-0.435867,0.007998,-0.003725,0,-0.13487,0.061798,-0.028452
10.499728,3.000128,-0.436986,0.006718,-0.003138,0,-0.121119,0.055721,-0.025969
10.499789,3.000099,-0.437992,0.005573,-0.00261,0,-0.107866,0.049819,-0.023496
10.49984,3.000076,-0.43905,0.004559,-0.002141,0,-0.095154,0.044118,-0.021049
10.499881,3.000056,-0.44004,0.003668,-0.001727,0,-0.083024,0.03864,-0.018644
10.499914,3.000041,-0.441023,0.002896,-0.001367,0,-0.071523,0.03341,-0.016298
10.499939,3.000029,-0.441951,0.002236,-0.001058,0,-0.060694,0.028455,-0.01403
10.499959,3.00002,-0.442963,0.00168,-0.000797,0,-0.050584,0.0238,-0.011858
10.499973,3.000013,-0.443815,0.001222,-0.000581,0,-0.041242,0.019472,-0.009801
10.499984,3.000008,-0.444693,0.000852,-0.000406,0,-0.032715,0.015499,-0.007879
10.499991,3.000005,-0.446482,0.000564,-0.00027,0,-0.025054,0.011909,-0.006113
10.499995,3.000002,-0.447427,0.000348,-0.000167,0,-0.018309,0.008732,-0.004524
10.499998,3.000001,-0.449186,0.000195,-9.4e-05,0,-0.012534,0.005997,-0.003136
10.499999,3,-0.446482,9.4e-05,-4.5e-05,0,-0.007782,0.003735,-0.001971
10.5,3,-0.441179,3.6e-05,-1.7e-05,0,-0.004107,0.001977,-0.001053
10.5,3,-0.463648,8e-06,-4e-06,0,-0.001565,0.000756,-0.000406
10.5,3,0,0,-0,0,-0.000215,0.000104,-5.6e-05
