1.555365,4.998323,-0.014544,0.042871,-0.001299,-0.011262,0.014798,-0.000448,-0.003887
1.555794,4.99831,-0.014657,0.043022,-0.001303,-0.011301,0.015498,-0.000488,-0.00397
1.556225,4.998297,-0.01477,0.043186,-0.001309,-0.011342,0.01751,-0.000604,-0.004206
1.556658,4.998284,-0.014884,0.043376,-0.001316,-0.011386,0.020782,-0.000791,-0.004597
1.557093,4.99827,-0.014998,0.043605,-0.001325,-0.011434,0.025262,-0.001045,-0.005141
1.557531,4.998257,-0.015113,0.043885,-0.001337,-0.011489,0.0309,-0.001361,-0.005841
1.557971,4.998244,-0.015228,0.044227,-0.001352,-0.011552,0.037647,-0.001737,-0.006696
1.558415,4.99823,-0.015344,0.044642,-0.001372,-0.011624,0.045455,-0.002167,-0.007706
1.558864,4.998216,-0.01546,0.045139,-0.001396,-0.011706,0.054277,-0.002648,-0.008872
1.559318,4.998202,-0.015578,0.04573,-0.001425,-0.011802,0.064069,-0.003177,-0.010193
1.559779,4.998188,-0.015696,0.046424,-0.001459,-0.011911,0.074785,-0.003751,-0.01167
1.560247,4.998173,-0.015816,0.047229,-0.0015,-0.012036,0.086383,-0.004365,-0.013301
1.560724,4.998158,-0.015937,0.048154,-0.001547,-0.012177,0.098821,-0.005017,-0.015086
1.561211,4.998142,-0.01606,0.049208,-0.0016,-0.012338,0.112059,-0.005704,-0.017025
1.561709,4.998126,-0.016184,0.050398,-0.001661,-0.012518,0.126055,-0.006422,-0.019116
1.562219,4.998109,-0.01631,0.051732,-0.001729,-0.012721,0.140773,-0.00717,-0.021359
1.562744,4.998091,-0.016438,0.053216,-0.001804,-0.012946,0.156175,-0.007944,-0.023754
1.563284,4.998073,-0.016569,0.054857,-0.001888,-0.013196,0.172224,-0.008742,-0.026298
1.563842,4.998053,-0.016702,0.056662,-0.001979,-0.013473,0.188886,-0.009562,-0.028991
1.564418,4.998033,-0.016839,0.058637,-0.002079,-0.013776,0.206126,-0.010401,-0.031831
1.565015,4.998012,-0.016978,0.060787,-0.002187,-0.01411,0.223911,-0.011258,-0.034817
1.565634,4.997989,-0.017121,0.063117,-0.002304,-0.014473,0.24221,-0.012129,-0.037948
1.566278,4.997966,-0.017268,0.065632,-0.00243,-0.014869,0.260992,-0.013014,-0.041221
1.566947,4.997941,-0.017418,0.068338,-0.002565,-0.015298,0.280226,-0.01391,-0.044637
1.567645,4.997914,-0.017574,0.071238,-0.002708,-0.015762,0.299885,-0.014816,-0.048192
1.568373,4.997886,-0.017734,0.074337,-0.002861,-0.016263,0.31994,-0.01573,-0.051885
1.569133,4.997857,-0.017899,0.077638,-0.003023,-0.0168,0.340364,-0.016652,-0.055715
1.569926,4.997826,-0.01807,0.081146,-0.003194,-0.017377,0.361133,-0.017578,-0.05968
1.570756,4.997793,-0.018247,0.084862,-0.003374,-0.017994,0.382221,-0.018509,-0.063777
1.571624,4.997758,-0.01843,0.088791,-0.003564,-0.018653,0.403604,-0.019444,-0.068005
1.572533,4.997722,-0.01862,0.092935,-0.003763,-0.019355,0.425259,-0.02038,-0.072362
1.573484,4.997683,-0.018817,0.097297,-0.003972,-0.020101,0.447166,-0.021318,-0.076846
1.574479,4.997642,-0.019022,0.101879,-0.00419,-0.020892,0.469302,-0.022256,-0.081455
1.575522,4.997599,-0.019235,0.106684,-0.004417,-0.02173,0.491648,-0.023194,-0.086187
1.576614,4.997554,-0.019457,0.111713,-0.004654,-0.022616,0.514186,-0.024131,-0.09104
1.577757,4.997506,-0.019688,0.116968,-0.0049,-0.023552,0.536895,-0.025067,-0.096012
1.578954,4.997456,-0.019928,0.122451,-0.005155,-0.024537,0.559761,-0.026,-0.101101
1.580207,4.997403,-0.020179,0.128164,-0.00542,-0.025574,0.582765,-0.026932,-0.106305
1.581518,4.997348,-0.02044,0.134107,-0.005694,-0.026664,0.605894,-0.027862,-0.111622
1.58289,4.997289,-0.020712,0.140282,-0.005977,-0.027807,0.629131,-0.028789,-0.11705
1.584324,4.997228,-0.020996,0.14669,-0.006269,-0.029005,0.652464,-0.029714,-0.122587
1.585824,4.997164,-0.021292,0.153332,-0.006571,-0.030259,0.675879,-0.030636,-0.128231
1.587392,4.997097,-0.021601,0.160208,-0.006882,-0.03157,0.699365,-0.031556,-0.13398
1.589029,4.997026,-0.021924,0.167319,-0.007202,-0.032939,0.72291,-0.032474,-0.139832
1.590739,4.996952,-0.02226,0.174666,-0.007532,-0.034367,0.746504,-0.03339,-0.145786
1.592523,4.996875,-0.022611,0.182249,-0.00787,-0.035855,0.770137,-0.034304,-0.151839
1.594385,4.996795,-0.022978,0.190069,-0.008218,-0.037404,0.7938,-0.035218,-0.157989
1.596326,4.996711,-0.02336,0.198125,-0.008574,-0.039015,0.817486,-0.036131,-0.164236
1.598348,4.996623,-0.023758,0.206419,-0.00894,-0.040689,0.841187,-0.037044,-0.170577
1.600455,4.996532,-0.024174,0.214949,-0.009315,-0.042427,0.864896,-0.037958,-0.177011
1.602648,4.996437,-0.024607,0.223717,-0.009699,-0.04423,0.888608,-0.038874,-0.183536
1.60493,4.996338,-0.025059,0.232721,-0.010093,-0.046098,0.912318,-0.039792,-0.19015
1.607303,4.996235,-0.025529,0.241963,-0.010495,-0.048033,0.936022,-0.040713,-0.196853
1.60977,4.996128,-0.026019,0.251442,-0.010907,-0.050035,0.959715,-0.041639,-0.203644
1.612333,4.996017,-0.02653,0.261157,-0.011328,-0.052106,0.983395,-0.042569,-0.21052
1.614994,4.995902,-0.027062,0.27111,-0.011758,-0.054246,1.00706,-0.043507,-0.21748
1.617756,4.995782,-0.027615,0.281298,-0.012198,-0.056456,1.030709,-0.044451,-0.224525
1.620621,4.995658,-0.028191,0.291724,-0.012647,-0.058737,1.05434,-0.045405,-0.231652
1.623591,4.995529,-0.02879,0.302385,-0.013106,-0.061089,1.077953,-0.046368,-0.238861
1.626669,4.995396,-0.029413,0.313283,-0.013575,-0.063514,1.101548,-0.047343,-0.246152
1.629857,4.995257,-0.030061,0.324416,-0.014053,-0.066012,1.125128,-0.04833,-0.253524
1.633158,4.995114,-0.030734,0.335785,-0.014542,-0.068585,1.148693,-0.049332,-0.260975
1.636574,4.994967,-0.031433,0.34739,-0.01504,-0.071232,1.172246,-0.050349,-0.268507
1.640107,4.994814,-0.032159,0.35923,-0.015549,-0.073955,1.19579,-0.051384,-0.276119
1.643759,4.994656,-0.032912,0.371306,-0.016068,-0.076755,1.219328,-0.052437,-0.28381
1.647534,4.994492,-0.033694,0.383617,-0.016597,-0.079632,1.242865,-0.05351,-0.291581
1.651432,4.994324,-0.034505,0.396163,-0.017138,-0.082587,1.266405,-0.054606,-0.299433
1.655458,4.994149,-0.035346,0.408945,-0.01769,-0.085621,1.289953,-0.055725,-0.307365
1.659612,4.99397,-0.036218,0.421962,-0.018253,-0.088734,1.313516,-0.05687,-0.315378
1.663898,4.993784,-0.037121,0.435215,-0.018827,-0.091929,1.337099,-0.058043,-0.323473
1.668317,4.993593,-0.038056,0.448704,-0.019413,-0.095204,1.36071,-0.059244,-0.33165
1.672873,4.993396,-0.039025,0.462429,-0.020012,-0.098562,1.384356,-0.060477,-0.339912
1.677567,4.993193,-0.040028,0.476391,-0.020623,-0.102003,1.408044,-0.061743,-0.348259
1.682401,4.992984,-0.041066,0.49059,-0.021247,-0.105527,1.431784,-0.063044,-0.356692
1.687379,4.992768,-0.042139,0.505027,-0.021884,-0.109137,1.455583,-0.064381,-0.365213
1.692503,4.992546,-0.043249,0.519702,-0.022535,-0.112832,1.479452,-0.065758,-0.373825
1.697774,4.992317,-0.044396,0.534617,-0.023199,-0.116614,1.5034,-0.067176,-0.382528
1.703196,4.992082,-0.045581,0.549771,-0.023878,-0.120483,1.527437,-0.068637,-0.391326
1.70877,4.99184,-0.046806,0.565166,-0.024572,-0.12444,1.551575,-0.070144,-0.400221
1.7145,4.99159,-0.04807,0.580803,-0.025281,-0.128487,1.575824,-0.071697,-0.409215
1.720387,4.991334,-0.049376,0.596683,-0.026006,-0.132625,1.600195,-0.073301,-0.418311
1.726434,4.99107,-0.050723,0.612807,-0.026748,-0.136854,1.624701,-0.074956,-0.427513
1.732644,4.990799,-0.052113,0.629177,-0.027506,-0.141176,1.649355,-0.076665,-0.436824
1.739019,4.99052,-0.053547,0.645795,-0.028281,-0.145591,1.674168,-0.07843,-0.446247
1.745561,4.990233,-0.055025,0.662661,-0.029075,-0.150101,1.699154,-0.080253,-0.455786
1.752273,4.989938,-0.056549,0.679778,-0.029886,-0.154707,1.724326,-0.082138,-0.465446
1.759157,4.989635,-0.05812,0.697148,-0.030717,-0.15941,1.749698,-0.084085,-0.47523
1.766217,4.989324,-0.059738,0.714773,-0.031568,-0.164212,1.775285,-0.086097,-0.485143
1.773453,4.989004,-0.061404,0.732655,-0.03244,-0.169114,1.801101,-0.088176,-0.495191
1.78087,4.988675,-0.06312,0.750796,-0.033332,-0.174116,1.82716,-0.090325,-0.505377
1.78847,4.988337,-0.064887,0.769199,-0.034246,-0.179222,1.853477,-0.092546,-0.515708
1.774582,4.988699,-0.061118,0.77179,-0.034519,-0.18006,1.866183,-0.093711,-0.520885
1.782393,4.98835,-0.062945,0.790579,-0.035468,-0.185318,1.890866,-0.096048,-0.530493
1.790394,4.98799,-0.064825,0.809595,-0.036441,-0.190664,1.911698,-0.098457,-0.538359
1.798586,4.987621,-0.066758,0.8288,-0.037438,-0.196079,1.928654,-0.100931,-0.544503
1.80697,4.987241,-0.068746,0.848155,-0.038459,-0.201548,1.941715,-0.103462,-0.548944
1.815549,4.986851,-0.070789,0.867621,-0.039507,-0.207053,1.950866,-0.106044,-0.5517
1.824323,4.986451,-0.072888,0.887159,-0.040581,-0.212577,1.956096,-0.10867,-0.552792
1.833292,4.98604,-0.075041,0.90673,-0.04168,-0.218103,1.9574,-0.111333,-0.552237
1.842458,4.985617,-0.07725,0.926294,-0.042807,-0.223616,1.954777,-0.114029,-0.550054
1.851818,4.985183,-0.079513,0.945812,-0.043961,-0.229099,1.94823,-0.116752,-0.546261
1.861374,4.984738,-0.081831,0.965246,-0.045142,-0.234536,1.937767,-0.119497,-0.540875
1.871123,4.984281,-0.084204,0.984555,-0.046351,-0.239911,1.9234,-0.12226,-0.533916
1.881064,4.983811,-0.086629,1.003701,-0.047588,-0.245209,1.905144,-0.125035,-0.525401
1.891196,4.983329,-0.089108,1.022645,-0.048852,-0.250414,1.883018,-0.12782,-0.515348
1.901516,4.982834,-0.091637,1.041348,-0.050144,-0.255511,1.857044,-0.130611,-0.503774
1.912022,4.982326,-0.094217,1.059773,-0.051464,-0.260484,1.82725,-0.133404,-0.490698
1.922711,4.981804,-0.096847,1.07788,-0.052812,-0.26532,1.793663,-0.136195,-0.476137
1.933578,4.981269,-0.099523,1.095633,-0.054188,-0.270002,1.756316,-0.138983,-0.460109
1.944622,4.980721,-0.102246,1.112994,-0.055592,-0.274517,1.715245,-0.141763,-0.442633
1.955837,4.980157,-0.105013,1.129926,-0.057023,-0.27885,1.670488,-0.144534,-0.423726
1.967219,4.97958,-0.107822,1.146392,-0.058482,-0.282987,1.622084,-0.147294,-0.403407
1.978763,4.978988,-0.110672,1.162356,-0.059969,-0.286914,1.570078,-0.150039,-0.381694
1.990464,4.97838,-0.11356,1.177782,-0.061483,-0.290616,1.514514,-0.152767,-0.358606
2.002317,4.977758,-0.116484,1.192634,-0.063024,-0.294081,1.455439,-0.155477,-0.334161
2.014315,4.97712,-0.119441,1.206879,-0.064593,-0.297295,1.392903,-0.158166,-0.308379
2.026452,4.976466,-0.122429,1.220481,-0.066188,-0.300244,1.326958,-0.160833,-0.281278
2.038722,4.975796,-0.125445,1.233407,-0.067809,-0.302916,1.257655,-0.163475,-0.25288
2.051118,4.97511,-0.128486,1.245623,-0.069457,-0.305298,1.185049,-0.16609,-0.223203
2.063632,4.974407,-0.13155,1.257097,-0.071131,-0.307376,1.109196,-0.168677,-0.192267
2.076257,4.973687,-0.134632,1.267796,-0.07283,-0.309139,1.030152,-0.171234,-0.160095
2.088986,4.97295,-0.137731,1.27769,-0.074555,-0.310574,0.947975,-0.173757,-0.126705
2.101808,4.972196,-0.140843,1.286746,-0.076305,-0.311669,0.862724,-0.176247,-0.092122
2.114718,4.971424,-0.143963,1.294934,-0.07808,-0.312413,0.774457,-0.178699,-0.056365
2.127704,4.970634,-0.14709,1.302225,-0.079879,-0.312793,0.683235,-0.181112,-0.019457
2.140759,4.969826,-0.150218,1.308589,-0.081702,-0.312798,0.589118,-0.183484,0.018577
2.153873,4.969,-0.153344,1.313998,-0.083549,-0.312417,0.492165,-0.185811,0.057716
2.167036,4.968155,-0.156465,1.318423,-0.085418,-0.31164,0.392438,-0.188092,0.097934
2.180238,4.967292,-0.159576,1.321838,-0.087311,-0.310455,0.289996,-0.190322,0.139208
2.193469,4.966409,-0.162673,1.324214,-0.089225,-0.308852,0.1849,-0.192499,0.181512
2.206719,4.965507,-0.165752,1.325527,-0.09116,-0.306822,0.07721,-0.19462,0.224819
2.219976,4.964586,-0.168808,1.32575,-0.093117,-0.304353,-0.033017,-0.196681,0.269105
2.23323,4.963645,-0.171837,1.324858,-0.095094,-0.301436,-0.145722,-0.198678,0.31434
2.246469,4.962684,-0.174835,1.322827,-0.09709,-0.298063,-0.260846,-0.200606,0.360497
2.259682,4.961703,-0.177797,1.319634,-0.099106,-0.294223,-0.378335,-0.202462,0.407548
2.261509,4.961604,-0.178238,1.319849,-0.099269,-0.294053,-0.386918,-0.202599,0.411001
2.274686,4.960601,-0.181157,1.315394,-0.101304,-0.289709,-0.503063,-0.20436,0.457548
2.287813,4.959578,-0.184031,1.309805,-0.103356,-0.284909,-0.613874,-0.206022,0.502092
2.300879,4.958534,-0.186854,1.303135,-0.105424,-0.279674,-0.71938,-0.207585,0.544645
2.313873,4.957469,-0.189623,1.295435,-0.107508,-0.274023,-0.819609,-0.20905,0.585215
2.326784,4.956384,-0.192333,1.28676,-0.109605,-0.267976,-0.914592,-0.210417,0.623815
2.339605,4.955277,-0.194981,1.277161,-0.111716,-0.261553,-1.004363,-0.211687,0.660455
2.352325,4.954149,-0.197563,1.26669,-0.113838,-0.254773,-1.088953,-0.212861,0.695149
2.364936,4.953,-0.200076,1.255399,-0.115972,-0.247657,-1.168399,-0.21394,0.727907
2.37743,4.95183,-0.202515,1.243339,-0.118117,-0.240222,-1.242736,-0.214925,0.758744
2.3898,4.950638,-0.204879,1.230561,-0.120271,-0.232488,-1.312003,-0.215817,0.787674
2.402039,4.949424,-0.207164,1.217116,-0.122433,-0.224475,-1.37624,-0.216618,0.814709
2.41414,4.948189,-0.209368,1.203053,-0.124603,-0.2162,-1.435489,-0.217327,0.839867
2.426098,4.946932,-0.211487,1.188422,-0.126779,-0.207683,-1.489792,-0.217948,0.863162
2.437907,4.945654,-0.21352,1.173273,-0.128961,-0.198943,-1.539197,-0.218481,0.88461
2.449562,4.944353,-0.215465,1.157655,-0.131148,-0.189997,-1.583749,-0.218927,0.90423
2.461059,4.943031,-0.21732,1.141614,-0.13334,-0.180864,-1.623499,-0.219289,0.922038
2.472393,4.941686,-0.219082,1.1252,-0.135534,-0.171562,-1.6585,-0.219568,0.938054
2.483562,4.94032,-0.220751,1.10846,-0.137731,-0.162109,-1.688804,-0.219765,0.952297
2.494561,4.938932,-0.222324,1.09144,-0.139929,-0.152522,-1.714468,-0.219884,0.964788
2.50539,4.937521,-0.223801,1.074186,-0.142128,-0.142819,-1.735552,-0.219925,0.975548
2.516045,4.936089,-0.22518,1.056744,-0.144327,-0.133017,-1.752116,-0.21989,0.984598
2.526524,4.934635,-0.226461,1.039159,-0.146526,-0.123133,-1.764225,-0.219783,0.991963
2.536827,4.933159,-0.227642,1.021474,-0.148723,-0.113183,-1.771946,-0.219605,0.997665
2.546953,4.93166,-0.228724,1.003734,-0.150918,-0.103185,-1.775347,-0.219358,1.001731
2.556902,4.93014,-0.229706,0.985981,-0.15311,-0.093154,-1.774502,-0.219046,1.004185
2.566673,4.928598,-0.230587,0.968258,-0.155298,-0.083107,-1.769484,-0.218671,1.005056
2.576267,4.927034,-0.231368,0.950605,-0.157483,-0.073058,-1.760373,-0.218235,1.004371
2.585686,4.925449,-0.232048,0.933064,-0.159663,-0.063024,-1.747248,-0.217742,1.00216
2.594929,4.923841,-0.232629,0.915673,-0.161837,-0.05302,-1.730195,-0.217195,0.998452
2.604,4.922212,-0.233109,0.898473,-0.164006,-0.04306,-1.709302,-0.216596,0.993279
2.612899,4.920561,-0.23349,0.8815,-0.166169,-0.033159,-1.684657,-0.21595,0.986674
2.621631,4.918889,-0.233772,0.864792,-0.168325,-0.023331,-1.656357,-0.215259,0.97867
2.630196,4.917195,-0.233957,0.848385,-0.170474,-0.01359,-1.624498,-0.214527,0.969303
2.638599,4.915479,-0.234045,0.832313,-0.172616,-0.00395,-1.589181,-0.213757,0.958609
2.646844,4.913742,-0.234036,0.816612,-0.174749,0.005578,-1.550511,-0.212955,0.946625
2.654933,4.911984,-0.233933,0.801314,-0.176875,0.014979,-1.508597,-0.212123,0.933389
2.662871,4.910205,-0.233737,0.786451,-0.178992,0.024241,-1.46355,-0.211265,0.918943
2.670664,4.908404,-0.233449,0.772053,-0.1811,0.033354,-1.415486,-0.210387,0.903328
2.678314,4.906583,-0.233071,0.758151,-0.183199,0.042304,-1.364525,-0.209492,0.886586
2.685828,4.90474,-0.232604,0.744772,-0.18529,0.051082,-1.310791,-0.208585,0.868762
2.693211,4.902877,-0.23205,0.731944,-0.187371,0.059676,-1.254412,-0.207671,0.849902
2.700469,4.900993,-0.231411,0.719692,-0.189443,0.068076,-1.19552,-0.206755,0.830052
2.707607,4.899088,-0.230689,0.708041,-0.191506,0.076274,-1.134251,-0.205841,0.809261
2.714632,4.897163,-0.229886,0.697014,-0.19356,0.084259,-1.070746,-0.204935,0.787579
2.72155,4.895217,-0.229004,0.686633,-0.195605,0.092023,-1.005149,-0.204043,0.765059
2.728367,4.893251,-0.228046,0.676918,-0.197641,0.099557,-0.93761,-0.20317,0.741753
2.73509,4.891264,-0.227014,0.667887,-0.199668,0.106855,-0.868283,-0.202322,0.717715
2.741727,4.889257,-0.22591,0.659558,-0.201688,0.113909,-0.797326,-0.201504,0.693004
2.748284,4.887231,-0.224737,0.651945,-0.203699,0.120713,-0.724902,-0.200723,0.667675
2.754768,4.885184,-0.223497,0.645064,-0.205702,0.127261,-0.65118,-0.199986,0.641791
2.761188,4.883117,-0.222192,0.638925,-0.207698,0.133547,-0.576333,-0.199298,0.61541
2.767549,4.88103,-0.220826,0.63354,-0.209688,0.139568,-0.500537,-0.198666,0.588598
2.773861,4.878923,-0.219402,0.628917,-0.211672,0.145318,-0.423977,-0.198097,0.561419
2.78013,4.876796,-0.217921,0.625063,-0.21365,0.150795,-0.346839,-0.197599,0.533939
2.786365,4.87465,-0.216387,0.621982,-0.215624,0.155996,-0.269317,-0.197178,0.506227
2.792572,4.872484,-0.214802,0.619677,-0.217594,0.160919,-0.191608,-0.196842,0.478353
2.798761,4.870298,-0.213169,0.618149,-0.219561,0.165563,-0.113918,-0.196599,0.45039
2.804938,4.868092,-0.211492,0.617398,-0.221527,0.169927,-0.036453,-0.196456,0.422411
2.811111,4.865867,-0.209772,0.617419,-0.223491,0.174011,0.04057,-0.196421,0.394493
2.817289,4.863623,-0.208012,0.618207,-0.225455,0.177817,0.116932,-0.196503,0.366713
2.823478,4.861358,-0.206216,0.619755,-0.227421,0.181346,0.192408,-0.196711,0.339151
2.829687,4.859074,-0.204386,0.622052,-0.22939,0.184601,0.266766,-0.197052,0.311889
2.835922,4.85677,-0.202525,0.625085,-0.231363,0.187585,0.33977,-0.197536,0.285011
2.837469,4.856171,-0.202017,0.625945,-0.231875,0.188329,0.358464,-0.197686,0.278108
2.843748,4.853843,-0.20012,0.629884,-0.233854,0.190979,0.428804,-0.198139,0.251989
2.850069,4.851494,-0.198198,0.634511,-0.235836,0.193371,0.496187,-0.198302,0.226695
2.85644,4.849126,-0.196254,0.639798,-0.237819,0.195515,0.560626,-0.198176,0.202222
2.862867,4.846738,-0.194289,0.645714,-0.239799,0.197419,0.622131,-0.197763,0.178565
2.869357,4.84433,-0.192306,0.652231,-0.241773,0.199089,0.680718,-0.197063,0.155721
2.875914,4.841902,-0.190308,0.659319,-0.243739,0.200536,0.736399,-0.196079,0.133683
2.882545,4.839455,-0.188296,0.666949,-0.245694,0.201766,0.78919,-0.194812,0.112448
2.889255,4.836989,-0.186273,0.675093,-0.247635,0.202787,0.839107,-0.193263,0.092009
2.896048,4.834503,-0.184241,0.683722,-0.249558,0.203609,0.886166,-0.191434,0.072362
2.90293,4.831997,-0.182202,0.692807,-0.251462,0.204237,0.930385,-0.189327,0.053501
2.909906,4.829473,-0.180157,0.70232,-0.253344,0.204681,0.971782,-0.186943,0.03542
2.916978,4.826931,-0.178108,0.712233,-0.2552,0.204948,1.010378,-0.184284,0.018112
2.924152,4.824369,-0.176058,0.722518,-0.257029,0.205046,1.046194,-0.181353,0.001571
2.93143,4.82179,-0.174008,0.733148,-0.258827,0.204982,1.079251,-0.17815,-0.014209
2.938816,4.819193,-0.171959,0.744094,-0.260591,0.204764,1.109572,-0.174679,-0.029237
2.946313,4.816578,-0.169913,0.75533,-0.262319,0.2044,1.137183,-0.170941,-0.043518
2.953923,4.813947,-0.167872,0.766829,-0.264009,0.203896,1.162108,-0.166938,-0.057062
2.96165,4.811298,-0.165836,0.778563,-0.265657,0.203261,1.184375,-0.162673,-0.069876
2.969495,4.808634,-0.163807,0.790508,-0.267261,0.202501,1.204012,-0.158148,-0.081968
2.977461,4.805953,-0.161786,0.802635,-0.268819,0.201624,1.22105,-0.153367,-0.093348
2.985548,4.803258,-0.159775,0.81492,-0.270328,0.200637,1.235519,-0.14833,-0.104024
2.99376,4.800547,-0.157774,0.827337,-0.271785,0.199546,1.247452,-0.143041,-0.114006
3.002095,4.797822,-0.155784,0.839861,-0.273188,0.198359,1.256883,-0.137504,-0.123304
3.010557,4.795083,-0.153807,0.852466,-0.274534,0.197082,1.263849,-0.13172,-0.131929
3.019145,4.792332,-0.151843,0.86513,-0.275821,0.195722,1.268387,-0.125693,-0.13989
3.02786,4.789567,-0.149893,0.877826,-0.277047,0.194286,1.270536,-0.119425,-0.1472
3.036702,4.786791,-0.147957,0.890532,-0.278209,0.192781,1.270337,-0.112921,-0.15387
3.04567,4.784003,-0.146037,0.903225,-0.279305,0.191211,1.267833,-0.106184,-0.159911
3.054766,4.781205,-0.144133,0.915882,-0.280332,0.189584,1.263068,-0.099217,-0.165337
3.063988,4.778397,-0.142246,0.928479,-0.281288,0.187906,1.256089,-0.092023,-0.170161
3.073335,4.775579,-0.140375,0.940996,-0.282172,0.186183,1.246943,-0.084607,-0.174395
3.082807,4.772754,-0.138522,0.953411,-0.28298,0.18442,1.235682,-0.076972,-0.178055
3.092403,4.76992,-0.136687,0.965703,-0.283711,0.182624,1.222356,-0.069122,-0.181153
3.102121,4.76708,-0.13487,0.977851,-0.284362,0.180799,1.20702,-0.061062,-0.183706
3.111959,4.764233,-0.133071,0.989837,-0.284931,0.178952,1.189731,-0.052796,-0.185729
3.121917,4.761381,-0.131291,1.00164,-0.285417,0.177086,1.170546,-0.044328,-0.187238
3.131992,4.758525,-0.129529,1.013242,-0.285817,0.175208,1.149527,-0.035663,-0.188249
3.142181,4.755665,-0.127787,1.024624,-0.286129,0.173323,1.126735,-0.026805,-0.18878
3.152483,4.752803,-0.126063,1.035771,-0.286352,0.171434,1.102236,-0.01776,-0.188848
3.162896,4.749939,-0.124358,1.046664,-0.286484,0.169547,1.076096,-0.008532,-0.188472
3.173416,4.747073,-0.122672,1.057287,-0.286523,0.167666,1.048386,0.000874,-0.18767
3.184041,4.744208,-0.121005,1.067626,-0.286466,0.165795,1.019177,0.010451,-0.186463
3.194767,4.741344,-0.119356,1.077666,-0.286313,0.163938,0.988544,0.020195,-0.18487
3.205593,4.738482,-0.117726,1.087393,-0.286062,0.162099,0.956563,0.0301,-0.182911
3.216514,4.735624,-0.116114,1.096793,-0.28571,0.160281,0.923313,0.04016,-0.180609
3.227528,4.732769,-0.11452,1.105855,-0.285258,0.158488,0.888876,0.050369,-0.177985
3.23863,4.729919,-0.112944,1.114567,-0.284703,0.156723,0.853337,0.060721,-0.175062
3.249818,4.727075,-0.111386,1.122918,-0.284043,0.154988,0.816782,0.071209,-0.171863
3.261087,4.724238,-0.109844,1.1309,-0.283278,0.153286,0.779302,0.081827,-0.168413
3.272434,4.72141,-0.10832,1.138502,-0.282406,0.15162,0.740987,0.092569,-0.164735
3.283856,4.71859,-0.106812,1.145717,-0.281426,0.149992,0.701935,0.103427,-0.160856
3.295347,4.715782,-0.10532,1.152538,-0.280337,0.148404,0.662242,0.114395,-0.156802
3.306905,4.712984,-0.103844,1.15896,-0.279138,0.146857,0.62201,0.125464,-0.152599
3.318525,4.710199,-0.102383,1.164977,-0.277828,0.145352,0.581341,0.136628,-0.148275
3.330203,4.707428,-0.100936,1.170586,-0.276405,0.143891,0.540344,0.147879,-0.143859
3.341936,4.704671,-0.099505,1.175783,-0.27487,0.142475,0.499126,0.159209,-0.139378
3.353718,4.701931,-0.098087,1.180568,-0.273221,0.141104,0.457801,0.17061,-0.134865
3.365546,4.699207,-0.096682,1.184939,-0.271457,0.139778,0.416485,0.182073,-0.130348
3.377415,4.696502,-0.095291,1.188898,-0.269579,0.138497,0.375296,0.193591,-0.125859
3.389322,4.693816,-0.093912,1.192446,-0.267585,0.137261,0.334356,0.205154,-0.121431
3.401263,4.691151,-0.092546,1.195586,-0.265476,0.136068,0.293791,0.216754,-0.117097
3.413233,4.688507,-0.091191,1.198323,-0.26325,0.134918,0.253728,0.228382,-0.11289
3.425228,4.685886,-0.089847,1.200663,-0.260908,0.13381,0.2143,0.240027,-0.108846
3.437244,4.683289,-0.088514,1.202612,-0.25845,0.132741,0.175641,0.251682,-0.104999
3.449279,4.680718,-0.087192,1.204179,-0.255875,0.131709,0.137889,0.263335,-0.101387
3.461327,4.678172,-0.08588,1.205373,-0.253183,0.130712,0.101187,0.274977,-0.098046
3.47007,4.676345,-0.084937,1.206017,-0.25116,0.130009,0.075332,0.2834,-0.095816
3.482133,4.673847,-0.083642,1.206596,-0.248268,0.129065,0.04067,0.294854,-0.093075
3.4942,4.67138,-0.082356,1.206834,-0.245264,0.128146,0.007131,0.305986,-0.090764
3.506269,4.668942,-0.081079,1.206742,-0.24215,0.127248,-0.025291,0.316796,-0.08888
3.518334,4.666537,-0.079811,1.206332,-0.238929,0.126367,-0.056601,0.327283,-0.087417
3.530394,4.664164,-0.078551,1.205614,-0.235605,0.125498,-0.086807,0.337446,-0.086371
3.542446,4.661825,-0.077301,1.204599,-0.232181,0.124638,-0.115914,0.347285,-0.085737
3.554485,4.659521,-0.076059,1.203299,-0.228661,0.123782,-0.14393,0.356801,-0.085512
3.566511,4.657252,-0.074825,1.201724,-0.225046,0.122926,-0.170861,0.365992,-0.085689
3.578519,4.65502,-0.0736,1.199885,-0.221342,0.122067,-0.196715,0.374859,-0.086264
3.590507,4.652826,-0.072384,1.197793,-0.21755,0.1212,-0.221499,0.383402,-0.087232
3.602474,4.65067,-0.071176,1.195459,-0.213675,0.120321,-0.24522,0.39162,-0.088589
3.614416,4.648553,-0.069977,1.192892,-0.209719,0.119427,-0.267888,0.399515,-0.090329
3.626331,4.646475,-0.068788,1.190105,-0.205686,0.118513,-0.28951,0.407086,-0.092448
3.638217,4.644439,-0.067607,1.187106,-0.201578,0.117576,-0.310095,0.414333,-0.094941
3.650072,4.642444,-0.066436,1.183906,-0.1974,0.116613,-0.329653,0.421258,-0.097801
3.661895,4.640491,-0.065275,1.180516,-0.193154,0.115619,-0.348192,0.427861,-0.101025
3.673682,4.638581,-0.064124,1.176946,-0.188844,0.114591,-0.365721,0.434142,-0.104607
3.685433,4.636715,-0.062983,1.173205,-0.184472,0.113526,-0.382252,0.440102,-0.108541
3.697146,4.634892,-0.061854,1.169304,-0.180043,0.112419,-0.397795,0.445742,-0.112823
3.708819,4.633114,-0.060735,1.165252,-0.175559,0.111268,-0.412359,0.451063,-0.117447
3.72045,4.631381,-0.059628,1.16106,-0.171023,0.110069,-0.425956,0.456066,-0.122407
3.732039,4.629694,-0.058534,1.156736,-0.166438,0.108819,-0.438597,0.460752,-0.127699
3.743585,4.628052,-0.057452,1.152291,-0.161809,0.107514,-0.450294,0.465123,-0.133315
3.755085,4.626458,-0.056384,1.147734,-0.157137,0.106152,-0.46106,0.46918,-0.139251
3.766539,4.62491,-0.055329,1.143073,-0.152426,0.104728,-0.470905,0.472923,-0.145501
3.777946,4.623409,-0.054289,1.138319,-0.14768,0.103241,-0.479844,0.476356,-0.152059
3.789305,4.621956,-0.053265,1.133479,-0.1429,0.101686,-0.487889,0.47948,-0.15892
3.800615,4.620551,-0.052256,1.128564,-0.138091,0.100061,-0.495054,0.482295,-0.166076
3.811876,4.619195,-0.051264,1.123581,-0.133255,0.098363,-0.501352,0.484805,-0.173522
3.823087,4.617886,-0.050289,1.118539,-0.128396,0.09659,-0.506799,0.487011,-0.181253
3.834247,4.616627,-0.049332,1.113448,-0.123516,0.094737,-0.511408,0.488916,-0.189261
3.845356,4.615416,-0.048394,1.108314,-0.118619,0.092804,-0.515196,0.490522,-0.197541
3.856413,4.614254,-0.047476,1.103147,-0.113707,0.090786,-0.518177,0.49183,-0.206086
3.867418,4.613142,-0.046579,1.097953,-0.108783,0.088681,-0.520368,0.492844,-0.214889
3.878372,4.612079,-0.045703,1.092742,-0.103851,0.086487,-0.521785,0.493566,-0.223944
3.889273,4.611065,-0.04485,1.08752,-0.098913,0.084201,-0.522444,0.493999,-0.233245
3.900122,4.610101,-0.044019,1.082295,-0.093972,0.081821,-0.522364,0.494145,-0.242785
3.910919,4.609186,-0.043213,1.077075,-0.089031,0.079345,-0.521562,0.494008,-0.252556
3.921664,4.60832,-0.042433,1.071866,-0.084092,0.07677,-0.520056,0.493591,-0.262552
3.932357,4.607504,-0.041678,1.066676,-0.07916,0.074093,-0.517865,0.492897,-0.272766
3.942997,4.606737,-0.040951,1.061511,-0.074235,0.071314,-0.515008,0.491929,-0.28319
3.953587,4.606019,-0.040253,1.056378,-0.069322,0.068429,-0.511505,0.49069,-0.293819
3.964125,4.60535,-0.039583,1.051283,-0.064423,0.065437,-0.507375,0.489185,-0.304643
3.974613,4.60473,-0.038944,1.046233,-0.059539,0.062335,-0.50264,0.487417,-0.315656
3.98505,4.604159,-0.038337,1.041232,-0.054675,0.059123,-0.49732,0.485389,-0.326851
3.995438,4.603637,-0.037762,1.036288,-0.049832,0.055798,-0.491437,0.483106,-0.338219
4.005776,4.603163,-0.037221,1.031406,-0.045014,0.052358,-0.485013,0.480572,-0.349752
4.016066,4.602736,-0.036715,1.02659,-0.040222,0.048802,-0.478071,0.477791,-0.361444
4.026308,4.602358,-0.036246,1.021846,-0.035459,0.045129,-0.470633,0.474767,-0.373286
4.036503,4.602027,-0.035813,1.017179,-0.030727,0.041336,-0.462724,0.471505,-0.385271
4.046652,4.601743,-0.035419,1.012593,-0.026029,0.037423,-0.454368,0.46801,-0.397388
4.056755,4.601506,-0.035065,1.008093,-0.021368,0.033388,-0.445589,0.464286,-0.409632
4.066814,4.601316,-0.034752,1.003682,-0.016744,0.02923,-0.436412,0.460338,-0.421993
4.076829,4.601171,-0.034481,0.999366,-0.012162,0.024947,-0.426864,0.456171,-0.434462
4.086802,4.601073,-0.034253,0.995146,-0.007622,0.02054,-0.41697,0.451791,-0.447031
4.096732,4.601019,-0.034071,0.991027,-0.003127,0.016007,-0.406758,0.447202,-0.459692
4.106623,4.60101,-0.033934,0.987012,0.001322,0.011346,-0.396256,0.442411,-0.472435
4.116473,4.601045,-0.033844,0.983103,0.005721,0.006558,-0.38549,0.437422,-0.485251
4.126285,4.601124,-0.033803,0.979303,0.010069,0.001641,-0.37449,0.432242,-0.498131
4.136059,4.601246,-0.033812,0.975614,0.014365,-0.003405,-0.363285,0.426876,-0.511067
4.145798,4.601411,-0.033871,0.972038,0.018606,-0.008581,-0.351905,0.42133,-0.524047
4.155501,4.601618,-0.033984,0.968576,0.022791,-0.013886,-0.34038,0.415612,-0.537064
4.16517,4.601867,-0.03415,0.965231,0.026918,-0.019322,-0.328741,0.409726,-0.550108
4.174806,4.602156,-0.034371,0.962002,0.030985,-0.024888,-0.317021,0.40368,-0.563168
4.18441,4.602486,-0.034648,0.95889,0.034991,-0.030586,-0.30525,0.39748,-0.576235
4.193984,4.602856,-0.034983,0.955897,0.038934,-0.036413,-0.293463,0.391132,-0.589298
4.203528,4.603265,-0.035377,0.953021,0.042813,-0.042371,-0.281692,0.384645,-0.602348
4.213045,4.603712,-0.035831,0.950263,0.046627,-0.04846,-0.269971,0.378025,-0.615374
4.222534,4.604197,-0.036346,0.947621,0.050373,-0.054679,-0.258336,0.371279,-0.628365
4.231997,4.604719,-0.036925,0.945096,0.054052,-0.061027,-0.246822,0.364414,-0.641312
4.241436,4.605278,-0.037567,0.942684,0.057661,-0.067505,-0.235465,0.357439,-0.654203
4.250851,4.605872,-0.038275,0.940386,0.0612,-0.074111,-0.224301,0.350361,-0.667028
4.260244,4.606502,-0.03905,0.938198,0.064668,-0.080845,-0.213369,0.343187,-0.679774
4.269616,4.607165,-0.039892,0.936118,0.068064,-0.087706,-0.202706,0.335927,-0.692432
4.278967,4.607863,-0.040804,0.934143,0.071386,-0.094693,-0.192351,0.328588,-0.70499
4.288299,4.608593,-0.041787,0.932269,0.074635,-0.101806,-0.182343,0.321178,-0.717436
4.297613,4.609355,-0.042841,0.930494,0.07781,-0.109042,-0.172723,0.313707,-0.729759
4.306909,4.610149,-0.043968,0.928813,0.080909,-0.1164,-0.163531,0.306182,-0.741947
4.309214,4.610351,-0.044259,0.92841,0.081667,-0.118247,-0.161319,0.304306,-0.744952
4.318491,4.611183,-0.045479,0.926841,0.084672,-0.125755,-0.152494,0.296464,-0.756463
4.327752,4.612044,-0.046775,0.92536,0.087595,-0.133372,-0.143707,0.288062,-0.766845
4.336998,4.612934,-0.048147,0.923966,0.090431,-0.141088,-0.134957,0.27911,-0.776109
4.346231,4.613852,-0.049597,0.92266,0.093175,-0.148891,-0.126242,0.269618,-0.784266
4.355452,4.614797,-0.051125,0.921441,0.095822,-0.15677,-0.117559,0.259595,-0.791326
4.36466,4.615768,-0.052732,0.920309,0.098365,-0.164714,-0.108906,0.249051,-0.797301
4.373858,4.616764,-0.054419,0.919263,0.100801,-0.172712,-0.100281,0.237997,-0.802202
4.383046,4.617784,-0.056187,0.918303,0.103124,-0.180754,-0.091681,0.226441,-0.806041
4.392224,4.618826,-0.058034,0.917429,0.105328,-0.188829,-0.083105,0.214395,-0.80883
4.401395,4.61989,-0.059963,0.916641,0.10741,-0.196927,-0.07455,0.201869,-0.810581
4.410558,4.620974,-0.061973,0.915938,0.109364,-0.205037,-0.066014,0.188872,-0.811306
4.419714,4.622077,-0.064064,0.915321,0.111186,-0.21315,-0.057493,0.175415,-0.811019
4.428864,4.623197,-0.066236,0.914788,0.112871,-0.221254,-0.048987,0.161509,-0.809732
4.43801,4.624334,-0.068489,0.914341,0.114415,-0.229341,-0.040491,0.147165,-0.807458
4.447151,4.625485,-0.070823,0.913979,0.115813,-0.2374,-0.032005,0.132392,-0.804212
4.45629,4.62665,-0.073237,0.913701,0.117061,-0.245422,-0.023525,0.117201,-0.800007
4.465426,4.627826,-0.075731,0.913508,0.118155,-0.253397,-0.015049,0.101604,-0.794858
4.47456,4.629012,-0.078305,0.9134,0.119092,-0.261316,-0.006574,0.085611,-0.788779
4.483694,4.630207,-0.080957,0.913377,0.119866,-0.26917,0.001902,0.069234,-0.781785
4.492828,4.631409,-0.083688,0.913438,0.120475,-0.276949,0.010382,0.052484,-0.773891
4.501963,4.632616,-0.086496,0.913584,0.120915,-0.284645,0.018868,0.035372,-0.765114
4.5111,4.633827,-0.08938,0.913815,0.121181,-0.292248,0.027364,0.017909,-0.75547
4.52024,4.635039,-0.092341,0.914132,0.121272,-0.299751,0.035871,0.000107,-0.744974
4.529383,4.636252,-0.095375,0.914533,0.121182,-0.307145,0.044394,-0.018022,-0.733644
4.538531,4.637462,-0.098483,0.91502,0.12091,-0.314422,0.052934,-0.036466,-0.721498
4.547683,4.638669,-0.101663,0.915592,0.120452,-0.321572,0.061494,-0.055214,-0.708552
4.556843,4.639871,-0.104914,0.916249,0.119805,-0.32859,0.070078,-0.074253,-0.694826
4.566009,4.641065,-0.108234,0.916993,0.118966,-0.335466,0.078687,-0.093571,-0.680338
4.575183,4.642249,-0.111623,0.917823,0.117933,-0.342194,0.087326,-0.113156,-0.665107
4.584366,4.643423,-0.115078,0.91874,0.116702,-0.348766,0.095997,-0.132995,-0.649152
4.593558,4.644583,-0.118598,0.919743,0.115272,-0.355175,0.104703,-0.153076,-0.632495
4.602761,4.645727,-0.122181,0.920834,0.11364,-0.361414,0.113447,-0.173385,-0.615154
4.611975,4.646855,-0.125825,0.922012,0.111804,-0.367476,0.122232,-0.193909,-0.597153
4.621201,4.647963,-0.12953,0.923279,0.109761,-0.373355,0.131062,-0.214636,-0.578511
4.630441,4.649049,-0.133292,0.924634,0.10751,-0.379044,0.13994,-0.235553,-0.559252
4.639694,4.650112,-0.13711,0.926078,0.105049,-0.384538,0.148868,-0.256645,-0.539398
4.648963,4.65115,-0.140982,0.927611,0.102377,-0.38983,0.157851,-0.277899,-0.518971
4.658247,4.652159,-0.144906,0.929235,0.099491,-0.394915,0.166891,-0.299301,-0.497997
4.667548,4.653139,-0.148879,0.930949,0.09639,-0.399788,0.175992,-0.320838,-0.4765
4.676866,4.654086,-0.152901,0.932755,0.093074,-0.404444,0.185157,-0.342495,-0.454503
4.686203,4.654999,-0.156968,0.934653,0.08954,-0.408877,0.19439,-0.364257,-0.432034
4.695559,4.655876,-0.161078,0.936643,0.085788,-0.413083,0.203694,-0.386111,-0.409118
4.704936,4.656715,-0.165228,0.938727,0.081818,-0.417058,0.213074,-0.408042,-0.385781
4.714334,4.657512,-0.169418,0.940905,0.077627,-0.420797,0.222532,-0.430034,-0.362052
4.723755,4.658266,-0.173644,0.943178,0.073217,-0.424298,0.232072,-0.452072,-0.337958
4.733198,4.658976,-0.177903,0.945547,0.068586,-0.427555,0.241698,-0.474142,-0.313528
4.742666,4.659637,-0.182194,0.948012,0.063734,-0.430567,0.251414,-0.496228,-0.288791
4.752159,4.660249,-0.186514,0.950575,0.058661,-0.43333,0.261223,-0.518314,-0.263778
4.761678,4.66081,-0.19086,0.953237,0.053368,-0.435842,0.271131,-0.540384,-0.238518
4.771224,4.661316,-0.19523,0.955998,0.047854,-0.4381,0.281139,-0.562423,-0.213044
4.780798,4.661766,-0.199621,0.95886,0.042119,-0.440102,0.291253,-0.584413,-0.187387
4.790401,4.662158,-0.204031,0.961824,0.036166,-0.441847,0.301477,-0.606339,-0.161581
4.800035,4.662489,-0.208457,0.96489,0.029993,-0.443333,0.311814,-0.628184,-0.135659
4.809699,4.662757,-0.212897,0.96806,0.023602,-0.44456,0.322269,-0.64993,-0.109654
4.819396,4.66296,-0.217347,0.971336,0.016995,-0.445526,0.332846,-0.671561,-0.083603
4.829126,4.663096,-0.221806,0.974718,0.010171,-0.446232,0.34355,-0.693059,-0.05754
4.838891,4.663163,-0.226271,0.978207,0.003134,-0.446677,0.354384,-0.714407,-0.031503
4.848691,4.663158,-0.230739,0.981806,-0.004116,-0.446862,0.365354,-0.735587,-0.005529
4.858528,4.66308,-0.235207,0.985515,-0.011577,-0.446788,0.376463,-0.75658,0.020345
4.86378,4.663007,-0.237586,0.987535,-0.015635,-0.446643,0.382436,-0.767676,0.034067
4.873675,4.662812,-0.24205,0.991415,-0.023414,-0.446175,0.393522,-0.787861,0.059347
4.883609,4.662538,-0.246509,0.995404,-0.031388,-0.445459,0.404258,-0.806856,0.083731
4.893583,4.662184,-0.250959,0.999499,-0.039547,-0.444504,0.414636,-0.824673,0.107225
4.903599,4.661747,-0.255398,1.003696,-0.047878,-0.443318,0.42465,-0.841319,0.129836
4.913658,4.661226,-0.259824,1.007991,-0.056369,-0.44191,0.434292,-0.856807,0.15157
4.923759,4.660619,-0.264235,1.01238,-0.06501,-0.440289,0.443554,-0.871145,0.172436
4.933905,4.659925,-0.268629,1.016861,-0.073789,-0.438464,0.452428,-0.884345,0.192439
4.944097,4.659143,-0.273004,1.021428,-0.082693,-0.436443,0.460907,-0.896418,0.211587
4.954334,4.658271,-0.277358,1.026077,-0.091713,-0.434235,0.468982,-0.907375,0.229888
4.964619,4.657308,-0.281688,1.030806,-0.100837,-0.431848,0.476646,-0.917227,0.24735
4.974951,4.656254,-0.285994,1.035609,-0.110054,-0.429291,0.483891,-0.925987,0.26398
4.985331,4.655107,-0.290273,1.040482,-0.119353,-0.426571,0.490708,-0.933665,0.279786
4.995761,4.653866,-0.294525,1.045422,-0.128724,-0.423698,0.497091,-0.940275,0.294778
5.00624,4.652532,-0.298747,1.050423,-0.138155,-0.420679,0.50303,-0.945829,0.308962
5.016769,4.651103,-0.302938,1.055481,-0.147637,-0.417521,0.508517,-0.950339,0.322349
5.027349,4.649579,-0.307097,1.060591,-0.157159,-0.414234,0.513546,-0.953819,0.334947
5.037981,4.64796,-0.311222,1.06575,-0.16671,-0.410825,0.518107,-0.956283,0.346766
5.048665,4.646245,-0.315313,1.070952,-0.176281,-0.407301,0.522193,-0.957744,0.357813
5.0594,4.644434,-0.319368,1.076192,-0.185862,-0.403671,0.525796,-0.958215,0.3681
5.070189,4.642528,-0.323386,1.081466,-0.195442,-0.399942,0.528909,-0.957712,0.377635
5.08103,4.640525,-0.327366,1.086769,-0.205013,-0.396121,0.531523,-0.956248,0.386429
5.091924,4.638428,-0.331308,1.092095,-0.214564,-0.392216,0.53363,-0.95384,0.394492
5.102872,4.636234,-0.335211,1.09744,-0.224086,-0.388234,0.535224,-0.950501,0.401834
5.113873,4.633946,-0.339073,1.102798,-0.233571,-0.384181,0.536297,-0.946248,0.408467
5.124928,4.631563,-0.342894,1.108164,-0.243008,-0.380067,0.536842,-0.941096,0.414399
5.136036,4.629086,-0.346674,1.113533,-0.25239,-0.375896,0.53685,-0.935062,0.419644
5.147198,4.626515,-0.350412,1.118899,-0.261707,-0.371676,0.536316,-0.928162,0.424211
5.158414,4.623852,-0.354107,1.124257,-0.27095,-0.367414,0.535233,-0.920413,0.428113
5.169683,4.621097,-0.35776,1.129602,-0.280112,-0.363116,0.533593,-0.911833,0.431361
5.181006,4.61825,-0.361369,1.134927,-0.289184,-0.358789,0.53139,-0.902438,0.433967
5.192382,4.615313,-0.364936,1.140228,-0.298158,-0.354439,0.528618,-0.892247,0.435944
5.203811,4.612287,-0.368458,1.145498,-0.307026,-0.350072,0.52527,-0.881279,0.437303
5.215292,4.609173,-0.371937,1.150731,-0.315781,-0.345695,0.521341,-0.86955,0.438058
5.226825,4.605972,-0.375372,1.155923,-0.324415,-0.341313,0.516825,-0.857082,0.438221
5.23841,4.602685,-0.378763,1.161066,-0.33292,-0.336932,0.511716,-0.843893,0.437806
5.250046,4.599314,-0.382111,1.166155,-0.34129,-0.332558,0.506009,-0.830002,0.436825
5.261733,4.59586,-0.385414,1.171184,-0.349518,-0.328197,0.499699,-0.815431,0.435293
5.27347,4.592324,-0.388675,1.176147,-0.357597,-0.323854,0.492782,-0.800199,0.433223
5.285256,4.588709,-0.391892,1.181038,-0.36552,-0.319535,0.485251,-0.784327,0.43063
5.29709,4.585014,-0.395065,1.18585,-0.373281,-0.315243,0.477105,-0.767837,0.427528
5.308972,4.581244,-0.398197,1.190578,-0.380875,-0.310986,0.468338,-0.75075,0.423931
5.320901,4.577398,-0.401285,1.195215,-0.388294,-0.306766,0.458946,-0.733088,0.419854
5.332876,4.573478,-0.404332,1.199754,-0.395535,-0.30259,0.448928,-0.714874,0.415313
5.344896,4.569487,-0.407337,1.204191,-0.40259,-0.298462,0.438279,-0.696131,0.410323
5.35696,4.565427,-0.410301,1.208518,-0.409456,-0.294385,0.426997,-0.676882,0.404899
5.369066,4.561299,-0.413225,1.212729,-0.416126,-0.290365,0.41508,-0.65715,0.399059
5.381214,4.557105,-0.416109,1.216817,-0.422597,-0.286405,0.402525,-0.636961,0.392816
5.393402,4.552848,-0.418953,1.220777,-0.428864,-0.28251,0.389332,-0.616338,0.386189
5.405629,4.548529,-0.421759,1.224602,-0.434923,-0.278683,0.375499,-0.595306,0.379194
5.417894,4.54415,-0.424527,1.228285,-0.440769,-0.274927,0.361026,-0.57389,0.371848
5.430194,4.539714,-0.427258,1.23182,-0.446399,-0.271247,0.345911,-0.552118,0.364168
5.442529,4.535223,-0.429953,1.235201,-0.45181,-0.267645,0.330156,-0.530014,0.356172
5.454898,4.530679,-0.432611,1.238421,-0.456998,-0.264125,0.31376,-0.507606,0.347878
5.467297,4.526084,-0.435235,1.241474,-0.461961,-0.260688,0.296725,-0.484921,0.339304
5.479727,4.52144,-0.437825,1.244354,-0.466696,-0.257339,0.279051,-0.461986,0.330467
5.492184,4.51675,-0.440382,1.247053,-0.4712,-0.25408,0.260741,-0.43883,0.321388
5.504667,4.512017,-0.442907,1.249566,-0.475472,-0.250912,0.241798,-0.415481,0.312085
5.517174,4.507242,-0.445401,1.251887,-0.479509,-0.247839,0.222223,-0.391968,0.302577
5.529704,4.502427,-0.447864,1.254009,-0.483311,-0.244861,0.20202,-0.368321,0.292884
5.542254,4.497576,-0.450299,1.255925,-0.486875,-0.241982,0.181193,-0.344569,0.283025
5.554822,4.492691,-0.452704,1.25763,-0.490202,-0.239201,0.159746,-0.320744,0.273021
5.567406,4.487773,-0.455083,1.259118,-0.49329,-0.236522,0.137685,-0.296876,0.262893
5.580004,4.482826,-0.457435,1.260382,-0.496139,-0.233944,0.115014,-0.272996,0.25266
5.592613,4.477851,-0.459762,1.261416,-0.49875,-0.231469,0.091739,-0.249137,0.242345
5.605231,4.472851,-0.462065,1.262215,-0.501122,-0.229097,0.067868,-0.22533,0.231969
5.617856,4.467829,-0.464344,1.262772,-0.503257,-0.22683,0.043406,-0.201609,0.221552
5.630486,4.462787,-0.466602,1.263081,-0.505155,-0.224666,0.018362,-0.178008,0.211118
5.643117,4.457727,-0.468838,1.263137,-0.506818,-0.222607,-0.007256,-0.15456,0.200688
5.655748,4.452652,-0.471054,1.262934,-0.508247,-0.220652,-0.033439,-0.131299,0.190285
5.668375,4.447563,-0.473251,1.262467,-0.509444,-0.218801,-0.060178,-0.108261,0.179933
5.680996,4.442463,-0.475431,1.261729,-0.510413,-0.217053,-0.087463,-0.085481,0.169653
5.693608,4.437355,-0.477593,1.260715,-0.511155,-0.215408,-0.115283,-0.062996,0.159471
5.706209,4.432241,-0.479739,1.259421,-0.511674,-0.213864,-0.143626,-0.040841,0.14941
5.718796,4.427123,-0.48187,1.257841,-0.511973,-0.212419,-0.172481,-0.019054,0.139493
5.731365,4.422002,-0.483988,1.25597,-0.512056,-0.211073,-0.201834,0.002328,0.129746
5.743914,4.416882,-0.486092,1.253803,-0.511928,-0.209824,-0.231673,0.023265,0.120193
5.75644,4.411764,-0.488185,1.251335,-0.511593,-0.208669,-0.261983,0.043721,0.110861
5.76894,4.406651,-0.490266,1.248562,-0.511055,-0.207606,-0.292749,0.063654,0.101773
5.78141,4.401544,-0.492337,1.245479,-0.510321,-0.206632,-0.323957,0.083026,0.092956
5.793849,4.396445,-0.494399,1.242081,-0.509397,-0.205746,-0.355589,0.101796,0.084437
5.806251,4.391357,-0.496452,1.238365,-0.508288,-0.204942,-0.387628,0.119924,0.076241
5.818615,4.38628,-0.498498,1.234327,-0.507001,-0.20422,-0.420058,0.137366,0.068397
5.830937,4.381217,-0.500537,1.229963,-0.505543,-0.203573,-0.452859,0.154082,0.06093
5.843213,4.37617,-0.50257,1.225269,-0.503922,-0.203,-0.486012,0.170028,0.053869
5.855441,4.371139,-0.504597,1.220242,-0.502145,-0.202494,-0.519497,0.185162,0.047241
5.867617,4.366127,-0.50662,1.214878,-0.500221,-0.202053,-0.553294,0.199439,0.041075
5.870988,4.364739,-0.507181,1.213329,-0.499662,-0.201941,-0.56273,0.203245,0.039449
5.883092,4.359753,-0.509198,1.207533,-0.497564,-0.201575,-0.596105,0.216214,0.033965
5.895137,4.354788,-0.511212,1.201411,-0.495342,-0.20126,-0.628181,0.227964,0.029088
5.907119,4.349847,-0.513224,1.194974,-0.493009,-0.200991,-0.658956,0.238509,0.024811
5.919036,4.344929,-0.515232,1.188236,-0.490576,-0.200762,-0.68843,0.247864,0.021131
5.930883,4.340035,-0.517239,1.18121,-0.488055,-0.200567,-0.716603,0.256042,0.018042
5.942659,4.335168,-0.519244,1.173908,-0.485459,-0.200399,-0.743474,0.263058,0.015539
5.954361,4.330326,-0.521247,1.166345,-0.482798,-0.200254,-0.769043,0.268927,0.013617
5.965985,4.325512,-0.523249,1.158532,-0.480084,-0.200125,-0.793312,0.273663,0.012271
5.97753,4.320725,-0.52525,1.150483,-0.477328,-0.200006,-0.816281,0.277282,0.011494
5.988994,4.315965,-0.527249,1.142211,-0.474542,-0.199893,-0.837952,0.2798,0.011282
6.000374,4.311234,-0.529247,1.133728,-0.471736,-0.199779,-0.858328,0.281232,0.011627
6.011668,4.306531,-0.531245,1.125048,-0.468921,-0.199659,-0.87741,0.281595,0.012525
6.022874,4.301856,-0.53324,1.116184,-0.466108,-0.199527,-0.895202,0.280905,0.013968
6.033991,4.297209,-0.535235,1.107149,-0.463306,-0.199378,-0.911707,0.27918,0.01595
6.045017,4.292589,-0.537228,1.097954,-0.460527,-0.199206,-0.926929,0.276436,0.018465
6.05595,4.287998,-0.539219,1.088614,-0.457781,-0.199006,-0.940874,0.272691,0.021506
6.066789,4.283434,-0.541208,1.079141,-0.455077,-0.198774,-0.953547,0.267964,0.025065
6.077532,4.278896,-0.543194,1.069548,-0.452425,-0.198503,-0.964954,0.262272,0.029136
6.088179,4.274385,-0.545178,1.059846,-0.449834,-0.19819,-0.9751,0.255635,0.033711
6.098729,4.269899,-0.547158,1.05005,-0.447315,-0.197828,-0.983995,0.248073,0.038782
6.10918,4.265438,-0.549134,1.04017,-0.444876,-0.197412,-0.991645,0.239604,0.044341
6.119532,4.261001,-0.551106,1.030221,-0.442526,-0.196939,-0.998059,0.230249,0.050381
6.129784,4.256588,-0.553073,1.020213,-0.440274,-0.196403,-1.003247,0.220028,0.056892
6.139936,4.252196,-0.555034,1.01016,-0.438128,-0.1958,-1.007219,0.208964,0.063866
6.149987,4.247825,-0.556989,1.000073,-0.436097,-0.195124,-1.009987,0.197076,0.071295
6.159937,4.243473,-0.558936,0.989964,-0.434189,-0.194372,-1.011561,0.184388,0.079168
6.169786,4.23914,-0.560876,0.979846,-0.432412,-0.19354,-1.011954,0.170922,0.087477
6.179534,4.234825,-0.562807,0.969729,-0.430774,-0.192621,-1.01118,0.156701,0.096213
6.189181,4.230524,-0.564728,0.959626,-0.429281,-0.191614,-1.009254,0.141749,0.105364
6.198727,4.226238,-0.566639,0.949548,-0.427941,-0.190513,-1.006189,0.12609,0.114921
6.208172,4.221965,-0.568538,0.939506,-0.426761,-0.189314,-1.002003,0.109749,0.124874
6.217517,4.217703,-0.570425,0.929511,-0.425748,-0.188014,-0.996713,0.09275,0.135211
6.226763,4.21345,-0.572298,0.919575,-0.424908,-0.186609,-0.990336,0.07512,0.145922
6.235909,4.209204,-0.574156,0.909708,-0.424248,-0.185094,-0.982892,0.056885,0.156994
6.244957,4.204964,-0.575999,0.899921,-0.423772,-0.183468,-0.9744,0.038072,0.168418
6.253908,4.200728,-0.577825,0.890224,-0.423488,-0.181725,-0.964881,0.018709,0.180179
6.262762,4.196494,-0.579633,0.880627,-0.4234,-0.179863,-0.954358,-0.001177,0.192267
6.27152,4.192259,-0.581422,0.87114,-0.423513,-0.177879,-0.942853,-0.021555,0.204668
6.280185,4.188023,-0.583191,0.861773,-0.423833,-0.175769,-0.930391,-0.042397,0.217369
6.288756,4.183782,-0.584937,0.852535,-0.424363,-0.17353,-0.916997,-0.063672,0.230357
6.297236,4.179535,-0.586661,0.843436,-0.425107,-0.171161,-0.902697,-0.085351,0.243619
6.305626,4.175279,-0.58836,0.834484,-0.426071,-0.168657,-0.887519,-0.1074,0.257141
6.313926,4.171012,-0.590033,0.825688,-0.427257,-0.166017,-0.871491,-0.129789,0.270907
6.32214,4.166733,-0.59168,0.817057,-0.428668,-0.163238,-0.854644,-0.152483,0.284904
6.330268,4.162438,-0.593298,0.808598,-0.430307,-0.160318,-0.837009,-0.175451,0.299116
6.338312,4.158126,-0.594886,0.800319,-0.432178,-0.157255,-0.818618,-0.198657,0.313528
6.346275,4.153794,-0.596442,0.792228,-0.434281,-0.154047,-0.799504,-0.222066,0.328124
6.354158,4.14944,-0.597966,0.784332,-0.436619,-0.150692,-0.779702,-0.245642,0.342888
6.361962,4.145061,-0.599456,0.776636,-0.439194,-0.147189,-0.759249,-0.26935,0.357803
6.369691,4.140655,-0.600909,0.769149,-0.442007,-0.143535,-0.738183,-0.293151,0.372852
6.377346,4.13622,-0.602326,0.761875,-0.445057,-0.139731,-0.716541,-0.317009,0.388018
6.384929,4.131753,-0.603704,0.75482,-0.448347,-0.135775,-0.694365,-0.340883,0.403282
6.392443,4.127252,-0.605041,0.747989,-0.451875,-0.131665,-0.671695,-0.364734,0.418628
6.39989,4.122715,-0.606336,0.741387,-0.455641,-0.127402,-0.648576,-0.388522,0.434036
6.407272,4.118139,-0.607588,0.735019,-0.459645,-0.122984,-0.62505,-0.412206,0.449486
6.414591,4.113521,-0.608795,0.728887,-0.463885,-0.118412,-0.601165,-0.435743,0.464961
6.42185,4.10886,-0.609956,0.722996,-0.468359,-0.113685,-0.576968,-0.45909,0.480439
6.429052,4.104153,-0.611069,0.717349,-0.473066,-0.108804,-0.552506,-0.482205,0.4959
6.436198,4.099398,-0.612132,0.711947,-0.478003,-0.103767,-0.527832,-0.505041,0.511324
6.443292,4.094592,-0.613144,0.706793,-0.483166,-0.098577,-0.502997,-0.527554,0.526688
6.450335,4.089734,-0.614103,0.701887,-0.488552,-0.093234,-0.478054,-0.549696,0.541973
6.45733,4.084821,-0.615008,0.697232,-0.494158,-0.087738,-0.453058,-0.571422,0.557155
6.46428,4.07985,-0.615857,0.692826,-0.499979,-0.082091,-0.428067,-0.592682,0.572211
6.471187,4.07482,-0.616649,0.68867,-0.50601,-0.076294,-0.403137,-0.613427,0.587119
6.478054,4.069729,-0.617382,0.684763,-0.512246,-0.070349,-0.37833,-0.633607,0.601855
6.484884,4.064575,-0.618056,0.681103,-0.51868,-0.064258,-0.353708,-0.653171,0.616394
6.491677,4.059355,-0.618667,0.677688,-0.525307,-0.058022,-0.329332,-0.672068,0.630713
6.498438,4.054068,-0.619215,0.674515,-0.532119,-0.051645,-0.305269,-0.690244,0.644786
6.505168,4.048712,-0.619699,0.671582,-0.539109,-0.045127,-0.281585,-0.707644,0.658588
6.511871,4.043285,-0.620118,0.668882,-0.546269,-0.038474,-0.258348,-0.724215,0.672092
6.518547,4.037786,-0.620468,0.666413,-0.553591,-0.031687,-0.23563,-0.7399,0.685272
6.522612,4.034392,-0.620649,0.665016,-0.558137,-0.027478,-0.222042,-0.749018,0.693149
6.529251,4.028773,-0.620889,0.662905,-0.565697,-0.020484,-0.200201,-0.762702,0.705584
6.535871,4.023077,-0.621058,0.66101,-0.573385,-0.013369,-0.178804,-0.774492,0.717312
6.542472,4.017305,-0.621156,0.659327,-0.581181,-0.00614,-0.157859,-0.78441,0.728334
6.549058,4.011453,-0.621181,0.657851,-0.589067,0.001196,-0.137372,-0.792475,0.73865
6.55563,4.005523,-0.621132,0.656578,-0.597024,0.008631,-0.11735,-0.798709,0.748263
6.56219,3.999513,-0.621008,0.655503,-0.605035,0.016159,-0.0978,-0.803133,0.757173
6.568741,3.993422,-0.620808,0.654621,-0.613081,0.023772,-0.078726,-0.805769,0.765383
6.575283,3.987251,-0.620532,0.653927,-0.621144,0.031464,-0.060136,-0.806641,0.772895
6.58182,3.980999,-0.620179,0.653416,-0.629208,0.039228,-0.042035,-0.80577,0.779711
6.588352,3.974667,-0.619747,0.653084,-0.637254,0.047056,-0.024428,-0.80318,0.785833
6.594882,3.968254,-0.619238,0.652926,-0.645266,0.054942,-0.007319,-0.798896,0.791266
6.601411,3.961762,-0.618648,0.652936,-0.653226,0.062879,0.009286,-0.792943,0.796012
6.607941,3.95519,-0.61798,0.65311,-0.661119,0.07086,0.025383,-0.785344,0.800076
6.614474,3.94854,-0.617231,0.653442,-0.668928,0.078878,0.040969,-0.776127,0.80346
6.621011,3.941812,-0.616402,0.653928,-0.676636,0.086927,0.05604,-0.765318,0.80617
6.627553,3.935007,-0.615493,0.654561,-0.684229,0.094999,0.070593,-0.752944,0.80821
6.634102,3.928128,-0.614502,0.655338,-0.69169,0.103089,0.084625,-0.739032,0.809586
6.64066,3.921174,-0.613431,0.656252,-0.699005,0.111189,0.098133,-0.723611,0.810303
6.647228,3.914148,-0.612278,0.657299,-0.706158,0.119293,0.111117,-0.706711,0.810367
6.653807,3.907051,-0.611045,0.658473,-0.713134,0.127394,0.123574,-0.688362,0.809785
6.660398,3.899886,-0.60973,0.659768,-0.71992,0.135486,0.135504,-0.668593,0.808564
6.667002,3.892654,-0.608335,0.661181,-0.726501,0.143563,0.146906,-0.647437,0.80671
6.673622,3.885357,-0.606859,0.662705,-0.732864,0.151618,0.157781,-0.624925,0.804232
6.680257,3.877997,-0.605303,0.664335,-0.738995,0.159646,0.168128,-0.601092,0.801139
6.686909,3.870578,-0.603666,0.666066,-0.744882,0.167639,0.177949,-0.57597,0.797438
6.693579,3.8631,-0.60195,0.667892,-0.750511,0.175593,0.187246,-0.549594,0.79314
6.700267,3.855568,-0.600155,0.669809,-0.75587,0.1835,0.196021,-0.522001,0.788254
6.706975,3.847984,-0.59828,0.671811,-0.760947,0.191356,0.204277,-0.493227,0.78279
6.713703,3.84035,-0.596328,0.673893,-0.76573,0.199154,0.212017,-0.463308,0.77676
6.720453,3.83267,-0.594298,0.676049,-0.770209,0.206889,0.219246,-0.432285,0.770175
6.727225,3.824947,-0.59219,0.678276,-0.774372,0.214556,0.225967,-0.400195,0.763046
6.734019,3.817184,-0.590007,0.680567,-0.77821,0.222148,0.232186,-0.367079,0.755388
6.740836,3.809384,-0.587748,0.682918,-0.781711,0.229662,0.23791,-0.332978,0.747212
6.747677,3.801551,-0.585414,0.685324,-0.784866,0.237091,0.243145,-0.297936,0.738533
6.754543,3.793688,-0.583006,0.687779,-0.787666,0.244431,0.247898,-0.261994,0.729366
6.761433,3.785799,-0.580525,0.69028,-0.790103,0.251677,0.252177,-0.225198,0.719724
6.768349,3.777887,-0.577973,0.692821,-0.792168,0.258824,0.255991,-0.187593,0.709626
6.77529,3.769957,-0.575349,0.695398,-0.793852,0.265868,0.25935,-0.149226,0.699085
6.782257,3.762011,-0.572656,0.698007,-0.79515,0.272804,0.262264,-0.110144,0.688121
6.78925,3.754055,-0.569894,0.700642,-0.796053,0.279629,0.264744,-0.070396,0.67675
6.79627,3.746092,-0.567064,0.7033,-0.796556,0.286338,0.266802,-0.030032,0.664992
6.803316,3.738125,-0.564167,0.705977,-0.796652,0.292927,0.26845,0.010897,0.652865
6.810389,3.73016,-0.561206,0.708668,-0.796336,0.299394,0.269702,0.052337,0.64039
6.817489,3.7222,-0.55818,0.71137,-0.795604,0.305734,0.270573,0.094237,0.627586
6.824617,3.714249,-0.555091,0.714078,-0.79445,0.311945,0.271078,0.13654,0.614477
6.831771,3.706312,-0.551941,0.71679,-0.792872,0.318023,0.271232,0.179191,0.601083
6.838952,3.698393,-0.548731,0.719502,-0.790865,0.323965,0.271052,0.222132,0.587428
6.846161,3.690497,-0.545462,0.72221,-0.788428,0.32977,0.270557,0.265305,0.573536
6.853397,3.682626,-0.542136,0.724912,-0.785559,0.335435,0.269765,0.30865,0.559432
6.860659,3.674787,-0.538754,0.727604,-0.782255,0.340958,0.268696,0.352105,0.54514
6.867949,3.666983,-0.535318,0.730285,-0.778516,0.346338,0.267371,0.395608,0.530688
6.875265,3.659218,-0.531828,0.732951,-0.774343,0.351572,0.26581,0.439094,0.516102
6.882608,3.651497,-0.528287,0.7356,-0.769735,0.356659,0.264038,0.482498,0.50141
6.889977,3.643825,-0.524695,0.738231,-0.764693,0.3616,0.262076,0.525754,0.486642
6.897372,3.636205,-0.521055,0.740841,-0.75922,0.366392,0.259951,0.568792,0.471826
6.904793,3.628642,-0.517368,0.74343,-0.753318,0.371036,0.257687,0.611543,0.456995
6.912241,3.62114,-0.513635,0.745995,-0.746991,0.375532,0.255312,0.653936,0.442178
6.919713,3.613703,-0.509858,0.748536,-0.740241,0.37988,0.252852,0.695898,0.42741
6.927211,3.606336,-0.506038,0.751051,-0.733074,0.38408,0.250337,0.737355,0.412722
6.934734,3.599043,-0.502177,0.753542,-0.725496,0.388135,0.247797,0.77823,0.398151
6.942282,3.591828,-0.498276,0.756007,-0.717512,0.392044,0.245263,0.818446,0.38373
6.949854,3.584694,-0.494336,0.758448,-0.709129,0.39581,0.242767,0.857925,0.369497
6.957451,3.577647,-0.49036,0.760863,-0.700356,0.399435,0.240342,0.896586,0.355488
6.965071,3.570688,-0.486348,0.763255,-0.691201,0.40292,0.238022,0.934345,0.341743
6.972716,3.563824,-0.482302,0.765624,-0.681673,0.40627,0.235844,0.971121,0.3283
6.980384,3.557056,-0.478223,0.767972,-0.671782,0.409488,0.233845,1.006826,0.315199
6.988075,3.550389,-0.474113,0.770302,-0.66154,0.412576,0.232061,1.041374,0.302483
6.99579,3.543827,-0.469972,0.772614,-0.650959,0.415539,0.230532,1.074675,0.290194
7.000861,3.539581,-0.467241,0.774123,-0.643842,0.417416,0.229688,1.095792,0.282388
7.008614,3.533198,-0.463053,0.776414,-0.63273,0.420181,0.228469,1.126219,0.270526
7.016389,3.526928,-0.458838,0.778692,-0.621327,0.422826,0.227185,1.154015,0.258435
7.024187,3.520773,-0.454597,0.780957,-0.609658,0.425349,0.22585,1.179205,0.246126
7.032008,3.514735,-0.450331,0.783209,-0.597751,0.427747,0.224473,1.201816,0.233609
7.039852,3.508818,-0.446042,0.785447,-0.585631,0.43002,0.223065,1.221875,0.220896
7.047717,3.503023,-0.441731,0.78767,-0.573322,0.432165,0.221637,1.239411,0.207996
7.055605,3.497352,-0.437399,0.78988,-0.560851,0.434179,0.220201,1.254452,0.19492
7.063515,3.491807,-0.433048,0.792074,-0.548241,0.436063,0.218766,1.267028,0.181679
7.071446,3.486388,-0.428679,0.794255,-0.535518,0.437813,0.217343,1.27717,0.168283
7.0794,3.481097,-0.424292,0.796421,-0.522706,0.439428,0.215944,1.284909,0.154741
7.087375,3.475934,-0.419891,0.798574,-0.509828,0.440907,0.214579,1.290277,0.141064
7.095371,3.4709,-0.415475,0.800713,-0.496908,0.442249,0.213258,1.293308,0.127262
7.103389,3.465996,-0.411046,0.802839,-0.483969,0.443452,0.211993,1.294036,0.113343
7.111428,3.461221,-0.406606,0.804953,-0.471035,0.444515,0.210793,1.292496,0.099317
7.119488,3.456575,-0.402156,0.807055,-0.458127,0.445438,0.20967,1.288724,0.085194
7.127569,3.452058,-0.397698,0.809147,-0.445268,0.446219,0.208634,1.282758,0.070982
7.135671,3.44767,-0.393232,0.811228,-0.432479,0.446857,0.207696,1.274637,0.056691
7.143794,3.443408,-0.388761,0.813301,-0.419782,0.447352,0.206865,1.264399,0.042328
7.151937,3.439274,-0.384286,0.815366,-0.407198,0.447704,0.206152,1.252085,0.027903
7.160101,3.435264,-0.379808,0.817425,-0.394747,0.44791,0.205568,1.237738,0.013422
7.168285,3.431378,-0.375328,0.819478,-0.38245,0.447972,0.205122,1.221402,-0.001104
7.17649,3.427614,-0.370849,0.821527,-0.370326,0.447888,0.204826,1.203119,-0.01567
7.184716,3.423971,-0.366371,0.823575,-0.358394,0.447658,0.204688,1.182937,-0.030267
7.192962,3.420446,-0.361896,0.825622,-0.346673,0.447283,0.20472,1.160902,-0.044888
7.201228,3.417037,-0.357426,0.82767,-0.335182,0.44676,0.204931,1.137064,-0.059527
7.209515,3.413741,-0.352961,0.829721,-0.323938,0.446092,0.205332,1.111471,-0.074175
7.217823,3.410557,-0.348504,0.831777,-0.312958,0.445277,0.205931,1.084177,-0.088828
7.226151,3.407481,-0.344056,0.83384,-0.30226,0.444315,0.20674,1.055233,-0.103478
7.2345,3.404511,-0.339618,0.835913,-0.291859,0.443207,0.207767,1.024695,-0.11812
7.242869,3.401643,-0.335192,0.837997,-0.281771,0.441953,0.209023,0.992618,-0.132748
7.25126,3.398874,-0.33078,0.840094,-0.272011,0.440553,0.210517,0.959061,-0.147357
7.259671,3.396202,-0.326382,0.842208,-0.262594,0.439006,0.212259,0.924082,-0.161941
7.268104,3.393621,-0.322,0.84434,-0.253534,0.437314,0.214258,0.887743,-0.176496
7.276558,3.39113,-0.317636,0.846494,-0.244844,0.435476,0.216524,0.850107,-0.191017
7.285034,3.388723,-0.313291,0.848671,-0.236536,0.433494,0.219066,0.811237,-0.2055
7.293532,3.386398,-0.308967,0.850876,-0.228623,0.431366,0.221892,0.771201,-0.219941
7.302051,3.384149,-0.304664,0.85311,-0.221116,0.429095,0.225014,0.730066,-0.234338
7.310594,3.381974,-0.300385,0.855377,-0.214025,0.42668,0.228439,0.687903,-0.248685
7.319159,3.379867,-0.296131,0.85768,-0.207361,0.424121,0.232176,0.644783,-0.262982
7.327748,3.377825,-0.291903,0.860022,-0.201132,0.42142,0.236235,0.60078,-0.277224
7.33636,3.375843,-0.287703,0.862406,-0.195348,0.418577,0.240624,0.55597,-0.291411
7.344996,3.373917,-0.283532,0.864835,-0.190015,0.415592,0.245351,0.51043,-0.30554
7.353657,3.372041,-0.279392,0.867314,-0.185141,0.412466,0.250427,0.464241,-0.31961
7.362342,3.370212,-0.275283,0.869845,-0.180732,0.4092,0.255859,0.417484,-0.333619
7.371054,3.368425,-0.271208,0.872432,-0.176793,0.405794,0.261655,0.370243,-0.347568
7.379791,3.366675,-0.267168,0.87508,-0.173329,0.402249,0.267824,0.322604,-0.361456
7.388555,3.364957,-0.263164,0.87779,-0.170342,0.398565,0.274375,0.274655,-0.375282
7.397347,3.363267,-0.259197,0.880568,-0.167836,0.394744,0.281314,0.226487,-0.389049
7.406167,3.361599,-0.255269,0.883418,-0.165813,0.390785,0.288651,0.178193,-0.402755
7.415016,3.359949,-0.251382,0.886343,-0.164273,0.386689,0.296394,0.129867,-0.416404
7.416368,3.359698,-0.250793,0.886796,-0.16408,0.386052,0.297611,0.1225,-0.41848
7.425251,3.358063,-0.246953,0.889811,-0.163093,0.381801,0.305521,0.075234,-0.431725
7.434164,3.356435,-0.243157,0.892905,-0.162569,0.37742,0.313228,0.030022,-0.444243
7.443109,3.35481,-0.239405,0.896075,-0.162486,0.372918,0.320729,-0.013146,-0.45604
7.452086,3.353184,-0.235699,0.899319,-0.162825,0.368302,0.328018,-0.054284,-0.467125
7.461096,3.351552,-0.23204,0.902635,-0.163565,0.363578,0.335092,-0.093405,-0.477505
7.470139,3.349911,-0.228428,0.90602,-0.164686,0.358754,0.341948,-0.130523,-0.487188
7.479216,3.348257,-0.224865,0.909473,-0.166169,0.353837,0.348581,-0.165653,-0.496181
7.488329,3.346587,-0.221352,0.912991,-0.167993,0.348833,0.354987,-0.19881,-0.504492
7.497476,3.344896,-0.217889,0.916572,-0.170139,0.343749,0.361163,-0.23001,-0.512129
7.50666,3.343183,-0.214477,0.920214,-0.172587,0.338592,0.367105,-0.25927,-0.5191
7.515881,3.341444,-0.211117,0.923913,-0.175318,0.333369,0.372809,-0.286607,-0.525414
7.525139,3.339676,-0.20781,0.927669,-0.178312,0.328086,0.378271,-0.312039,-0.531077
7.534434,3.337877,-0.204555,0.931478,-0.181552,0.32275,0.383487,-0.335584,-0.536099
7.543768,3.336044,-0.201355,0.935338,-0.185018,0.317366,0.388454,-0.357263,-0.540488
7.553141,3.334176,-0.198208,0.939246,-0.188691,0.311942,0.393169,-0.377096,-0.544252
7.562554,3.332269,-0.195116,0.943201,-0.192554,0.306483,0.397628,-0.395104,-0.5474
7.572005,3.330324,-0.192079,0.947198,-0.196587,0.300996,0.401827,-0.411308,-0.54994
7.581498,3.328337,-0.189096,0.951236,-0.200774,0.295486,0.405764,-0.425733,-0.551881
7.59103,3.326308,-0.186169,0.955312,-0.205096,0.28996,0.409434,-0.438401,-0.553233
7.600604,3.324235,-0.183297,0.959424,-0.209536,0.284424,0.412835,-0.449337,-0.554003
7.610219,3.322117,-0.18048,0.963568,-0.214077,0.278882,0.415965,-0.458566,-0.5542
7.619875,3.319953,-0.177719,0.967742,-0.218702,0.273342,0.418819,-0.466116,-0.553835
7.629574,3.317743,-0.175014,0.971944,-0.223394,0.267807,0.421396,-0.472014,-0.552917
7.639314,3.315485,-0.172363,0.976169,-0.228137,0.262285,0.423692,-0.476288,-0.551454
7.649097,3.31318,-0.169768,0.980417,-0.232914,0.25678,0.425706,-0.478968,-0.549456
7.658923,3.310827,-0.167228,0.984682,-0.237711,0.251298,0.427435,-0.480084,-0.546933
7.668791,3.308426,-0.164742,0.988964,-0.242511,0.245843,0.428877,-0.479669,-0.543894
7.678702,3.305976,-0.162311,0.993259,-0.247299,0.240422,0.430029,-0.477753,-0.540351
7.688656,3.30348,-0.159933,0.997564,-0.252061,0.235038,0.430891,-0.474372,-0.536311
7.698653,3.300935,-0.15761,1.001876,-0.256782,0.229697,0.43146,-0.469561,-0.531787
7.708694,3.298344,-0.155339,1.006192,-0.261448,0.224404,0.431735,-0.463354,-0.526788
7.718777,3.295707,-0.153121,1.01051,-0.266044,0.219163,0.431714,-0.455791,-0.521324
7.728904,3.293024,-0.150956,1.014825,-0.270559,0.213979,0.431398,-0.446908,-0.515406
7.739074,3.290296,-0.148842,1.019137,-0.274978,0.208856,0.430784,-0.436746,-0.509045
7.749287,3.287524,-0.146778,1.02344,-0.27929,0.203799,0.429872,-0.425345,-0.502251
7.759543,3.28471,-0.144765,1.027733,-0.283481,0.198812,0.428662,-0.412749,-0.495037
7.769841,3.281855,-0.142802,1.032012,-0.287541,0.1939,0.427153,-0.398999,-0.487412
7.780183,3.27896,-0.140887,1.036275,-0.291458,0.189066,0.425346,-0.384141,-0.479388
7.790567,3.276027,-0.13902,1.040518,-0.29522,0.184313,0.423241,-0.368221,-0.470978
7.800993,3.273056,-0.137201,1.044739,-0.298819,0.179647,0.420839,-0.351286,-0.462191
7.811461,3.270051,-0.135427,1.048934,-0.302243,0.175071,0.418139,-0.333386,-0.453041
7.821972,3.267012,-0.133699,1.053101,-0.305483,0.170588,0.415144,-0.314569,-0.443539
7.832523,3.263942,-0.132015,1.057236,-0.308531,0.166201,0.411855,-0.294889,-0.433698
7.843116,3.260842,-0.130374,1.061337,-0.311378,0.161915,0.408273,-0.274397,-0.423529
7.85375,3.257715,-0.128776,1.0654,-0.314017,0.157732,0.4044,-0.253149,-0.413045
7.864424,3.254562,-0.12722,1.069424,-0.316439,0.153655,0.400238,-0.231199,-0.402259
7.875138,3.251387,-0.125703,1.073404,-0.318639,0.149687,0.395791,-0.208607,-0.391184
7.885892,3.24819,-0.124225,1.077339,-0.320609,0.145832,0.391059,-0.185431,-0.379833
7.896685,3.244975,-0.122786,1.081225,-0.322345,0.142092,0.386048,-0.16173,-0.368219
7.907516,3.241744,-0.121383,1.085059,-0.323842,0.138469,0.38076,-0.137569,-0.356355
7.918386,3.238499,-0.120016,1.088839,-0.325095,0.134965,0.375199,-0.113009,-0.344255
7.929293,3.235243,-0.118683,1.092562,-0.326101,0.131584,0.36937,-0.088117,-0.331933
7.940237,3.231978,-0.117384,1.096225,-0.326857,0.128327,0.363275,-0.062959,-0.319403
7.951217,3.228707,-0.116116,1.099827,-0.32736,0.125197,0.356922,-0.037605,-0.306679
7.962233,3.225432,-0.11488,1.103363,-0.327609,0.122194,0.350314,-0.012124,-0.293776
7.973284,3.222156,-0.113672,1.106832,-0.327602,0.119322,0.343457,0.013411,-0.280707
7.98437,3.218881,-0.112493,1.110231,-0.32734,0.116581,0.336357,0.038928,-0.267488
7.995489,3.21561,-0.11134,1.113558,-0.326824,0.113972,0.329021,0.064349,-0.254135
8.006641,3.212345,-0.110213,1.116811,-0.326054,0.111498,0.321454,0.089599,-0.240661
8.017825,3.209089,-0.10911,1.119987,-0.325033,0.10916,0.313665,0.114597,-0.227083
8.02904,3.205845,-0.108029,1.123083,-0.323763,0.106957,0.30566,0.139264,-0.213416
8.040286,3.202615,-0.10697,1.126099,-0.322249,0.104892,0.297448,0.163515,-0.199676
8.051562,3.199401,-0.105931,1.129032,-0.320495,0.102964,0.289037,0.187268,-0.185879
8.062866,3.196206,-0.10491,1.131879,-0.318505,0.101174,0.280435,0.210435,-0.172041
8.074199,3.193032,-0.103907,1.13464,-0.316288,0.099523,0.271652,0.232927,-0.15818
8.085559,3.189881,-0.102919,1.137312,-0.313849,0.098011,0.262698,0.254655,-0.144311
8.096945,3.186755,-0.101946,1.139893,-0.311198,0.096637,0.253582,0.275527,-0.130453
8.108356,3.183658,-0.100986,1.142383,-0.308342,0.095401,0.244314,0.295447,-0.116621
8.119792,3.180589,-0.100038,1.144779,-0.305292,0.094304,0.234907,0.31432,-0.102834
8.131252,3.177552,-0.0991,1.147081,-0.30206,0.093344,0.225371,0.332048,-0.089109
8.142734,3.174549,-0.09817,1.149286,-0.298656,0.092522,0.215718,0.34853,-0.075465
8.154237,3.17158,-0.097249,1.151395,-0.295093,0.091835,0.205961,0.363664,-0.061918
8.165761,3.168647,-0.096333,1.153405,-0.291387,0.091283,0.196113,0.377345,-0.048489
8.177305,3.165752,-0.095423,1.155317,-0.287552,0.090865,0.186186,0.389467,-0.035196
8.188867,3.162897,-0.094516,1.157129,-0.283603,0.090579,0.176195,0.399922,-0.022057
8.191523,3.162247,-0.094308,1.15753,-0.282683,0.090531,0.173895,0.402074,-0.019065
8.203107,3.15944,-0.093403,1.15922,-0.278617,0.090405,0.164011,0.410978,-0.006311
8.214707,3.156675,-0.092499,1.160811,-0.274465,0.090403,0.154413,0.419349,0.005923
8.226323,3.153951,-0.091595,1.162309,-0.270232,0.090522,0.145096,0.42719,0.017642
8.237953,3.15127,-0.090688,1.163714,-0.265923,0.090755,0.136052,0.434506,0.028849
8.249597,3.148633,-0.089779,1.165031,-0.261544,0.091097,0.127276,0.441302,0.039547
8.261253,3.14604,-0.088866,1.166261,-0.257099,0.091544,0.118761,0.447581,0.049741
8.272922,3.143491,-0.087948,1.167407,-0.252594,0.09209,0.110501,0.453349,0.059434
8.284601,3.140988,-0.087024,1.168472,-0.248034,0.092731,0.102488,0.458611,0.06863
8.296291,3.138531,-0.086093,1.169457,-0.243423,0.093461,0.094716,0.463373,0.077333
8.30799,3.13612,-0.085155,1.170367,-0.238768,0.094276,0.087179,0.467641,0.085548
8.319698,3.133755,-0.084207,1.171202,-0.234072,0.09517,0.07987,0.471419,0.093277
8.331414,3.131438,-0.083251,1.171965,-0.229341,0.09614,0.072782,0.474715,0.100527
8.343137,3.129169,-0.082284,1.172658,-0.224579,0.097179,0.065909,0.477535,0.1073
8.354867,3.126947,-0.081307,1.173284,-0.219792,0.098284,0.059244,0.479885,0.113602
8.366602,3.124773,-0.080318,1.173844,-0.214983,0.09945,0.052781,0.481773,0.119435
8.378343,3.122647,-0.079318,1.17434,-0.210158,0.100671,0.046512,0.483206,0.124806
8.390089,3.12057,-0.078305,1.174774,-0.205321,0.101944,0.040432,0.484191,0.129719
8.401839,3.118541,-0.077279,1.175149,-0.200476,0.103264,0.034533,0.484735,0.134178
8.413592,3.11656,-0.076239,1.175466,-0.195627,0.104626,0.028811,0.484848,0.138188
8.425348,3.114628,-0.075186,1.175726,-0.19078,0.106026,0.023257,0.484538,0.141753
8.437106,3.112745,-0.074119,1.175931,-0.185938,0.10746,0.017866,0.483812,0.144879
8.448866,3.110909,-0.073037,1.176084,-0.181105,0.108923,0.012631,0.482681,0.147571
8.460628,3.109123,-0.07194,1.176185,-0.176286,0.11041,0.007547,0.481153,0.149833
8.47239,3.107384,-0.070829,1.176235,-0.171483,0.111918,0.002608,0.479238,0.151671
8.484152,3.105693,-0.069702,1.176237,-0.166702,0.113442,-0.002193,0.476946,0.153091
8.495914,3.10405,-0.06856,1.176192,-0.161946,0.114978,-0.00686,0.474287,0.154096
8.507676,3.102454,-0.067402,1.1761,-0.157218,0.116523,-0.011401,0.471272,0.154693
8.519436,3.100905,-0.066229,1.175964,-0.152521,0.118071,-0.01582,0.467912,0.154888
8.531195,3.099403,-0.065041,1.175784,-0.147861,0.119619,-0.020123,0.464218,0.154685
8.542952,3.097948,-0.063837,1.175562,-0.143238,0.121163,-0.024314,0.460202,0.15409
8.554706,3.096538,-0.062618,1.175298,-0.138658,0.1227,-0.028399,0.455875,0.15311
8.566458,3.095174,-0.061383,1.174994,-0.134122,0.124224,-0.032384,0.451251,0.15175
8.578206,3.093856,-0.060133,1.174651,-0.129633,0.125733,-0.036271,0.446341,0.150016
8.589951,3.092582,-0.058868,1.174269,-0.125196,0.127223,-0.040067,0.44116,0.147915
8.601691,3.091352,-0.057589,1.17385,-0.120811,0.12869,-0.043774,0.43572,0.145451
8.613427,3.090165,-0.056295,1.173394,-0.116482,0.130131,-0.047398,0.430035,0.142632
8.625159,3.089022,-0.054986,1.172902,-0.112211,0.131542,-0.050943,0.42412,0.139465
8.636885,3.087921,-0.053664,1.172375,-0.108,0.132919,-0.054411,0.417989,0.135954
8.648606,3.086862,-0.052328,1.171814,-0.103852,0.13426,-0.057806,0.411658,0.132108
8.660322,3.085844,-0.050979,1.17122,-0.099768,0.13556,-0.061132,0.405142,0.127933
8.672031,3.084866,-0.049617,1.170592,-0.09575,0.136817,-0.064391,0.398456,0.123435
8.683733,3.083928,-0.048243,1.169932,-0.091799,0.138028,-0.067586,0.391617,0.118622
8.695429,3.08303,-0.046857,1.16924,-0.087918,0.139189,-0.07072,0.384643,0.1135
8.707118,3.08217,-0.045459,1.168518,-0.084107,0.140297,-0.073793,0.377549,0.108077
8.718799,3.081347,-0.044051,1.167765,-0.080367,0.141349,-0.07681,0.370355,0.10236
8.730473,3.080562,-0.042632,1.166982,-0.0767,0.142343,-0.07977,0.363077,0.096356
8.742139,3.079813,-0.041204,1.16617,-0.073106,0.143276,-0.082675,0.355734,0.090073
8.753796,3.0791,-0.039767,1.165328,-0.069586,0.144144,-0.085525,0.348346,0.083519
8.765445,3.078421,-0.038321,1.164459,-0.066139,0.144945,-0.088323,0.340932,0.076701
8.777086,3.077777,-0.036868,1.163562,-0.062767,0.145677,-0.091067,0.333511,0.069627
8.788717,3.077166,-0.035408,1.162638,-0.059469,0.146337,-0.093758,0.326104,0.062305
8.800338,3.076587,-0.033942,1.161687,-0.056245,0.146922,-0.096395,0.318732,0.054743
8.81195,3.07604,-0.03247,1.16071,-0.053094,0.147431,-0.098977,0.311417,0.04695
8.823552,3.075525,-0.030993,1.159708,-0.050016,0.14786,-0.101503,0.30418,0.038933
8.835144,3.07504,-0.029513,1.15868,-0.04701,0.148209,-0.103972,0.297043,0.030702
8.846726,3.074585,-0.02803,1.157629,-0.044075,0.148474,-0.106382,0.290029,0.022264
8.858297,3.074158,-0.026544,1.156553,-0.041209,0.148653,-0.10873,0.283162,0.01363
8.869857,3.07376,-0.025057,1.155454,-0.038411,0.148746,-0.111014,0.276466,0.004807
8.881406,3.07339,-0.023569,1.154333,-0.035679,0.148749,-0.11323,0.269965,-0.004196
8.892943,3.073046,-0.022082,1.15319,-0.033011,0.148661,-0.115375,0.263683,-0.013368
8.90447,3.072729,-0.020596,1.152026,-0.030405,0.148481,-0.117446,0.257647,-0.022702
8.915984,3.072438,-0.019113,1.150841,-0.027857,0.148207,-0.119436,0.251882,-0.032187
8.927486,3.072172,-0.017633,1.149637,-0.025366,0.147837,-0.121342,0.246415,-0.041814
8.938977,3.071931,-0.016156,1.148415,-0.022928,0.14737,-0.123159,0.241273,-0.051573
8.950455,3.071713,-0.014685,1.147174,-0.020539,0.146805,-0.12488,0.236483,-0.061454
8.96192,3.07152,-0.013221,1.145917,-0.018197,0.146141,-0.126499,0.232074,-0.071447
8.973373,3.071349,-0.011763,1.144645,-0.015896,0.145376,-0.128009,0.228074,-0.081543
8.984813,3.071202,-0.010313,1.143358,-0.013634,0.144509,-0.129404,0.224513,-0.091731
8.99624,3.071076,-0.008873,1.142057,-0.011405,0.143541,-0.130675,0.22142,-0.101999
9.007654,3.070973,-0.007443,1.140745,-0.009204,0.142469,-0.131814,0.218827,-0.112339
9.019055,3.070892,-0.006024,1.139421,-0.007026,0.141294,-0.132813,0.216764,-0.122739
9.030442,3.070833,-0.004617,1.138089,-0.004867,0.140014,-0.133661,0.215263,-0.133187
9.041817,3.070795,-0.003224,1.136749,-0.002719,0.13863,-0.13435,0.214355,-0.143674
9.053177,3.070778,-0.001845,1.135402,-0.000577,0.137141,-0.134869,0.214075,-0.154187
9.064525,3.070783,-0.000482,1.134052,0.001565,0.135546,-0.135207,0.214455,-0.164716
9.075858,3.07081,0.000865,1.132699,0.003714,0.133846,-0.135352,0.21553,-0.175248
9.087179,3.070858,0.002195,1.131345,0.005878,0.132041,-0.135292,0.217334,-0.185773
9.098485,3.070927,0.003506,1.129994,0.008063,0.130131,-0.135015,0.219903,-0.196278
9.109778,3.071019,0.004797,1.128646,0.010278,0.128116,-0.134507,0.223272,-0.206752
9.121058,3.071133,0.006068,1.127304,0.012531,0.125996,-0.133755,0.227478,-0.217181
9.132325,3.07127,0.007317,1.125972,0.014831,0.123772,-0.132744,0.232559,-0.227554
9.137828,3.071345,0.007919,1.125324,0.015975,0.122647,-0.132151,0.235373,-0.232601
9.149075,3.071517,0.009134,1.124009,0.018357,0.120271,-0.130812,0.241078,-0.242676
9.160308,3.071712,0.010324,1.122708,0.020794,0.117795,-0.129362,0.246235,-0.252289
9.171529,3.071933,0.011489,1.121422,0.02328,0.115226,-0.127805,0.250848,-0.261443
9.182737,3.072178,0.012628,1.120152,0.02581,0.112568,-0.126148,0.254922,-0.270141
9.193932,3.072449,0.013741,1.1189,0.028377,0.109825,-0.124394,0.258464,-0.278386
9.205115,3.072746,0.014825,1.117665,0.030977,0.107002,-0.12255,0.261477,-0.28618
9.216286,3.073069,0.01588,1.116449,0.033605,0.104103,-0.120619,0.263965,-0.293526
9.227444,3.073418,0.016907,1.115253,0.036255,0.101133,-0.118609,0.265934,-0.300427
9.238591,3.073794,0.017903,1.114077,0.038922,0.098096,-0.116522,0.267386,-0.306886
9.249726,3.074196,0.018868,1.112923,0.041601,0.094997,-0.114366,0.268326,-0.312906
9.260849,3.074626,0.019802,1.11179,0.044287,0.091839,-0.112144,0.268756,-0.318488
9.271962,3.075082,0.020705,1.11068,0.046974,0.088628,-0.109861,0.268681,-0.323638
9.283063,3.075565,0.021575,1.109593,0.049658,0.085368,-0.107524,0.268103,-0.328357
9.294153,3.076075,0.022412,1.10853,0.052335,0.082063,-0.105136,0.267025,-0.332649
9.305234,3.076612,0.023216,1.10749,0.054997,0.078716,-0.102703,0.26545,-0.336516
9.316303,3.077175,0.023986,1.106476,0.057642,0.075334,-0.100231,0.263379,-0.339963
9.327363,3.077765,0.024723,1.105486,0.060263,0.071919,-0.097723,0.260815,-0.342992
9.338413,3.07838,0.025425,1.104521,0.062857,0.068475,-0.095187,0.25776,-0.345608
9.349454,3.079022,0.026092,1.103582,0.065417,0.065008,-0.092626,0.254215,-0.347812
9.360485,3.079689,0.026725,1.102669,0.067939,0.06152,-0.090046,0.250183,-0.34961
9.371507,3.08038,0.027322,1.101781,0.070419,0.058017,-0.087453,0.245664,-0.351005
9.382521,3.081097,0.027885,1.10092,0.072851,0.054502,-0.084851,0.24066,-0.352
9.393526,3.081837,0.028412,1.100084,0.07523,0.050978,-0.082247,0.235171,-0.352599
9.404522,3.082601,0.028904,1.099275,0.077553,0.047451,-0.079646,0.229199,-0.352807
9.415511,3.083388,0.029361,1.098491,0.079813,0.043923,-0.077054,0.222745,-0.352626
9.426492,3.084197,0.029783,1.097734,0.082006,0.0404,-0.074475,0.215808,-0.352063
9.437466,3.085028,0.030169,1.097002,0.084127,0.036883,-0.071917,0.208389,-0.35112
9.448432,3.08588,0.030521,1.096295,0.086172,0.033378,-0.069386,0.200488,-0.349803
9.459392,3.086751,0.030837,1.095614,0.088135,0.029889,-0.066886,0.192106,-0.348115
9.470345,3.087642,0.031118,1.094957,0.090013,0.026417,-0.064425,0.183241,-0.346061
9.481291,3.088551,0.031365,1.094325,0.091799,0.022969,-0.062008,0.173895,-0.343646
9.492231,3.089478,0.031578,1.093717,0.093489,0.019546,-0.059642,0.164066,-0.340875
9.503166,3.090421,0.031756,1.093132,0.095078,0.016152,-0.057333,0.153754,-0.337753
9.514094,3.091379,0.031901,1.09257,0.096562,0.012792,-0.055089,0.142958,-0.334285
9.525017,3.092351,0.032012,1.09203,0.097936,0.009468,-0.052915,0.131678,-0.330476
9.535935,3.093337,0.032091,1.091512,0.099194,0.006183,-0.050819,0.119913,-0.326331
9.546847,3.094335,0.032136,1.091014,0.100333,0.002942,-0.048808,0.107661,-0.321856
9.557755,3.095343,0.03215,1.090535,0.101346,-0.000253,-0.046889,0.094922,-0.317057
9.568658,3.096361,0.032131,1.090076,0.102229,-0.003398,-0.045069,0.081695,-0.311939
9.579557,3.097388,0.032082,1.089633,0.102978,-0.00649,-0.043356,0.067977,-0.306508
9.590451,3.098421,0.032002,1.089208,0.103587,-0.009527,-0.041758,0.053769,-0.300771
9.601341,3.099459,0.031891,1.088798,0.104052,-0.012505,-0.040282,0.039067,-0.294733
9.612227,3.100501,0.031752,1.088402,0.104367,-0.015421,-0.038937,0.023871,-0.288401
9.623109,3.101546,0.031583,1.088019,0.104528,-0.018272,-0.037731,0.008179,-0.281782
9.633987,3.102591,0.031387,1.087647,0.104529,-0.021055,-0.036672,-0.00801,-0.274882
9.644862,3.103636,0.031162,1.087285,0.104366,-0.023769,-0.03577,-0.024699,-0.267708
9.655733,3.104678,0.030911,1.086931,0.104033,-0.026409,-0.035032,-0.04189,-0.260267
9.666601,3.105716,0.030634,1.086584,0.103526,-0.028973,-0.034468,-0.059584,-0.252567
9.677465,3.106748,0.030332,1.086241,0.10284,-0.031459,-0.034088,-0.077783,-0.244614
9.688325,3.107772,0.030006,1.085901,0.101969,-0.033865,-0.033901,-0.096489,-0.236416
9.699183,3.108787,0.029655,1.085562,0.100908,-0.036187,-0.033917,-0.115705,-0.227982
9.710037,3.109789,0.029282,1.085222,0.099653,-0.038423,-0.034145,-0.135432,-0.219318
9.720887,3.110779,0.028887,1.084879,0.098198,-0.040572,-0.034596,-0.155673,-0.210434
9.731734,3.111753,0.028471,1.084529,0.096538,-0.042631,-0.035281,-0.17643,-0.201337
9.742578,3.112709,0.028035,1.084172,0.094668,-0.044598,-0.03621,-0.197705,-0.192036
9.753418,3.113645,0.027579,1.083804,0.092582,-0.046472,-0.037394,-0.219501,-0.182539
9.764254,3.11456,0.027106,1.083423,0.090276,-0.048249,-0.038845,-0.241819,-0.172856
9.775086,3.11545,0.026615,1.083027,0.087744,-0.049928,-0.040574,-0.264661,-0.162995
9.785914,3.116314,0.026107,1.082611,0.084981,-0.051508,-0.042593,-0.288032,-0.152966
9.796738,3.117149,0.025585,1.082174,0.081982,-0.052987,-0.044914,-0.311931,-0.142779
9.807558,3.117953,0.025048,1.081712,0.078741,-0.054363,-0.047549,-0.336363,-0.132443
9.818372,3.118723,0.024498,1.081222,0.075253,-0.055635,-0.050512,-0.361328,-0.121968
9.829182,3.119457,0.023936,1.0807,0.071512,-0.056802,-0.053815,-0.38683,-0.111364
9.839986,3.120152,0.023362,1.080144,0.067514,-0.057862,-0.057472,-0.41287,-0.100641
9.850785,3.120806,0.022779,1.07955,0.063253,-0.058814,-0.061496,-0.439452,-0.089811
9.861577,3.121417,0.022186,1.078913,0.058723,-0.059658,-0.065901,-0.466577,-0.078884
9.872363,3.12198,0.021586,1.07823,0.05392,-0.060392,-0.070702,-0.494246,-0.067871
9.883141,3.122494,0.020979,1.077498,0.048837,-0.061015,-0.075913,-0.522464,-0.056783
9.893913,3.122956,0.020366,1.076711,0.043469,-0.061527,-0.081549,-0.551231,-0.045633
9.904676,3.123362,0.019749,1.075865,0.03781,-0.061928,-0.087625,-0.58055,-0.034431
9.91543,3.123711,0.019128,1.074957,0.031856,-0.062216,-0.094157,-0.610423,-0.023189
9.926174,3.123999,0.018505,1.07398,0.0256,-0.062391,-0.101161,-0.640852,-0.011921
9.936909,3.124222,0.01788,1.072932,0.019037,-0.062454,-0.108654,-0.671838,-0.000639
9.947633,3.124378,0.017256,1.071806,0.012161,-0.062404,-0.116652,-0.703384,0.010646
9.958345,3.124464,0.016633,1.070597,0.004967,-0.062241,-0.125172,-0.735492,0.021919
9.969044,3.124476,0.016012,1.0693,-0.00255,-0.061966,-0.134231,-0.768163,0.033167
9.970447,3.124472,0.01593,1.069123,-0.003561,-0.061921,-0.135461,-0.772491,0.03464
9.981131,3.124398,0.015313,1.067717,-0.011445,-0.06152,-0.146349,-0.803604,0.045589
9.991801,3.124243,0.0147,1.066187,-0.01962,-0.061011,-0.160161,-0.830908,0.055981
10.002455,3.124004,0.014093,1.064504,-0.02805,-0.060402,-0.176834,-0.854436,0.065818
10.01309,3.123681,0.013493,1.062641,-0.036697,-0.059697,-0.196299,-0.874231,0.0751
10.023707,3.12327,0.012899,1.060569,-0.045523,-0.058902,-0.218479,-0.890342,0.08383
10.034301,3.12277,0.012315,1.058262,-0.054491,-0.058022,-0.243291,-0.902825,0.092012
10.044871,3.12218,0.011739,1.055695,-0.063567,-0.057063,-0.270645,-0.911743,0.09965
10.055414,3.121498,0.011174,1.052841,-0.072715,-0.056031,-0.300444,-0.917167,0.106748
10.065927,3.120725,0.010619,1.049678,-0.081899,-0.05493,-0.332585,-0.919171,0.113311
10.076406,3.11986,0.010075,1.046182,-0.091087,-0.053766,-0.36696,-0.917839,0.119348
10.086849,3.118904,0.009544,1.042332,-0.100245,-0.052545,-0.403454,-0.913258,0.124863
10.097252,3.117856,0.009025,1.038106,-0.109342,-0.051271,-0.44195,-0.905522,0.129866
10.10761,3.116717,0.008518,1.033487,-0.118345,-0.049949,-0.482323,-0.894729,0.134364
10.11792,3.115489,0.008026,1.028454,-0.127226,-0.048585,-0.524445,-0.880983,0.138368
10.128178,3.114173,0.007547,1.022992,-0.135956,-0.047184,-0.568185,-0.864392,0.141885
10.138379,3.112771,0.007082,1.017086,-0.144505,-0.045749,-0.613405,-0.845068,0.144928
10.148518,3.111284,0.006632,1.01072,-0.152848,-0.044287,-0.659967,-0.823129,0.147506
10.158591,3.109714,0.006197,1.003882,-0.160959,-0.042801,-0.707728,-0.798694,0.149631
10.168594,3.108065,0.005776,0.996562,-0.168814,-0.041295,-0.756542,-0.771889,0.151315
10.178521,3.106339,0.005371,0.988748,-0.17639,-0.039776,-0.806262,-0.742839,0.15257
10.188367,3.104539,0.004981,0.980434,-0.183664,-0.038245,-0.856737,-0.711677,0.15341
10.198128,3.102667,0.004606,0.971612,-0.190617,-0.036709,-0.907817,-0.678534,0.153846
10.207798,3.100727,0.004246,0.962276,-0.197228,-0.03517,-0.959346,-0.643547,0.153894
10.217372,3.098724,0.003902,0.952424,-0.203482,-0.033632,-1.011171,-0.606853,0.153566
10.226845,3.096659,0.003574,0.942052,-0.20936,-0.0321,-1.063135,-0.568592,0.152878
10.236211,3.094538,0.00326,0.931161,-0.214849,-0.030576,-1.115084,-0.528906,0.151843
10.245466,3.092363,0.002962,0.919751,-0.219934,-0.029064,-1.16686,-0.487936,0.150478
10.254604,3.09014,0.002679,0.907825,-0.224604,-0.027567,-1.218308,-0.445827,0.148796
10.263621,3.087873,0.002411,0.895387,-0.228847,-0.026089,-1.269271,-0.402724,0.146814
10.27251,3.085565,0.002157,0.882442,-0.232655,-0.024632,-1.319595,-0.358771,0.144547
10.281268,3.083221,0.001918,0.868997,-0.23602,-0.023199,-1.369126,-0.314114,0.142011
10.289889,3.080846,0.001693,0.855062,-0.238936,-0.021793,-1.417711,-0.268899,0.139222
10.298368,3.078444,0.001482,0.840647,-0.241397,-0.020415,-1.465198,-0.22327,0.136195
10.3067,3.07602,0.001285,0.825762,-0.2434,-0.019069,-1.511441,-0.177372,0.132948
10.314881,3.073577,0.001101,0.810423,-0.244944,-0.017757,-1.556291,-0.131349,0.129497
10.322907,3.071122,0.000929,0.794642,-0.246027,-0.01648,-1.599605,-0.085344,0.125857
10.330773,3.068658,0.000771,0.778436,-0.246651,-0.01524,-1.641242,-0.039497,0.122045
10.338474,3.066191,0.000625,0.761823,-0.246818,-0.01404,-1.681065,0.006052,0.118078
10.346008,3.063724,0.00049,0.744821,-0.246532,-0.012879,-1.71894,0.051165,0.113971
10.35337,3.061262,0.000367,0.727451,-0.245797,-0.011761,-1.754737,0.095707,0.109741
10.360556,3.058809,0.000255,0.709734,-0.24462,-0.010685,-1.788331,0.139544,0.105404
10.367563,3.056371,0.000153,0.691692,-0.243009,-0.009653,-1.8196,0.182548,0.100977
10.374389,3.05395,6.1e-05,0.67335,-0.240972,-0.008666,-1.84843,0.22459,0.096474
10.381029,3.051553,-2e-05,0.654732,-0.238521,-0.007724,-1.874708,0.265546,0.091911
10.387483,3.049181,-9.3e-05,0.635865,-0.235665,-0.006828,-1.89833,0.305297,0.087305
10.393746,3.046841,-0.000157,0.616775,-0.232419,-0.005978,-1.919197,0.343726,0.08267
10.399817,3.044534,-0.000213,0.59749,-0.228796,-0.005174,-1.937215,0.380721,0.078021
10.405695,3.042266,-0.000261,0.57804,-0.22481,-0.004417,-1.952299,0.416174,0.073373
10.411378,3.040039,-0.000301,0.558454,-0.220478,-0.003707,-1.964369,0.449982,0.068741
10.416864,3.037857,-0.000335,0.538763,-0.215816,-0.003042,-1.973353,0.482047,0.064138
10.422153,3.035724,-0.000362,0.518998,-0.210843,-0.002424,-1.979185,0.512275,0.059578
10.427244,3.033641,-0.000384,0.49919,-0.205577,-0.001851,-1.98181,0.540579,0.055075
10.432136,3.031613,-0.0004,0.479372,-0.200038,-0.001322,-1.981177,0.566878,0.050642
10.436831,3.029642,-0.00041,0.459578,-0.194246,-0.000837,-1.977248,0.591096,0.04629
10.441328,3.027729,-0.000416,0.439839,-0.188223,-0.000396,-1.96999,0.613164,0.042032
10.445628,3.025878,-0.000418,0.420189,-0.18199,4e-06,-1.959382,0.633019,0.03788
10.449732,3.02409,-0.000417,0.400662,-0.17557,0.000362,-1.94541,0.650605,0.033844
10.453642,3.022367,-0.000411,0.381292,-0.168986,0.000681,-1.928072,0.665873,0.029935
10.457359,3.020711,-0.000403,0.362112,-0.162261,0.000961,-1.907374,0.678784,0.026163
10.460885,3.019122,-0.000392,0.343156,-0.155418,0.001205,-1.883336,0.689302,0.022537
10.464223,3.017603,-0.000379,0.324456,-0.148483,0.001412,-1.855983,0.697402,0.019066
10.467375,3.016153,-0.000364,0.306047,-0.141478,0.001586,-1.825357,0.703068,0.015757
10.470345,3.014773,-0.000347,0.28796,-0.13443,0.001728,-1.791509,0.70629,0.012617
10.473135,3.013464,-0.00033,0.270227,-0.127361,0.001839,-1.754499,0.707069,0.009655
10.475751,3.012226,-0.000311,0.25288,-0.120296,0.001922,-1.714405,0.705414,0.006874
10.478194,3.011058,-0.000291,0.235949,-0.113261,0.001977,-1.671311,0.701343,0.004281
10.480471,3.00996,-0.000271,0.219464,-0.106277,0.002008,-1.625319,0.694884,0.001879
10.482585,3.008932,-0.000251,0.203452,-0.099371,0.002016,-1.576541,0.686077,-0.000328
10.484542,3.007973,-0.000231,0.187942,-0.092564,0.002002,-1.525102,0.674968,-0.002338
10.486346,3.007081,-0.000211,0.172958,-0.085879,0.00197,-1.471144,0.661616,-0.004148
10.488003,3.006255,-0.000192,0.158527,-0.079339,0.00192,-1.414819,0.646092,-0.005758
10.489518,3.005493,-0.000173,0.144669,-0.072964,0.001855,-1.356297,0.628475,-0.007168
10.490898,3.004795,-0.000155,0.131407,-0.066776,0.001777,-1.295758,0.608858,-0.00838
10.492149,3.004157,-0.000137,0.11876,-0.060793,0.001688,-1.233403,0.587343,-0.009394
10.493276,3.003578,-0.000121,0.106745,-0.055035,0.00159,-1.169442,0.564046,-0.010216
10.494286,3.003056,-0.000106,0.095376,-0.049518,0.001484,-1.104106,0.539093,-0.010847
10.495185,3.002587,-9.1e-05,0.084666,-0.044258,0.001374,-1.037639,0.512626,-0.011294
10.495981,3.00217,-7.8e-05,0.074626,-0.03927,0.001259,-0.970301,0.484795,-0.011563
10.49668,3.001801,-6.6e-05,0.065262,-0.034566,0.001143,-0.902371,0.455766,-0.011661
10.497289,3.001477,-5.5e-05,0.05658,-0.030158,0.001027,-0.834142,0.425717,-0.011597
10.497814,3.001196,-4.6e-05,0.048579,-0.026054,0.000912,-0.765926,0.394841,-0.011381
10.498263,3.000955,-3.7e-05,0.04126,-0.022263,0.000799,-0.698052,0.363343,-0.011022
10.498641,3.00075,-3e-05,0.034616,-0.018789,0.000691,-0.630868,0.331443,-0.010535
10.498957,3.000578,-2.3e-05,0.028639,-0.015635,0.000589,-0.564738,0.299374,-0.009931
10.499216,3.000436,-1.8e-05,0.023317,-0.012801,0.000493,-0.500047,0.267385,-0.009226
10.499426,3.000321,-1.3e-05,0.018632,-0.010286,0.000405,-0.437196,0.235741,-0.008436
10.499591,3.00023,-1e-05,0.014565,-0.008084,0.000325,-0.376609,0.204718,-0.007577
10.499719,3.000158,-7e-06,0.011091,-0.006189,0.000253,-0.318726,0.174612,-0.006669
10.499815,3.000105,-5e-06,0.00818,-0.004588,0.000191,-0.264008,0.145731,-0.005732
10.499884,3.000066,-3e-06,0.005799,-0.003269,0.000139,-0.212936,0.118402,-0.004787
10.499932,3.000039,-2e-06,0.003907,-0.002214,9.6e-05,-0.166013,0.092966,-0.003857
10.499964,3.000021,-1e-06,0.002463,-0.001402,6.2e-05,-0.123761,0.069782,-0.002966
10.499983,3.00001,-0,0.001415,-0.000809,3.6e-05,-0.086723,0.049224,-0.002141
10.499993,3.000004,-0,0.000709,-0.000407,1.8e-05,-0.055465,0.031685,-0.001408
10.499998,3.000001,-0,0.000284,-0.000164,8e-06,-0.030574,0.017575,-0.000797
10.5,3,-0,7.4e-05,-4.3e-05,2e-06,-0.012657,0.00732,-0.000338
10.5,3,-0,6e-06,-3e-06,0,-0.002348,0.001366,-6.4e-05
