2.500718,2.500781,0,0.001475,0.001606,0,0.001349,0.001469,-0.003629
2.500732,2.500797,0,0.001488,0.001621,0,0.001318,0.001544,-0.003892
2.500747,2.500814,0,0.001501,0.001637,0,0.001215,0.001752,-0.004634
2.500762,2.50083,0,0.001512,0.001656,0,0.001047,0.00209,-0.005839
2.500778,2.500847,0,0.001522,0.001679,0,0.000817,0.002553,-0.007488
2.500793,2.500864,0,0.001529,0.001708,0,0.00053,0.003137,-0.009565
2.500808,2.500881,0,0.001532,0.001743,0,0.000192,0.003839,-0.012052
2.500823,2.500899,0,0.001532,0.001785,0,-0.000193,0.004654,-0.014933
2.500839,2.500917,0,0.001528,0.001836,0,-0.000621,0.005579,-0.018192
2.500854,2.500935,0,0.00152,0.001897,0,-0.001086,0.00661,-0.021813
2.500869,2.500955,0,0.001506,0.001969,0,-0.001586,0.007743,-0.025781
2.500884,2.500975,0,0.001488,0.002052,0,-0.002114,0.008974,-0.030079
2.500899,2.500996,0,0.001464,0.002148,0,-0.002669,0.0103,-0.034694
2.500913,2.501018,0,0.001434,0.002258,0,-0.003244,0.011718,-0.039611
2.500927,2.501041,0,0.001399,0.002383,0,-0.003838,0.013223,-0.044815
2.500941,2.501066,0,0.001358,0.002523,0,-0.004444,0.014813,-0.050292
2.500955,2.501092,0,0.00131,0.00268,0,-0.005061,0.016483,-0.056029
2.500967,2.501119,0,0.001256,0.002853,0,-0.005684,0.018231,-0.062012
2.50098,2.501149,0,0.001196,0.003044,0,-0.00631,0.020053,-0.068228
2.500991,2.50118,0,0.00113,0.003254,0,-0.006935,0.021946,-0.074664
2.501002,2.501214,0,0.001058,0.003484,0,-0.007556,0.023906,-0.081308
2.501013,2.50125,0,0.000979,0.003733,0,-0.00817,0.02593,-0.088148
2.501022,2.501289,0,0.000894,0.004002,0,-0.008774,0.028016,-0.095171
2.50103,2.50133,0,0.000804,0.004293,0,-0.009364,0.03016,-0.102366
2.501038,2.501374,0,0.000707,0.004606,0,-0.009937,0.03236,-0.109722
2.501044,2.501422,0,0.000605,0.004941,0,-0.010492,0.034611,-0.117227
2.50105,2.501473,0,0.000497,0.005298,0,-0.011024,0.036911,-0.124871
2.501054,2.501528,0,0.000385,0.005679,0,-0.011531,0.039258,-0.132642
2.501058,2.501587,0,0.000267,0.006083,0,-0.012011,0.041648,-0.140531
2.50106,2.50165,0,0.000144,0.006512,0,-0.012461,0.044079,-0.148528
2.501061,2.501717,0,1.8e-05,0.006965,0,-0.012879,0.046547,-0.156622
2.50106,2.501789,0,-0.000113,0.007443,0,-0.013262,0.049051,-0.164804
2.501058,2.501866,0,-0.000247,0.007946,0,-0.013608,0.051587,-0.173066
2.501055,2.501948,0,-0.000385,0.008475,0,-0.013914,0.054153,-0.181397
2.501051,2.502036,0,-0.000526,0.009029,0,-0.01418,0.056746,-0.189789
2.501045,2.502129,0,-0.000669,0.00961,0,-0.014402,0.059363,-0.198233
2.501037,2.502228,0,-0.000813,0.010217,0,-0.014579,0.062003,-0.206722
2.501028,2.502333,0,-0.00096,0.01085,0,-0.014708,0.064663,-0.215247
2.501018,2.502445,0,-0.001107,0.01151,0,-0.014789,0.067339,-0.2238
2.501006,2.502564,0,-0.001256,0.012197,0,-0.014819,0.070031,-0.232373
2.500993,2.502689,0,-0.001404,0.012911,0,-0.014796,0.072736,-0.24096
2.500978,2.502822,0,-0.001551,0.013652,0,-0.01472,0.07545,-0.249552
2.500962,2.502962,0,-0.001698,0.01442,0,-0.014588,0.078173,-0.258144
2.500944,2.503111,0,-0.001843,0.015215,0,-0.0144,0.080902,-0.266728
2.500925,2.503267,0,-0.001986,0.016038,0,-0.014153,0.083635,-0.275298
2.500904,2.503431,0,-0.002126,0.016888,0,-0.013848,0.086369,-0.283848
2.500883,2.503605,0,-0.002262,0.017765,0,-0.013481,0.089103,-0.292371
2.500859,2.503787,0,-0.002395,0.01867,0,-0.013053,0.091834,-0.300861
2.500835,2.503978,0,-0.002523,0.019602,0,-0.012562,0.094561,-0.309314
2.500809,2.504179,0,-0.002646,0.020561,0,-0.012007,0.097282,-0.317722
2.500782,2.504389,0,-0.002763,0.021547,0,-0.011388,0.099994,-0.326082
2.500754,2.50461,0,-0.002874,0.022561,0,-0.010703,0.102696,-0.334388
2.500724,2.504841,0,-0.002977,0.023601,0,-0.009951,0.105386,-0.342635
2.500694,2.505082,0,-0.003072,0.024669,0,-0.009133,0.108063,-0.350819
2.500663,2.505334,0,-0.003159,0.025763,0,-0.008247,0.110724,-0.358934
2.500631,2.505597,0,-0.003237,0.026883,0,-0.007292,0.113368,-0.366977
2.500598,2.505872,0,-0.003305,0.02803,0,-0.006269,0.115993,-0.374943
2.500565,2.506158,0,-0.003362,0.029203,0,-0.005176,0.118598,-0.382829
2.500531,2.506456,0,-0.003408,0.030402,0,-0.004014,0.12118,-0.39063
2.500497,2.506766,0,-0.003442,0.031626,0,-0.002781,0.123739,-0.398343
2.500462,2.507089,0,-0.003464,0.032876,0,-0.001478,0.126273,-0.405965
2.500427,2.507424,0,-0.003472,0.034152,0,-0.000105,0.128781,-0.413492
2.500393,2.507772,0,-0.003466,0.035452,0,0.00134,0.13126,-0.420921
2.500358,2.508133,0,-0.003445,0.036777,0,0.002855,0.13371,-0.428249
2.500324,2.508507,0,-0.003408,0.038126,0,0.004442,0.13613,-0.435473
2.50029,2.508896,0,-0.003356,0.039499,0,0.006099,0.138517,-0.44259
2.500257,2.509298,0,-0.003286,0.040896,0,0.007828,0.140871,-0.449598
2.500224,2.509714,0,-0.003199,0.042317,0,0.009628,0.14319,-0.456495
2.500193,2.510144,0,-0.003093,0.04376,0,0.011498,0.145474,-0.463278
2.500163,2.510589,0,-0.002969,0.045226,0,0.013439,0.14772,-0.469946
2.500134,2.511049,0,-0.002824,0.046714,0,0.01545,0.149929,-0.476495
2.500106,2.511523,0,-0.002659,0.048224,0,0.017532,0.152098,-0.482925
2.50008,2.512013,0,-0.002473,0.049756,0,0.019683,0.154227,-0.489233
2.500057,2.512518,0,-0.002265,0.051309,0,0.021904,0.156315,-0.495418
2.500035,2.513039,0,-0.002035,0.052882,0,0.024194,0.158361,-0.501479
2.500016,2.513576,0,-0.001781,0.054476,0,0.026552,0.160363,-0.507414
2.5,2.514129,0,-0.001504,0.056089,0,0.028978,0.162321,-0.513221
2.499986,2.514698,0,-0.001202,0.057722,0,0.031472,0.164234,-0.518901
2.499976,2.515283,0,-0.000874,0.059374,0,0.034033,0.166101,-0.524452
2.499969,2.515885,0,-0.000521,0.061044,0,0.03666,0.167921,-0.529872
2.499965,2.516504,0,-0.000141,0.062732,0,0.039352,0.169693,-0.535161
2.499966,2.51714,0,0.000267,0.064438,0,0.042109,0.171418,-0.540319
2.499971,2.517793,0,0.000702,0.06616,0,0.044931,0.173093,-0.545345
2.49998,2.518463,0,0.001165,0.067899,0,0.047815,0.174718,-0.550238
2.499994,2.519151,0,0.001658,0.069655,0,0.050762,0.176293,-0.554998
2.500013,2.519857,0,0.002181,0.071425,0,0.053771,0.177817,-0.559625
2.500038,2.52058,0,0.002734,0.073211,0,0.05684,0.17929,-0.564118
2.500068,2.521321,0,0.003318,0.075011,0,0.059969,0.18071,-0.568477
2.500104,2.52208,0,0.003933,0.076825,0,0.063157,0.182077,-0.572703
2.500147,2.522857,0,0.004581,0.078652,0,0.066403,0.183391,-0.576794
2.500196,2.523653,0,0.005262,0.080492,0,0.069705,0.184651,-0.580752
2.500252,2.524467,0,0.005975,0.082345,0,0.073064,0.185858,-0.584577
2.500316,2.5253,0,0.006723,0.084209,0,0.076476,0.187009,-0.588268
2.500387,2.526151,0,0.007505,0.086085,0,0.079943,0.188106,-0.591826
2.500466,2.527022,0,0.008322,0.087971,0,0.083461,0.189147,-0.595252
2.500553,2.527911,0,0.009175,0.089868,0,0.087031,0.190132,-0.598545
2.50065,2.528819,0,0.010063,0.091774,0,0.090651,0.191062,-0.601707
2.500755,2.529746,0,0.010988,0.093689,0,0.094319,0.191935,-0.604737
2.50087,2.530693,0,0.011949,0.095612,0,0.098036,0.192752,-0.607637
2.500994,2.531659,0,0.012949,0.097544,0,0.101798,0.193512,-0.610407
2.501129,2.532644,0,0.013986,0.099482,0,0.105605,0.194215,-0.613047
2.501274,2.533648,0,0.015061,0.101428,0,0.109456,0.194861,-0.615559
2.50143,2.534672,0,0.016175,0.103379,0,0.113349,0.19545,-0.617943
2.501597,2.535716,0,0.017328,0.105337,0,0.117283,0.195982,-0.6202
2.501777,2.536779,0,0.018521,0.107299,0,0.121257,0.196456,-0.622331
2.501968,2.537862,0,0.019753,0.109265,0,0.125269,0.196873,-0.624336
2.502172,2.538964,0,0.021026,0.111236,0,0.129318,0.197233,-0.626217
2.502389,2.540087,0,0.02234,0.11321,0,0.133402,0.197535,-0.627974
2.502619,2.541229,0,0.023694,0.115187,0,0.13752,0.19778,-0.629608
2.502863,2.54239,0,0.02509,0.117165,0,0.14167,0.197967,-0.631121
2.503121,2.543572,0,0.026528,0.119146,0,0.145852,0.198098,-0.632512
2.503393,2.544773,0,0.028007,0.121127,0,0.150063,0.198171,-0.633784
2.503681,2.545995,0,0.029529,0.123109,0,0.154302,0.198187,-0.634937
2.503984,2.547236,0,0.031093,0.125091,0,0.158568,0.198146,-0.635972
2.504303,2.548496,0,0.032701,0.127072,0,0.162858,0.198049,-0.636889
2.504638,2.549777,0,0.034351,0.129051,0,0.167172,0.197895,-0.637691
2.50499,2.551077,0,0.036044,0.131029,0,0.171509,0.197685,-0.638378
2.505359,2.552398,0,0.037781,0.133005,0,0.175865,0.197419,-0.63895
2.505746,2.553737,0,0.039561,0.134978,0,0.180241,0.197097,-0.63941
2.506151,2.555097,0,0.041386,0.136947,0,0.184634,0.19672,-0.639757
2.506574,2.556476,0,0.043254,0.138912,0,0.189043,0.196288,-0.639992
2.507016,2.557875,0,0.045167,0.140872,0,0.193466,0.195801,-0.640117
2.507477,2.559294,0,0.047124,0.142828,0,0.197902,0.19526,-0.640133
2.507958,2.560732,0,0.049125,0.144777,0,0.202349,0.194665,-0.64004
2.50846,2.562189,0,0.051171,0.146721,0,0.206806,0.194016,-0.639839
2.508982,2.563666,0,0.053261,0.148657,0,0.211271,0.193315,-0.639531
2.509525,2.565162,0,0.055396,0.150587,0,0.215742,0.19256,-0.639116
2.51009,2.566678,0,0.057576,0.152508,0,0.220218,0.191754,-0.638596
2.510677,2.568213,0,0.0598,0.154422,0,0.224698,0.190895,-0.63797
2.511286,2.569766,0,0.06207,0.156326,0,0.22918,0.189986,-0.63724
2.511919,2.571339,0,0.064384,0.158221,0,0.233662,0.189026,-0.636407
2.512574,2.572931,0,0.066743,0.160107,0,0.238143,0.188016,-0.63547
2.513254,2.574541,0,0.069147,0.161981,0,0.242622,0.186957,-0.63443
2.513957,2.57617,0,0.071595,0.163846,0,0.247096,0.185848,-0.633287
2.514686,2.577818,0,0.074089,0.165698,0,0.251564,0.184692,-0.632043
2.515439,2.579484,0,0.076627,0.167539,0,0.256025,0.183488,-0.630697
2.516218,2.581169,0,0.079209,0.169368,0,0.260478,0.182237,-0.629249
2.517023,2.582872,0,0.081836,0.171184,0,0.26492,0.180939,-0.627699
2.517855,2.584592,0,0.084508,0.172987,0,0.269351,0.179596,-0.626049
2.518714,2.586331,0,0.087223,0.174776,0,0.273769,0.178209,-0.624296
2.5196,2.588088,0,0.089983,0.176551,0,0.278172,0.176777,-0.622443
2.520514,2.589862,0,0.092787,0.178311,0,0.282559,0.175301,-0.620488
2.521456,2.591654,0,0.095634,0.180056,0,0.286929,0.173784,-0.618431
2.522426,2.593463,0,0.098525,0.181787,0,0.291281,0.172224,-0.616272
2.523426,2.59529,0,0.10146,0.183501,0,0.295612,0.170623,-0.61401
2.524456,2.597133,0,0.104437,0.185199,0,0.299922,0.168982,-0.611645
2.525515,2.598994,0,0.107458,0.18688,0,0.304208,0.167302,-0.609176
2.526605,2.600871,0,0.110521,0.188545,0,0.308471,0.165583,-0.606603
2.527726,2.602765,0,0.113627,0.190192,0,0.312709,0.163826,-0.603925
2.528878,2.604675,0,0.116775,0.191821,0,0.31692,0.162033,-0.601141
2.530061,2.606601,0,0.119966,0.193432,0,0.321102,0.160204,-0.598249
2.531277,2.608543,0,0.123197,0.195025,0,0.325256,0.15834,-0.59525
2.532525,2.610501,0,0.126471,0.196599,0,0.32938,0.156442,-0.59214
2.533807,2.612475,0,0.129785,0.198154,0,0.333472,0.15451,-0.58892
2.535121,2.614464,0,0.13314,0.199689,0,0.337531,0.152547,-0.585587
2.53647,2.616469,0,0.136535,0.201205,0,0.341557,0.150552,-0.582141
2.537852,2.618488,0,0.139971,0.2027,0,0.345547,0.148527,-0.578578
2.539269,2.620523,0,0.143446,0.204175,0,0.349502,0.146473,-0.574898
2.540721,2.622572,0,0.146961,0.205629,0,0.35342,0.144391,-0.571098
2.542209,2.624635,0,0.150515,0.207063,0,0.3573,0.142282,-0.567177
2.543732,2.626713,0,0.154107,0.208475,0,0.361141,0.140146,-0.563131
2.545291,2.628805,0,0.157737,0.209866,0,0.364943,0.137986,-0.558959
2.546886,2.63091,0,0.161405,0.211235,0,0.368703,0.135801,-0.554658
2.548519,2.633029,0,0.165111,0.212582,0,0.372422,0.133594,-0.550225
2.550189,2.635162,0,0.168854,0.213906,0,0.376099,0.131364,-0.545657
2.551896,2.637307,0,0.172633,0.215209,0,0.379732,0.129114,-0.540952
2.553642,2.639466,0,0.176448,0.216489,0,0.383322,0.126844,-0.536106
2.555425,2.641637,0,0.180299,0.217746,0,0.386867,0.124556,-0.531115
2.557248,2.643821,0,0.184185,0.21898,0,0.390366,0.12225,-0.525977
2.559109,2.646017,0,0.188106,0.220191,0,0.393819,0.119928,-0.520688
2.56101,2.648224,0,0.192062,0.221378,0,0.397226,0.117591,-0.515243
2.56295,2.650444,0,0.196051,0.222542,0,0.400586,0.11524,-0.509639
2.564931,2.652675,0,0.200073,0.223683,0,0.403898,0.112876,-0.503871
2.566952,2.654918,0,0.204129,0.2248,0,0.407162,0.1105,-0.497936
2.569014,2.657171,0,0.208216,0.225893,0,0.410378,0.108114,-0.491828
2.571116,2.659435,0,0.212336,0.226962,0,0.413544,0.105719,-0.485543
2.573261,2.66171,0,0.216487,0.228007,0,0.416661,0.103316,-0.479076
2.575446,2.663996,0,0.220669,0.229028,0,0.419729,0.100906,-0.472422
2.577674,2.666291,0,0.224881,0.230025,0,0.422747,0.09849,-0.465576
2.579944,2.668596,0,0.229124,0.230998,0,0.425715,0.096071,-0.458531
2.582257,2.670911,0,0.233396,0.231947,0,0.428634,0.093648,-0.451282
2.584612,2.673235,0,0.237696,0.232871,0,0.431502,0.091223,-0.443824
2.587011,2.675568,0,0.242025,0.233771,0,0.434319,0.088797,-0.436151
2.589453,2.67791,0,0.246383,0.234647,0,0.437087,0.086373,-0.428255
2.591938,2.680261,0,0.250767,0.235499,0,0.439805,0.08395,-0.42013
2.594468,2.68262,0,0.255178,0.236326,0,0.442472,0.08153,-0.41177
2.597042,2.684987,0,0.259616,0.237129,0,0.44509,0.079115,-0.403168
2.599661,2.687363,0,0.26408,0.237908,0,0.447658,0.076705,-0.394316
2.602324,2.689745,0,0.268569,0.238663,0,0.450178,0.074303,-0.385206
2.605032,2.692136,0,0.273084,0.239395,0,0.452648,0.071909,-0.375833
2.607785,2.694533,0,0.277622,0.240102,0,0.45507,0.069525,-0.366186
2.610585,2.696938,0,0.282185,0.240785,0,0.457444,0.067151,-0.356259
2.613429,2.699349,0,0.286771,0.241445,0,0.45977,0.06479,-0.346043
2.61632,2.701767,0,0.29138,0.242081,0,0.46205,0.062443,-0.335529
2.619257,2.70419,0,0.296012,0.242694,0,0.464284,0.06011,-0.324709
2.62224,2.70662,0,0.300666,0.243283,0,0.466472,0.057794,-0.313572
2.62527,2.709056,0,0.305341,0.24385,0,0.468616,0.055495,-0.302111
2.628347,2.711497,0,0.310038,0.244393,0,0.470715,0.053215,-0.290316
2.631471,2.713944,0,0.314755,0.244914,0,0.472772,0.050955,-0.278176
2.634642,2.716395,0,0.319493,0.245412,0,0.474788,0.048717,-0.265681
2.637861,2.718852,0,0.324251,0.245888,0,0.476762,0.046502,-0.252822
2.641127,2.721313,0,0.329028,0.246342,0,0.478697,0.044311,-0.239587
2.644442,2.723779,0,0.333825,0.246775,0,0.480593,0.042146,-0.225966
2.647804,2.726249,0,0.33864,0.247185,0,0.482452,0.040007,-0.211947
2.651215,2.728722,0,0.343473,0.247575,0,0.484275,0.037897,-0.197519
2.654674,2.7312,0,0.348325,0.247943,0,0.486064,0.035817,-0.18267
2.658181,2.733681,0,0.353195,0.248291,0,0.48782,0.033767,-0.167388
2.661737,2.736166,0,0.358082,0.248619,0,0.489545,0.03175,-0.151661
2.665343,2.738653,0,0.362985,0.248926,0,0.49124,0.029767,-0.135477
2.668997,2.741144,0,0.367906,0.249214,0,0.492906,0.027819,-0.118822
2.672701,2.743638,0,0.372844,0.249483,0,0.494547,0.025907,-0.101683
2.676454,2.746134,0,0.377797,0.249733,0,0.496163,0.024033,-0.084047
2.680257,2.748632,0,0.382767,0.249964,0,0.497757,0.022197,-0.065901
2.68411,2.751133,0,0.387752,0.250177,0,0.499331,0.020403,-0.047229
2.688012,2.753636,0,0.392753,0.250372,0,0.500886,0.01865,-0.028018
2.691965,2.75614,0,0.39777,0.25055,0,0.502426,0.016941,-0.008253
2.695968,2.758647,0,0.402802,0.250711,0,0.503951,0.015275,0.012081
2.700021,2.761155,0,0.407849,0.250856,0,0.505465,0.013656,0.032999
2.704125,2.763664,0,0.412911,0.250984,0,0.506971,0.012084,0.054517
2.708279,2.766174,0,0.417988,0.251097,0,0.508469,0.010561,0.076651
2.712484,2.768686,0,0.42308,0.251196,0,0.509964,0.009087,0.099417
2.716741,2.771198,0,0.428187,0.251279,0,0.511458,0.007665,0.122831
2.721048,2.773711,0,0.43331,0.251349,0,0.512954,0.006295,0.146911
2.725407,2.776225,0,0.438447,0.251405,0,0.514454,0.004979,0.171674
2.729817,2.778739,0,0.443599,0.251449,0,0.515962,0.003718,0.197137
2.734279,2.781254,0,0.448766,0.25148,0,0.51748,0.002514,0.223318
2.738793,2.783769,0,0.453948,0.251499,0,0.519012,0.001368,0.250236
2.743358,2.786284,0,0.459146,0.251507,0,0.520561,0.00028,0.277909
2.747975,2.788799,0,0.46436,0.251505,0,0.52213,-0.000746,0.306356
2.752645,2.791314,0,0.469589,0.251493,0,0.523723,-0.001711,0.335597
2.757367,2.793829,0,0.474834,0.251471,0,0.525344,-0.002613,0.36565
2.762142,2.796343,0,0.480096,0.251441,0,0.526995,-0.00345,0.396537
2.766969,2.798858,0,0.485374,0.251402,0,0.528681,-0.004222,0.428277
2.77185,2.801371,0,0.49067,0.251356,0,0.530406,-0.004927,0.460891
2.776783,2.803885,0,0.495982,0.251304,0,0.532173,-0.005563,0.4944
2.781769,2.806397,0,0.501313,0.251245,0,0.533987,-0.00613,0.528826
2.786809,2.80891,0,0.506662,0.251182,0,0.535851,-0.006626,0.56419
2.791903,2.811421,0,0.51203,0.251113,0,0.537769,-0.007051,0.600516
2.79705,2.813932,0,0.517418,0.251041,0,0.539747,-0.007402,0.637824
2.802251,2.816442,0,0.522826,0.250965,0,0.541789,-0.007678,0.676139
2.807506,2.818951,0,0.528254,0.250888,0,0.543898,-0.007878,0.715483
2.812816,2.82146,0,0.533704,0.250808,0,0.546081,-0.008002,0.755881
2.81818,2.823967,0,0.539176,0.250728,0,0.54834,-0.008047,0.797357
2.8236,2.826474,0,0.544671,0.250647,0,0.550683,-0.008013,0.839934
2.829074,2.82898,0,0.55019,0.250568,0,0.553112,-0.007899,0.883639
2.834604,2.831485,0,0.555733,0.25049,0,0.555634,-0.007702,0.928495
2.840189,2.83399,0,0.561303,0.250414,0,0.558253,-0.007422,0.97453
2.84583,2.836494,0,0.566899,0.250342,0,0.560975,-0.007059,1.021769
2.851527,2.838997,0,0.572523,0.250273,0,0.563805,-0.006609,1.070239
2.855526,2.840458,0,0.576565,0.249886,0,0.565963,-0.006313,1.108707
2.86132,2.842957,0,0.582238,0.249826,0,0.568639,-0.005732,1.157659
2.867171,2.845455,0,0.587936,0.249772,0,0.57073,-0.00511,1.204398
2.873079,2.847952,0,0.593651,0.249724,0,0.572253,-0.004451,1.24896
2.879044,2.850449,0,0.599379,0.249683,0,0.573228,-0.00376,1.291379
2.885066,2.852946,0,0.605114,0.249649,0,0.573672,-0.003041,1.331689
2.891146,2.855442,0,0.610851,0.249622,0,0.573601,-0.002297,1.369921
2.897283,2.857938,0,0.616584,0.249603,0,0.573032,-0.001533,1.406106
2.903478,2.860434,0,0.62231,0.249591,0,0.571982,-0.000751,1.440273
2.909729,2.86293,0,0.628022,0.249588,0,0.570464,4.5e-05,1.472452
2.916038,2.865426,0,0.633718,0.249592,0,0.568495,0.00085,1.502668
2.922404,2.867922,0,0.639391,0.249605,0,0.566087,0.001664,1.530948
2.928826,2.870418,0,0.645038,0.249626,0,0.563255,0.002481,1.557316
2.935304,2.872915,0,0.650655,0.249654,0,0.560012,0.0033,1.581797
2.941839,2.875411,0,0.656237,0.249692,0,0.55637,0.004118,1.604414
2.948429,2.877908,0,0.661781,0.249737,0,0.552341,0.004932,1.625188
2.955074,2.880406,0,0.667282,0.24979,0,0.547938,0.00574,1.644141
2.961774,2.882904,0,0.672738,0.249852,0,0.543171,0.006538,1.661293
2.968529,2.885403,0,0.678145,0.249921,0,0.538052,0.007326,1.676664
2.975337,2.887903,0,0.683498,0.249998,0,0.53259,0.008101,1.690272
2.982199,2.890403,0,0.688795,0.250083,0,0.526796,0.00886,1.702138
2.989113,2.892904,0,0.694033,0.250175,0,0.52068,0.009603,1.712277
2.996079,2.895407,0,0.699208,0.250275,0,0.514251,0.010326,1.720707
3.003097,2.89791,0,0.704317,0.250382,0,0.507517,0.011028,1.727445
3.010165,2.900414,0,0.709357,0.250495,0,0.500488,0.011708,1.732508
3.017284,2.90292,0,0.714326,0.250616,0,0.493172,0.012364,1.73591
3.024451,2.905427,0,0.71922,0.250743,0,0.485577,0.012993,1.737669
3.031668,2.907935,0,0.724036,0.250876,0,0.477711,0.013596,1.737798
3.038932,2.910444,0,0.728773,0.251014,0,0.46958,0.01417,1.736313
3.046243,2.912955,0,0.733427,0.251159,0,0.461194,0.014714,1.733228
3.0536,2.915467,0,0.737996,0.251309,0,0.452557,0.015226,1.728559
3.061003,2.917981,0,0.742477,0.251463,0,0.443678,0.015706,1.72232
3.068449,2.920497,0,0.746869,0.251623,0,0.434563,0.016152,1.714525
3.07594,2.923014,0,0.751168,0.251786,0,0.425217,0.016563,1.705189
3.083472,2.925532,0,0.755372,0.251954,0,0.415649,0.016938,1.694327
3.091047,2.928053,0,0.75948,0.252125,0,0.405862,0.017276,1.681953
3.098662,2.930575,0,0.763489,0.252299,0,0.395865,0.017575,1.668082
3.106316,2.933099,0,0.767397,0.252476,0,0.385661,0.017835,1.652729
3.114009,2.935624,0,0.771202,0.252656,0,0.375258,0.018055,1.635909
3.12174,2.938152,0,0.774901,0.252837,0,0.36466,0.018233,1.617638
3.129507,2.940681,0,0.778494,0.25302,0,0.353873,0.018369,1.597933
3.137309,2.943212,0,0.781978,0.253204,0,0.342903,0.018461,1.576808
3.145146,2.945745,0,0.785352,0.253389,0,0.331755,0.018509,1.554282
3.153016,2.94828,0,0.788613,0.253574,0,0.320434,0.018511,1.530371
3.160918,2.950817,0,0.79176,0.253759,0,0.308947,0.018467,1.505094
3.168851,2.953355,0,0.794791,0.253944,0,0.297297,0.018375,1.478468
3.176814,2.955896,0,0.797705,0.254127,0,0.285491,0.018234,1.450514
3.184805,2.958438,0,0.8005,0.254308,0,0.273534,0.018044,1.42125
3.192823,2.960982,0,0.803175,0.254487,0,0.261431,0.017803,1.390698
3.200868,2.963528,0,0.805729,0.254664,0,0.249189,0.01751,1.358879
3.208937,2.966075,0,0.808159,0.254837,0,0.236812,0.017164,1.325815
3.217031,2.968624,0,0.810464,0.255007,0,0.224306,0.016763,1.291529
3.225146,2.971175,0,0.812644,0.255172,0,0.211677,0.016307,1.256046
3.233283,2.973728,0,0.814698,0.255333,0,0.198932,0.015794,1.21939
3.24144,2.976282,0,0.816623,0.255488,0,0.186076,0.015222,1.181588
3.249615,2.978837,0,0.818419,0.255637,0,0.173115,0.014591,1.142667
3.257808,2.981395,0,0.820085,0.25578,0,0.160056,0.013898,1.102656
3.266016,2.983953,0,0.821619,0.255915,0,0.146906,0.013143,1.061584
3.27424,2.986513,0,0.823022,0.256042,0,0.133671,0.012323,1.019482
3.282476,2.989074,0,0.824293,0.256161,0,0.120358,0.011437,0.976382
3.290725,2.991636,0,0.825429,0.256271,0,0.106975,0.010483,0.932319
3.298984,2.994199,0,0.826432,0.256371,0,0.093529,0.009459,0.887326
3.307253,2.996763,0,0.8273,0.25646,0,0.080027,0.008363,0.841441
3.31553,2.999328,0,0.828032,0.256538,0,0.066479,0.007193,0.794701
3.323813,3.001894,0,0.828629,0.256603,0,0.052892,0.005947,0.747146
3.332102,3.00446,0,0.82909,0.256656,0,0.039275,0.004623,0.698816
3.340395,3.007027,0,0.829415,0.256696,0,0.025637,0.003218,0.649756
3.34869,3.009594,0,0.829603,0.25672,0,0.011987,0.001729,0.600008
3.356986,3.012162,0,0.829654,0.25673,0,-0.001665,0.000155,0.54962
3.365283,3.014729,0,0.829569,0.256723,0,-0.015309,-0.001508,0.49864
3.373577,3.017296,0,0.829348,0.256699,0,-0.028934,-0.003263,0.447116
3.381869,3.019863,0,0.828991,0.256658,0,-0.042529,-0.005112,0.395102
3.390157,3.022429,0,0.828498,0.256597,0,-0.056084,-0.007059,0.342651
3.398439,3.024995,0,0.827869,0.256516,0,-0.069586,-0.009107,0.289818
3.406714,3.027559,0,0.827106,0.256414,0,-0.083023,-0.01126,0.236661
3.41498,3.030123,0,0.826209,0.256291,0,-0.096383,-0.01352,0.183241
3.423237,3.032685,0,0.825179,0.256144,0,-0.109653,-0.015893,0.12962
3.431483,3.035246,0,0.824016,0.255972,0,-0.122818,-0.018381,0.075861
3.439717,3.037804,0,0.822723,0.255776,0,-0.135865,-0.020989,0.022031
3.447937,3.040361,0,0.8213,0.255552,0,-0.148778,-0.023721,-0.031801
3.456143,3.042915,0,0.819748,0.255301,0,-0.161544,-0.026582,-0.085564
3.464332,3.045467,0,0.818069,0.25502,0,-0.174145,-0.029575,-0.139183
3.472504,3.048016,0,0.816266,0.254709,0,-0.186565,-0.032707,-0.192584
3.480657,3.050561,0,0.814339,0.254365,0,-0.198788,-0.035981,-0.245687
3.48879,3.053103,0,0.812291,0.253989,0,-0.210796,-0.039403,-0.298412
3.496555,3.055652,0,0.810315,0.253662,0,-0.221839,-0.042743,-0.347477
3.504647,3.058186,0,0.80804,0.253217,0,-0.233114,-0.046201,-0.398513
3.512715,3.060716,0,0.805655,0.252739,0,-0.243606,-0.049291,-0.447525
3.52076,3.063241,0,0.80317,0.252233,0,-0.253314,-0.052019,-0.49448
3.528779,3.065761,0,0.800592,0.2517,0,-0.262243,-0.05439,-0.539345
3.536771,3.068275,0,0.797928,0.251146,0,-0.270396,-0.056408,-0.582093
3.544737,3.070783,0,0.795186,0.250573,0,-0.277775,-0.058079,-0.622698
3.552675,3.073286,0,0.792375,0.249985,0,-0.284388,-0.059406,-0.661135
3.560584,3.075783,0,0.789501,0.249386,0,-0.29024,-0.060394,-0.697383
3.568465,3.078274,0,0.786573,0.248779,0,-0.295338,-0.061046,-0.731423
3.576315,3.080759,0,0.783597,0.248166,0,-0.299689,-0.061366,-0.763237
3.584136,3.083237,0,0.780581,0.247552,0,-0.303303,-0.061357,-0.792807
3.591927,3.08571,0,0.777533,0.24694,0,-0.306187,-0.061023,-0.820121
3.599687,3.088176,0,0.77446,0.246333,0,-0.308351,-0.060366,-0.845165
3.607416,3.090636,0,0.771369,0.245734,0,-0.309807,-0.05939,-0.867926
3.615114,3.093091,0,0.768266,0.245146,0,-0.310563,-0.058096,-0.888395
3.622781,3.095539,0,0.76516,0.244573,0,-0.310631,-0.056488,-0.906561
3.630417,3.097982,0,0.762056,0.244018,0,-0.310023,-0.054567,-0.922416
3.638023,3.10042,0,0.758961,0.243483,0,-0.308749,-0.052337,-0.935952
3.645597,3.102852,0,0.755883,0.242972,0,-0.306823,-0.049799,-0.947161
3.65314,3.105279,0,0.752827,0.242488,0,-0.304255,-0.046956,-0.956036
3.660653,3.107702,0,0.7498,0.242034,0,-0.301058,-0.04381,-0.96257
3.668136,3.11012,0,0.746808,0.241613,0,-0.297245,-0.040363,-0.966758
3.67559,3.112534,0,0.743857,0.241228,0,-0.292827,-0.036617,-0.968592
3.683014,3.114945,0,0.740953,0.240881,0,-0.287817,-0.032575,-0.968065
3.690409,3.117352,0,0.738103,0.240577,0,-0.282228,-0.028238,-0.965172
3.697776,3.119757,0,0.735311,0.240318,0,-0.27607,-0.02361,-0.959904
3.705115,3.122159,0,0.732583,0.240106,0,-0.269357,-0.018692,-0.952254
3.712428,3.124559,0,0.729925,0.239945,0,-0.262098,-0.013487,-0.942213
3.719714,3.126958,0,0.727343,0.239837,0,-0.254307,-0.007997,-0.929772
3.726975,3.129356,0,0.724841,0.239786,0,-0.245994,-0.002225,-0.914921
3.734211,3.131754,0,0.722425,0.239793,0,-0.237169,0.003825,-0.897648
3.741424,3.134152,0,0.720099,0.239863,0,-0.227842,0.010152,-0.877942
3.748614,3.136551,0,0.71787,0.239997,0,-0.218023,0.016751,-0.855787
3.755782,3.138952,0,0.71574,0.240199,0,-0.20772,0.023619,-0.831169
3.762929,3.141355,0,0.713717,0.240471,0,-0.196943,0.030754,-0.80407
3.768082,3.143093,0,0.712321,0.240711,0,-0.188861,0.036074,-0.782923
3.775196,3.145502,0,0.710489,0.241108,0,-0.177617,0.043396,-0.752894
3.782292,3.147916,0,0.708768,0.241578,0,-0.166581,0.050456,-0.723121
3.789372,3.150334,0,0.707156,0.242117,0,-0.155752,0.057255,-0.693607
3.796436,3.152758,0,0.705652,0.242722,0,-0.145128,0.063795,-0.664353
3.803485,3.155189,0,0.704253,0.243392,0,-0.134707,0.070079,-0.635363
3.810521,3.157626,0,0.702957,0.244123,0,-0.124489,0.076108,-0.606637
3.817545,3.160071,0,0.701763,0.244913,0,-0.11447,0.081884,-0.578179
3.824557,3.162525,0,0.700667,0.24576,0,-0.104651,0.08741,-0.549989
3.831558,3.164987,0,0.699669,0.24666,0,-0.095028,0.092688,-0.52207
3.83855,3.167458,0,0.698766,0.247613,0,-0.085601,0.09772,-0.494425
3.845534,3.169939,0,0.697956,0.248614,0,-0.076367,0.102509,-0.467054
3.85251,3.172431,0,0.697238,0.249662,0,-0.067326,0.107058,-0.43996
3.859479,3.174933,0,0.696609,0.250754,0,-0.058475,0.111369,-0.413145
3.866442,3.177446,0,0.696068,0.251889,0,-0.049812,0.115445,-0.386611
3.873401,3.179971,0,0.695612,0.253062,0,-0.041337,0.119289,-0.36036
3.880355,3.182507,0,0.695241,0.254274,0,-0.033046,0.122905,-0.334393
3.887306,3.185056,0,0.694951,0.25552,0,-0.024939,0.126294,-0.308713
3.894254,3.187618,0,0.694741,0.256799,0,-0.017013,0.12946,-0.283321
3.901201,3.190192,0,0.69461,0.258108,0,-0.009267,0.132406,-0.25822
3.908147,3.19278,0,0.694555,0.259446,0,-0.001699,0.135136,-0.233411
3.915092,3.195381,0,0.694575,0.26081,0,0.005692,0.137653,-0.208897
3.922038,3.197996,0,0.694669,0.262199,0,0.012909,0.139961,-0.184678
3.928986,3.200625,0,0.694833,0.263609,0,0.019954,0.142062,-0.160759
3.935935,3.203269,0,0.695067,0.265039,0,0.026827,0.14396,-0.137139
3.942887,3.205926,0,0.695369,0.266487,0,0.033532,0.145659,-0.113822
3.949843,3.208598,0,0.695737,0.267952,0,0.040068,0.147163,-0.090809
3.956802,3.211285,0,0.69617,0.26943,0,0.04644,0.148475,-0.068103
3.963766,3.213987,0,0.696665,0.27092,0,0.052647,0.149599,-0.045705
3.970736,3.216704,0,0.697222,0.272421,0,0.058692,0.150539,-0.023618
3.977711,3.219435,0,0.697839,0.273931,0,0.064576,0.151298,-0.001844
3.984693,3.222182,0,0.698513,0.275447,0,0.070302,0.151882,0.019614
3.991682,3.224944,0,0.699244,0.276968,0,0.07587,0.152292,0.040756
3.998678,3.227722,0,0.70003,0.278492,0,0.081283,0.152534,0.061578
4.005682,3.230514,0,0.700869,0.280018,0,0.086542,0.152612,0.082078
4.012695,3.233322,0,0.70176,0.281544,0,0.091648,0.15253,0.102253
4.019718,3.236145,0,0.702702,0.283068,0,0.096604,0.152291,0.122102
4.02675,3.238983,0,0.703692,0.284589,0,0.101411,0.1519,0.141621
4.033792,3.241837,0,0.704729,0.286105,0,0.10607,0.151361,0.160809
4.040844,3.244705,0,0.705813,0.287616,0,0.110583,0.150679,0.179662
4.047908,3.247589,0,0.706941,0.289119,0,0.114951,0.149856,0.198178
4.054983,3.250488,0,0.708111,0.290612,0,0.119176,0.148899,0.216355
4.06207,3.253401,0,0.709324,0.292096,0,0.123259,0.147811,0.234189
4.06917,3.25633,0,0.710576,0.293568,0,0.127202,0.146596,0.251677
4.076282,3.259273,0,0.711867,0.295028,0,0.131005,0.145259,0.268818
4.083407,3.26223,0,0.713196,0.296473,0,0.13467,0.143804,0.285607
4.090546,3.265202,0,0.71456,0.297903,0,0.138199,0.142235,0.302041
4.097699,3.268188,0,0.715959,0.299317,0,0.141592,0.140556,0.318119
4.104865,3.271188,0,0.717392,0.300714,0,0.144851,0.138773,0.333835
4.112047,3.274202,0,0.718856,0.302092,0,0.147977,0.13689,0.349188
4.119243,3.27723,0,0.720351,0.303452,0,0.15097,0.13491,0.364173
4.126454,3.280271,0,0.721875,0.30479,0,0.153832,0.132838,0.378788
4.13368,3.283326,0,0.723427,0.306108,0,0.156563,0.130679,0.393028
4.140922,3.286393,0,0.725006,0.307404,0,0.159166,0.128436,0.40689
4.14818,3.289474,0,0.72661,0.308676,0,0.161639,0.126115,0.420371
4.155455,3.292567,0,0.728238,0.309926,0,0.163985,0.12372,0.433466
4.162745,3.295672,0,0.729889,0.311151,0,0.166204,0.121255,0.446171
4.170053,3.29879,0,0.731562,0.312351,0,0.168296,0.118724,0.458483
4.177377,3.301919,0,0.733255,0.313525,0,0.170262,0.116132,0.470397
4.184718,3.30506,0,0.734967,0.314673,0,0.172103,0.113482,0.481909
4.192076,3.308213,0,0.736696,0.315794,0,0.173819,0.11078,0.493015
4.199452,3.311376,0,0.738442,0.316888,0,0.175411,0.10803,0.50371
4.206845,3.31455,0,0.740204,0.317955,0,0.176878,0.105235,0.51399
4.214256,3.317735,0,0.74198,0.318993,0,0.178221,0.102401,0.52385
4.221684,3.32093,0,0.743768,0.320003,0,0.17944,0.099531,0.533285
4.229131,3.324135,0,0.745568,0.320984,0,0.180536,0.096629,0.542289
4.236596,3.32735,0,0.747378,0.321935,0,0.181508,0.093699,0.55086
4.244079,3.330574,0,0.749198,0.322857,0,0.182356,0.090747,0.558989
4.25158,3.333807,0,0.751025,0.32375,0,0.18308,0.087775,0.566674
4.259099,3.337049,0,0.752859,0.324613,0,0.183679,0.084787,0.573907
4.266637,3.340299,0,0.754698,0.325446,0,0.184155,0.081789,0.580685
4.274193,3.343557,0,0.756542,0.326249,0,0.184505,0.078783,0.586999
4.281768,3.346824,0,0.758388,0.327021,0,0.18473,0.075774,0.592846
4.289361,3.350098,0,0.760236,0.327764,0,0.184829,0.072765,0.598219
4.296973,3.353379,0,0.762084,0.328477,0,0.184801,0.06976,0.603111
4.304603,3.356667,0,0.763931,0.329159,0,0.184646,0.066764,0.607517
4.312251,3.359962,0,0.765777,0.329812,0,0.184362,0.063779,0.611429
4.319918,3.363263,0,0.767618,0.330435,0,0.18395,0.060809,0.614842
4.327604,3.366571,0,0.769455,0.331028,0,0.183406,0.057858,0.617749
4.335307,3.369884,0,0.771286,0.331592,0,0.182732,0.05493,0.620142
4.343029,3.373202,0,0.773109,0.332127,0,0.181925,0.052027,0.622015
4.350769,3.376526,0,0.774924,0.332633,0,0.180983,0.049154,0.62336
4.358528,3.379855,0,0.776728,0.33311,0,0.179906,0.046313,0.62417
4.366304,3.383188,0,0.778522,0.333559,0,0.178692,0.043508,0.624437
4.374098,3.386526,0,0.780302,0.333981,0,0.177339,0.040742,0.624154
4.38191,3.389868,0,0.782068,0.334374,0,0.175845,0.038019,0.623312
4.389739,3.393213,0,0.783818,0.334741,0,0.174209,0.03534,0.621904
4.397586,3.396563,0,0.785552,0.335081,0,0.172428,0.032709,0.619922
4.40545,3.399915,0,0.787266,0.335395,0,0.1705,0.030129,0.617356
4.413332,3.40327,0,0.788961,0.335684,0,0.168423,0.027603,0.614198
4.42123,3.406629,0,0.790634,0.335948,0,0.166195,0.025134,0.610439
4.429144,3.409989,0,0.792284,0.336187,0,0.163813,0.022723,0.606071
4.437075,3.413352,0,0.79391,0.336402,0,0.161275,0.020374,0.601084
4.445022,3.416717,0,0.795509,0.336595,0,0.158577,0.018089,0.595469
4.452985,3.420084,0,0.797081,0.336764,0,0.155718,0.01587,0.589215
4.460964,3.423452,0,0.798623,0.336912,0,0.152693,0.01372,0.582314
4.468958,3.426822,0,0.800134,0.337039,0,0.1495,0.01164,0.574756
4.476966,3.430193,0,0.801613,0.337145,0,0.146135,0.009633,0.566529
4.48499,3.433565,0,0.803056,0.337232,0,0.142595,0.007701,0.557624
4.493027,3.436938,0,0.804464,0.3373,0,0.138877,0.005845,0.54803
4.501079,3.440311,0,0.805833,0.337349,0,0.134977,0.004067,0.537737
4.509144,3.443685,0,0.807163,0.337381,0,0.130891,0.002369,0.526733
4.517222,3.447059,0,0.808451,0.337397,0,0.126614,0.000752,0.515007
4.525313,3.450432,0,0.809695,0.337396,0,0.122144,-0.000782,0.502547
4.533416,3.453806,0,0.810893,0.337381,0,0.117476,-0.002232,0.489342
4.54153,3.45718,0,0.812043,0.337352,0,0.112605,-0.003598,0.47538
4.549656,3.460553,0,0.813144,0.33731,0,0.107527,-0.004877,0.460649
4.557793,3.463926,0,0.814193,0.337255,0,0.102237,-0.00607,0.445136
4.56594,3.467298,0,0.815188,0.337189,0,0.09673,-0.007175,0.428829
4.574097,3.47067,0,0.816127,0.337112,0,0.091002,-0.008191,0.411715
4.582263,3.474041,0,0.817008,0.337025,0,0.085046,-0.009119,0.393781
4.590437,3.47741,0,0.817827,0.33693,0,0.078859,-0.009958,0.375013
4.598619,3.480779,0,0.818584,0.336826,0,0.072434,-0.010707,0.355399
4.606808,3.484147,0,0.819275,0.336716,0,0.065766,-0.011367,0.334923
4.615004,3.487514,0,0.819898,0.336599,0,0.058849,-0.011937,0.313573
4.623206,3.490879,0,0.820451,0.336477,0,0.051677,-0.012418,0.291334
4.631413,3.494243,0,0.820931,0.336351,0,0.044244,-0.01281,0.268191
4.639624,3.497606,0,0.821335,0.336221,0,0.036544,-0.013114,0.24413
4.647839,3.500967,0,0.821661,0.336089,0,0.02857,-0.01333,0.219135
4.656057,3.504328,0,0.821906,0.335955,0,0.020316,-0.013459,0.193191
4.664277,3.507687,0,0.822066,0.33582,0,0.011775,-0.013501,0.166283
4.672498,3.511044,0,0.82214,0.335685,0,0.002939,-0.013459,0.138395
4.68072,3.5144,0,0.822124,0.335551,0,-0.006197,-0.013333,0.10951
4.68894,3.517755,0,0.822015,0.335419,0,-0.015642,-0.013125,0.079613
4.69716,3.521109,0,0.82181,0.335289,0,-0.025403,-0.012836,0.048686
4.705376,3.524461,0,0.821506,0.335162,0,-0.035488,-0.012468,0.016714
4.713589,3.527812,0,0.821099,0.33504,0,-0.045905,-0.012022,-0.016323
4.721798,3.531162,0,0.820587,0.334922,0,-0.056661,-0.011502,-0.05044
4.730001,3.53451,0,0.819965,0.33481,0,-0.067764,-0.010909,-0.085656
4.738197,3.537858,0,0.81923,0.334704,0,-0.079224,-0.010245,-0.121989
4.746385,3.541204,0,0.818379,0.334605,0,-0.091049,-0.009514,-0.159456
4.74799,3.541861,0,0.818199,0.334587,0,-0.093411,-0.009363,-0.166938
4.756167,3.545206,0,0.817205,0.334497,0,-0.105288,-0.008682,-0.204708
4.764333,3.548551,0,0.816094,0.334413,0,-0.11675,-0.008194,-0.241481
4.772488,3.551895,0,0.814871,0.334333,0,-0.127801,-0.007896,-0.277255
4.780631,3.555237,0,0.81354,0.334254,0,-0.138442,-0.007787,-0.312028
4.788759,3.55858,0,0.812104,0.334176,0,-0.148674,-0.007864,-0.345798
4.796872,3.561921,0,0.810568,0.334096,0,-0.158499,-0.008125,-0.378562
4.80497,3.565262,0,0.808935,0.334013,0,-0.167919,-0.008569,-0.410321
4.813051,3.568601,0,0.807211,0.333924,0,-0.176935,-0.009191,-0.44107
4.821114,3.57194,0,0.805398,0.333829,0,-0.18555,-0.009992,-0.470809
4.829158,3.575278,0,0.803501,0.333724,0,-0.193764,-0.010967,-0.499536
4.837184,3.578614,0,0.801524,0.333609,0,-0.20158,-0.012114,-0.527249
4.845189,3.58195,0,0.799471,0.333481,0,-0.208999,-0.01343,-0.553946
4.853173,3.585284,0,0.797345,0.33334,0,-0.216024,-0.014912,-0.579626
4.861135,3.588617,0,0.795151,0.333182,0,-0.222655,-0.016557,-0.604288
4.869076,3.591948,0,0.792893,0.333008,0,-0.228896,-0.018363,-0.62793
4.876993,3.595277,0,0.790575,0.332815,0,-0.234747,-0.020324,-0.65055
4.884887,3.598604,0,0.7882,0.332601,0,-0.24021,-0.022439,-0.672147
4.892757,3.601929,0,0.785772,0.332365,0,-0.245289,-0.024702,-0.692721
4.900602,3.605251,0,0.783295,0.332106,0,-0.249983,-0.027111,-0.712268
4.908422,3.608571,0,0.780773,0.331823,0,-0.254296,-0.02966,-0.730789
4.916217,3.611887,0,0.778211,0.331513,0,-0.258229,-0.032345,-0.748282
4.923987,3.615201,0,0.77561,0.331175,0,-0.261785,-0.035163,-0.764747
4.93173,3.618511,0,0.772976,0.330809,0,-0.264965,-0.038107,-0.780181
4.939446,3.621817,0,0.770312,0.330413,0,-0.267772,-0.041173,-0.794585
4.947136,3.625119,0,0.767622,0.329985,0,-0.270207,-0.044355,-0.807957
4.954798,3.628417,0,0.764909,0.329525,0,-0.272273,-0.047649,-0.820297
4.962434,3.631709,0,0.762178,0.329032,0,-0.273971,-0.051047,-0.831603
4.970042,3.634997,0,0.759431,0.328504,0,-0.275305,-0.054545,-0.841876
4.977622,3.638279,0,0.756673,0.327941,0,-0.276276,-0.058136,-0.851115
4.985175,3.641556,0,0.753907,0.327341,0,-0.276887,-0.061812,-0.859318
4.992701,3.644826,0,0.751136,0.326704,0,-0.277139,-0.065568,-0.866487
5.000198,3.64809,0,0.748365,0.326029,0,-0.277036,-0.069396,-0.87262
5.007668,3.651347,0,0.745597,0.325316,0,-0.276579,-0.073289,-0.877717
5.01511,3.654596,0,0.742835,0.324563,0,-0.275771,-0.077238,-0.881779
5.022525,3.657838,0,0.740082,0.323771,0,-0.274614,-0.081236,-0.884804
5.029912,3.661071,0,0.737344,0.322939,0,-0.273112,-0.085274,-0.886793
5.037271,3.664296,0,0.734621,0.322066,0,-0.271265,-0.089343,-0.887747
5.044604,3.667512,0,0.731919,0.321152,0,-0.269078,-0.093434,-0.887665
5.05191,3.670719,0,0.729241,0.320197,0,-0.266552,-0.097539,-0.886547
5.059189,3.673916,0,0.726589,0.319201,0,-0.263691,-0.101646,-0.884395
5.066442,3.677103,0,0.723968,0.318164,0,-0.260496,-0.105746,-0.881208
5.073669,3.680279,0,0.721381,0.317086,0,-0.256971,-0.109828,-0.876988
5.08087,3.683445,0,0.71883,0.315967,0,-0.253118,-0.113881,-0.871734
5.088045,3.686599,0,0.716319,0.314809,0,-0.24894,-0.117895,-0.865448
5.095196,3.689741,0,0.713852,0.31361,0,-0.244441,-0.121856,-0.85813
5.102322,3.692871,0,0.711432,0.312372,0,-0.239622,-0.125754,-0.849782
5.109425,3.695988,0,0.709061,0.311095,0,-0.234488,-0.129575,-0.840404
5.116504,3.699092,0,0.706743,0.30978,0,-0.22904,-0.133306,-0.829998
5.12356,3.702183,0,0.704481,0.308429,0,-0.223283,-0.136935,-0.818565
5.130594,3.705261,0,0.702278,0.307042,0,-0.217218,-0.140447,-0.806107
5.137606,3.708324,0,0.700138,0.305621,0,-0.21085,-0.143829,-0.792625
5.144597,3.711373,0,0.698062,0.304166,0,-0.204181,-0.147064,-0.778121
5.151567,3.714407,0,0.696055,0.30268,0,-0.197215,-0.150139,-0.762596
5.158518,3.717427,0,0.694119,0.301164,0,-0.189955,-0.153037,-0.746053
5.16545,3.720431,0,0.692257,0.29962,0,-0.182404,-0.155743,-0.728493
5.172363,3.723419,0,0.690472,0.29805,0,-0.174567,-0.15824,-0.709919
5.17926,3.726392,0,0.688766,0.296456,0,-0.166445,-0.16051,-0.690333
5.186139,3.729348,0,0.687144,0.29484,0,-0.158044,-0.162536,-0.669737
5.193003,3.732288,0,0.685607,0.293206,0,-0.149365,-0.164301,-0.648134
5.199851,3.735212,0,0.684157,0.291555,0,-0.140414,-0.165785,-0.625526
5.206686,3.738119,0,0.682799,0.289891,0,-0.131194,-0.16697,-0.601916
5.213508,3.74101,0,0.681534,0.288217,0,-0.121708,-0.167835,-0.577308
5.220317,3.743884,0,0.680366,0.286536,0,-0.111961,-0.16836,-0.551703
5.227115,3.746741,0,0.679296,0.284851,0,-0.101955,-0.168526,-0.525106
5.233903,3.749581,0,0.678328,0.283166,0,-0.091696,-0.16831,-0.497519
5.240682,3.752404,0,0.677463,0.281486,0,-0.081188,-0.16769,-0.468947
5.247453,3.75521,0,0.676705,0.279814,0,-0.070433,-0.166645,-0.439392
5.254217,3.758,0,0.676055,0.278155,0,-0.059437,-0.165151,-0.408858
5.260974,3.760774,0,0.675517,0.276513,0,-0.048204,-0.163185,-0.37735
5.267727,3.763531,0,0.675092,0.274893,0,-0.036737,-0.160723,-0.34487
5.274477,3.766272,0,0.674783,0.2733,0,-0.025042,-0.157739,-0.311425
5.281223,3.768997,0,0.674592,0.27174,0,-0.013122,-0.154208,-0.277016
5.287969,3.771706,0,0.674521,0.270218,0,-0.000982,-0.150105,-0.24165
5.294714,3.774401,0,0.674573,0.26874,0,0.011373,-0.145402,-0.205331
5.301461,3.777081,0,0.674749,0.267312,0,0.023938,-0.140073,-0.168063
5.304318,3.778212,0,0.674862,0.266724,0,0.02932,-0.137622,-0.152002
5.311068,3.780872,0,0.675218,0.265377,0,0.041883,-0.131721,-0.114206
5.317822,3.78352,0,0.675698,0.264089,0,0.054058,-0.125882,-0.0771
5.324582,3.786154,0,0.676298,0.262859,0,0.065848,-0.120106,-0.040683
5.331349,3.788777,0,0.677014,0.261687,0,0.077254,-0.114396,-0.004956
5.338123,3.791388,0,0.677842,0.260571,0,0.08828,-0.108754,0.03008
5.344906,3.793988,0,0.678778,0.259511,0,0.098925,-0.103181,0.064425
5.351699,3.796579,0,0.679819,0.258507,0,0.109193,-0.097679,0.098077
5.358503,3.799159,0,0.680961,0.257558,0,0.119086,-0.09225,0.131036
5.365318,3.80173,0,0.6822,0.256662,0,0.128605,-0.086897,0.163302
5.372147,3.804292,0,0.683532,0.255819,0,0.137753,-0.08162,0.194873
5.378989,3.806846,0,0.684953,0.255029,0,0.146532,-0.076422,0.22575
5.385846,3.809393,0,0.686461,0.254291,0,0.154944,-0.071303,0.255931
5.392719,3.811932,0,0.688051,0.253603,0,0.162992,-0.066267,0.285416
5.399608,3.814465,0,0.68972,0.252965,0,0.170677,-0.061314,0.314205
5.406513,3.816992,0,0.691463,0.252376,0,0.178003,-0.056446,0.342297
5.413437,3.819513,0,0.693279,0.251836,0,0.184971,-0.051664,0.36969
5.420379,3.822029,0,0.695162,0.251343,0,0.191585,-0.04697,0.396385
5.42734,3.82454,0,0.697109,0.250896,0,0.197847,-0.042366,0.422382
5.434322,3.827047,0,0.699118,0.250495,0,0.203759,-0.037851,0.447678
5.441323,3.82955,0,0.701183,0.250139,0,0.209324,-0.033428,0.472274
5.448345,3.83205,0,0.703303,0.249826,0,0.214545,-0.029098,0.49617
5.455389,3.834547,0,0.705473,0.249557,0,0.219425,-0.024862,0.519364
5.462455,3.837041,0,0.70769,0.249329,0,0.223967,-0.02072,0.541856
5.469543,3.839533,0,0.709951,0.249142,0,0.228174,-0.016674,0.563645
5.476654,3.842024,0,0.712253,0.248995,0,0.232049,-0.012725,0.584731
5.483788,3.844513,0,0.714591,0.248887,0,0.235595,-0.008873,0.605112
5.490946,3.847002,0,0.716963,0.248817,0,0.238815,-0.005118,0.624789
5.498128,3.84949,0,0.719366,0.248784,0,0.241712,-0.001462,0.643761
5.505334,3.851978,0,0.721797,0.248788,0,0.244291,0.002095,0.662026
5.512564,3.854466,0,0.724251,0.248826,0,0.246554,0.005552,0.679584
5.519819,3.856954,0,0.726727,0.248898,0,0.248504,0.008911,0.696435
5.527098,3.859444,0,0.72922,0.249004,0,0.250147,0.012169,0.712577
5.534403,3.861934,0,0.731729,0.249141,0,0.251484,0.015328,0.728009
5.541733,3.864427,0,0.734249,0.24931,0,0.252521,0.018388,0.742732
5.549088,3.866921,0,0.736778,0.249509,0,0.253261,0.021348,0.756743
5.556469,3.869417,0,0.739313,0.249737,0,0.253707,0.024208,0.770043
5.563874,3.871916,0,0.741851,0.249993,0,0.253864,0.02697,0.78263
5.571306,3.874417,0,0.744389,0.250276,0,0.253737,0.029633,0.794503
5.578762,3.876921,0,0.746925,0.250585,0,0.253329,0.032199,0.805661
5.586244,3.879429,0,0.749455,0.250919,0,0.252644,0.034667,0.816103
5.593751,3.88194,0,0.751977,0.251278,0,0.251688,0.03704,0.825829
5.601284,3.884454,0,0.754488,0.25166,0,0.250464,0.039317,0.834836
5.608841,3.886973,0,0.756985,0.252064,0,0.248978,0.041501,0.843125
5.616423,3.889496,0,0.759467,0.25249,0,0.247233,0.043592,0.850693
5.62403,3.892023,0,0.761929,0.252936,0,0.245236,0.045591,0.857539
5.631662,3.894554,0,0.76437,0.253401,0,0.24299,0.047501,0.863663
5.639318,3.897091,0,0.766788,0.253885,0,0.240501,0.049323,0.869062
5.646997,3.899632,0,0.76918,0.254387,0,0.237774,0.051059,0.873736
5.654701,3.902179,0,0.771543,0.254906,0,0.234814,0.05271,0.877683
5.662428,3.90473,0,0.773875,0.255441,0,0.231627,0.05428,0.880902
5.670178,3.907288,0,0.776175,0.255992,0,0.228218,0.055769,0.88339
5.677951,3.90985,0,0.778439,0.256556,0,0.224593,0.057182,0.885147
5.685747,3.912419,0,0.780666,0.257135,0,0.220757,0.058519,0.886171
5.693565,3.914993,0,0.782853,0.257727,0,0.216716,0.059785,0.88646
5.701404,3.917573,0,0.784999,0.25833,0,0.212477,0.060981,0.886013
5.709265,3.92016,0,0.787102,0.258946,0,0.208045,0.062112,0.884827
5.717146,3.922752,0,0.78916,0.259572,0,0.203426,0.06318,0.882901
5.725048,3.925351,0,0.79117,0.260209,0,0.198627,0.064189,0.880233
5.732969,3.927957,0,0.793132,0.260856,0,0.193654,0.065142,0.87682
5.74091,3.930568,0,0.795043,0.261512,0,0.188514,0.066044,0.872661
5.74887,3.933187,0,0.796901,0.262177,0,0.183213,0.066897,0.867754
5.756848,3.935812,0,0.798706,0.26285,0,0.177758,0.067707,0.862097
5.764844,3.938444,0,0.800456,0.263531,0,0.172157,0.068478,0.855686
5.772857,3.941083,0,0.802149,0.264219,0,0.166415,0.069214,0.848521
5.780887,3.943728,0,0.803784,0.264915,0,0.160541,0.06992,0.840597
5.788932,3.946381,0,0.805359,0.265618,0,0.154542,0.070601,0.831914
5.796994,3.949041,0,0.806874,0.266327,0,0.148425,0.071262,0.822468
5.80507,3.951707,0,0.808328,0.267043,0,0.142197,0.071908,0.812257
5.81316,3.954381,0,0.809718,0.267765,0,0.135868,0.072545,0.801277
5.821264,3.957063,0,0.811045,0.268494,0,0.129443,0.073179,0.789527
5.829381,3.959751,0,0.812307,0.269229,0,0.122932,0.073815,0.777003
5.83751,3.962447,0,0.813503,0.26997,0,0.116343,0.07446,0.763703
5.84565,3.965151,0,0.814633,0.270718,0,0.109683,0.075119,0.749622
5.853802,3.967862,0,0.815696,0.271472,0,0.102962,0.075801,0.734759
5.861964,3.97058,0,0.816692,0.272234,0,0.096188,0.076511,0.71911
5.870136,3.973306,0,0.81762,0.273003,0,0.08937,0.077256,0.702671
5.878316,3.97604,0,0.81848,0.273779,0,0.082516,0.078044,0.685439
5.886505,3.978782,0,0.81927,0.274564,0,0.075636,0.078883,0.667411
5.894701,3.981532,0,0.819992,0.275357,0,0.068739,0.079779,0.648583
5.902905,3.984289,0,0.820645,0.27616,0,0.061834,0.08074,0.628951
5.911114,3.987055,0,0.821229,0.276972,0,0.05493,0.081776,0.608511
5.919329,3.989829,0,0.821744,0.277795,0,0.048039,0.082895,0.58726
5.927549,3.992611,0,0.82219,0.27863,0,0.041168,0.084104,0.565194
5.935773,3.995401,0,0.822567,0.279478,0,0.034329,0.085413,0.542308
5.944,3.9982,0,0.822876,0.280339,0,0.027531,0.086831,0.518598
5.95223,4.001008,0,0.823118,0.281215,0,0.020785,0.088368,0.494061
5.960462,4.003825,0,0.823292,0.282107,0,0.014101,0.090033,0.46869
5.968696,4.00665,0,0.8234,0.283016,0,0.00749,0.091836,0.442483
5.97693,4.009485,0,0.823442,0.283944,0,0.000963,0.093787,0.415434
5.985164,4.012329,0,0.82342,0.284892,0,-0.00547,0.095897,0.387539
5.993398,4.015183,0,0.823333,0.285862,0,-0.011796,0.098176,0.358792
6.001631,4.018047,0,0.823184,0.286856,0,-0.018006,0.100635,0.329189
6.009861,4.02092,0,0.822974,0.287876,0,-0.024087,0.103285,0.298725
6.01809,4.023804,0,0.822703,0.288923,0,-0.030027,0.106139,0.267394
6.026315,4.026699,0,0.822374,0.289999,0,-0.035815,0.109207,0.235191
6.034537,4.029604,0,0.821987,0.291108,0,-0.041439,0.112501,0.20211
6.042755,4.032521,0,0.821546,0.29225,0,-0.046887,0.116035,0.168147
6.050968,4.035449,0,0.82105,0.293429,0,-0.052145,0.119821,0.133295
6.059176,4.03839,0,0.820503,0.294647,0,-0.057202,0.12387,0.097548
6.067378,4.041343,0,0.819907,0.295907,0,-0.062045,0.128198,0.060901
6.075574,4.044308,0,0.819263,0.297212,0,-0.06666,0.132816,0.023347
6.082481,4.046819,0,0.818685,0.29835,0,-0.070367,0.136948,-0.009033
6.090664,4.04981,0,0.81796,0.299744,0,-0.074628,0.141809,-0.047406
6.09884,4.052814,0,0.817193,0.301185,0,-0.078832,0.14633,-0.084959
6.107008,4.055834,0,0.816384,0.302669,0,-0.082982,0.150517,-0.121691
6.115167,4.058868,0,0.815533,0.304194,0,-0.087078,0.154369,-0.1576
6.123318,4.061918,0,0.814642,0.305756,0,-0.091122,0.157892,-0.192684
6.13146,4.064983,0,0.813711,0.307351,0,-0.095116,0.161087,-0.226942
6.139592,4.068065,0,0.81274,0.308976,0,-0.099061,0.163958,-0.260372
6.147715,4.071163,0,0.81173,0.310629,0,-0.102958,0.166507,-0.292972
6.155827,4.074277,0,0.810681,0.312305,0,-0.10681,0.168737,-0.324741
6.163928,4.077409,0,0.809594,0.314002,0,-0.110617,0.170652,-0.355677
6.172018,4.080558,0,0.808469,0.315717,0,-0.11438,0.172254,-0.385779
6.180097,4.083723,0,0.807307,0.317447,0,-0.1181,0.173547,-0.415045
6.188164,4.086907,0,0.806107,0.319187,0,-0.12178,0.174534,-0.443475
6.196219,4.090107,0,0.804871,0.320936,0,-0.125419,0.175219,-0.471067
6.204262,4.093325,0,0.803599,0.322691,0,-0.129019,0.175604,-0.49782
6.212291,4.096561,0,0.802291,0.324447,0,-0.13258,0.175693,-0.523732
6.220307,4.099814,0,0.800947,0.326203,0,-0.136104,0.17549,-0.548804
6.22831,4.103085,0,0.799569,0.327956,0,-0.13959,0.174998,-0.573033
6.236299,4.106373,0,0.798156,0.329702,0,-0.14304,0.174221,-0.596419
6.244273,4.109679,0,0.796708,0.33144,0,-0.146453,0.173164,-0.618962
6.252233,4.113002,0,0.795227,0.333165,0,-0.149831,0.171829,-0.640661
6.260177,4.116342,0,0.793712,0.334875,0,-0.153172,0.170222,-0.661514
6.268107,4.1197,0,0.792163,0.336568,0,-0.156478,0.168346,-0.681522
6.276021,4.123074,0,0.790582,0.338241,0,-0.159749,0.166205,-0.700685
6.283918,4.126464,0,0.788969,0.339892,0,-0.162983,0.163805,-0.719001
6.2918,4.129871,0,0.787323,0.341517,0,-0.166181,0.161149,-0.73647
6.299665,4.133295,0,0.785645,0.343114,0,-0.169341,0.158242,-0.753094
6.307513,4.136734,0,0.783936,0.344681,0,-0.172465,0.155089,-0.76887
6.315343,4.140188,0,0.782196,0.346215,0,-0.17555,0.151696,-0.7838
6.323156,4.143658,0,0.780425,0.347714,0,-0.178595,0.148066,-0.797883
6.330952,4.147142,0,0.778624,0.349175,0,-0.1816,0.144207,-0.81112
6.338729,4.150641,0,0.776793,0.350597,0,-0.184564,0.140121,-0.823511
6.346488,4.154154,0,0.774933,0.351977,0,-0.187483,0.135817,-0.835056
6.354227,4.15768,0,0.773044,0.353313,0,-0.190358,0.131298,-0.845757
6.361948,4.16122,0,0.771126,0.354602,0,-0.193186,0.126572,-0.855613
6.36965,4.164772,0,0.76918,0.355844,0,-0.195965,0.121644,-0.864625
6.377332,4.168337,0,0.767207,0.357034,0,-0.198693,0.11652,-0.872795
6.384994,4.171913,0,0.765207,0.358173,0,-0.201368,0.111207,-0.880123
6.392636,4.1755,0,0.76318,0.359258,0,-0.203985,0.105711,-0.88661
6.400257,4.179098,0,0.761127,0.360287,0,-0.206544,0.10004,-0.892257
6.407858,4.182706,0,0.759049,0.361258,0,-0.209041,0.0942,-0.897066
6.415438,4.186323,0,0.756946,0.36217,0,-0.211472,0.088198,-0.901038
6.422997,4.189949,0,0.75482,0.363022,0,-0.213834,0.082042,-0.904174
6.430535,4.193583,0,0.75267,0.363811,0,-0.216123,0.07574,-0.906477
6.43805,4.197225,0,0.750498,0.364536,0,-0.218335,0.069299,-0.907948
6.445544,4.200874,0,0.748304,0.365196,0,-0.220466,0.062727,-0.908588
6.453016,4.204529,0,0.746089,0.36579,0,-0.222511,0.056032,-0.9084
6.460466,4.208189,0,0.743854,0.366317,0,-0.224466,0.049224,-0.907386
6.467893,4.211855,0,0.7416,0.366774,0,-0.226325,0.04231,-0.905549
6.475298,4.215524,0,0.739327,0.367162,0,-0.228084,0.0353,-0.902889
6.48268,4.219198,0,0.737038,0.36748,0,-0.229737,0.028203,-0.899411
6.490039,4.222874,0,0.734733,0.367726,0,-0.231278,0.021028,-0.895117
6.497375,4.226552,0,0.732413,0.3679,0,-0.232701,0.013784,-0.890009
6.504687,4.230231,0,0.730079,0.368002,0,-0.233999,0.006483,-0.88409
6.511976,4.233912,0,0.727734,0.36803,0,-0.235166,-0.000867,-0.877364
6.519242,4.237592,0,0.725377,0.367984,0,-0.236196,-0.008254,-0.869833
6.526484,4.241271,0,0.72301,0.367865,0,-0.23708,-0.015669,-0.861501
6.533702,4.244949,0,0.720636,0.367671,0,-0.237811,-0.023099,-0.852372
6.540896,4.248624,0,0.718254,0.367403,0,-0.238382,-0.030535,-0.842448
6.548067,4.252297,0,0.715868,0.36706,0,-0.238784,-0.037963,-0.831734
6.555214,4.255965,0,0.713479,0.366643,0,-0.239009,-0.045374,-0.820234
6.562337,4.259629,0,0.711089,0.366153,0,-0.239047,-0.052754,-0.807951
6.569435,4.263288,0,0.708699,0.365589,0,-0.238891,-0.060091,-0.79489
6.576511,4.266941,0,0.706312,0.364951,0,-0.23853,-0.067372,-0.781055
6.583562,4.270587,0,0.703929,0.364241,0,-0.237955,-0.074585,-0.766451
6.590589,4.274225,0,0.701553,0.36346,0,-0.237155,-0.081717,-0.751081
6.597593,4.277856,0,0.699187,0.362607,0,-0.23612,-0.088753,-0.734952
6.604573,4.281477,0,0.696832,0.361685,0,-0.23484,-0.09568,-0.718068
6.611529,4.285089,0,0.694491,0.360694,0,-0.233302,-0.102484,-0.700434
6.618463,4.288691,0,0.692167,0.359636,0,-0.231496,-0.10915,-0.682056
6.625373,4.292282,0,0.689862,0.358512,0,-0.229409,-0.115664,-0.662938
6.63226,4.295861,0,0.687579,0.357323,0,-0.22703,-0.12201,-0.643086
6.639125,4.299428,0,0.685322,0.356072,0,-0.224345,-0.128172,-0.622507
6.645967,4.302982,0,0.683094,0.35476,0,-0.221342,-0.134136,-0.601206
6.652787,4.306523,0,0.680897,0.35339,0,-0.218008,-0.139885,-0.579189
6.659585,4.31005,0,0.678735,0.351963,0,-0.214327,-0.145401,-0.556462
6.666361,4.313562,0,0.676611,0.350483,0,-0.210287,-0.15067,-0.533032
6.673117,4.317059,0,0.67453,0.348951,0,-0.205872,-0.155672,-0.508906
6.679852,4.320541,0,0.672495,0.34737,0,-0.201068,-0.160391,-0.48409
6.686567,4.324007,0,0.67051,0.345744,0,-0.195859,-0.164809,-0.458591
6.693263,4.327456,0,0.668579,0.344075,0,-0.190229,-0.168908,-0.432417
6.699939,4.330888,0,0.666707,0.342367,0,-0.184162,-0.172668,-0.405574
6.706597,4.334303,0,0.664898,0.340623,0,-0.177641,-0.17607,-0.378071
6.713237,4.3377,0,0.663156,0.338847,0,-0.170649,-0.179096,-0.349914
6.71986,4.34108,0,0.661486,0.337042,0,-0.163169,-0.181726,-0.321112
6.726467,4.344441,0,0.659894,0.335214,0,-0.155183,-0.183938,-0.291673
6.733058,4.347784,0,0.658384,0.333365,0,-0.146671,-0.185713,-0.261605
6.739635,4.351108,0,0.656962,0.331501,0,-0.137616,-0.18703,-0.230917
6.746198,4.354414,0,0.655634,0.329626,0,-0.127998,-0.187867,-0.199616
6.752748,4.357701,0,0.654404,0.327745,0,-0.117797,-0.188203,-0.167713
6.759286,4.360969,0,0.65328,0.325864,0,-0.106992,-0.188014,-0.135215
6.765814,4.364218,0,0.652267,0.323987,0,-0.095564,-0.187279,-0.102133
6.772332,4.367449,0,0.651371,0.32212,0,-0.08349,-0.185974,-0.068475
6.778842,4.370661,0,0.650599,0.320269,0,-0.07075,-0.184077,-0.034251
6.785345,4.373854,0,0.649958,0.318441,0,-0.05732,-0.181562,0.000529
6.791841,4.37703,0,0.649455,0.31664,0,-0.043178,-0.178406,0.035855
6.798334,4.380187,0,0.649097,0.314875,0,-0.028302,-0.174584,0.071717
6.804824,4.383327,0,0.648892,0.313151,0,-0.012667,-0.17007,0.108104
6.811312,4.38645,0,0.648846,0.311476,0,0.003752,-0.16484,0.145006
6.817801,4.389557,0,0.648969,0.309857,0,0.020977,-0.158866,0.182413
6.824292,4.392648,0,0.649269,0.308301,0,0.039036,-0.152122,0.220312
6.830787,4.395723,0,0.649753,0.306817,0,0.057953,-0.144582,0.258692
6.833527,4.397015,0,0.650014,0.306215,0,0.06619,-0.141158,0.275011
6.84003,4.40007,0,0.650774,0.304844,0,0.08557,-0.132884,0.313365
6.846543,4.403112,0,0.651724,0.303557,0,0.10425,-0.12466,0.35079
6.853065,4.406142,0,0.652857,0.302351,0,0.122235,-0.116489,0.387281
6.8596,4.40916,0,0.654166,0.301227,0,0.139528,-0.108377,0.422831
6.866149,4.412166,0,0.655645,0.300183,0,0.156132,-0.100326,0.457433
6.872714,4.415163,0,0.657286,0.29922,0,0.172052,-0.092341,0.491082
6.879296,4.418151,0,0.659084,0.298336,0,0.187289,-0.084426,0.523771
6.885896,4.42113,0,0.66103,0.297531,0,0.20185,-0.076584,0.555494
6.892517,4.424102,0,0.663118,0.296804,0,0.215736,-0.06882,0.586244
6.899159,4.427067,0,0.665342,0.296155,0,0.228953,-0.061137,0.616015
6.905824,4.430025,0,0.667695,0.295581,0,0.241503,-0.053539,0.644802
6.912513,4.432979,0,0.67017,0.295083,0,0.25339,-0.046031,0.672598
6.919228,4.435927,0,0.672761,0.29466,0,0.264619,-0.038616,0.699398
6.925969,4.438872,0,0.67546,0.294311,0,0.275194,-0.031298,0.725195
6.932737,4.441814,0,0.678262,0.294034,0,0.285118,-0.024081,0.749983
6.939534,4.444753,0,0.681161,0.293829,0,0.294396,-0.016969,0.773757
6.946361,4.447691,0,0.684148,0.293694,0,0.303031,-0.009966,0.796512
6.953218,4.450627,0,0.687219,0.293629,0,0.311028,-0.003075,0.818242
6.960105,4.453563,0,0.690367,0.293632,0,0.318391,0.003699,0.83894
6.967025,4.4565,0,0.693585,0.293703,0,0.325124,0.010352,0.858603
6.973977,4.459438,0,0.696867,0.293839,0,0.331232,0.016881,0.877224
6.980963,4.462377,0,0.700207,0.29404,0,0.336718,0.023283,0.894799
6.987982,4.465319,0,0.703599,0.294304,0,0.341589,0.029552,0.911322
6.995035,4.468263,0,0.707037,0.294631,0,0.345847,0.035685,0.926788
7.002123,4.471211,0,0.710514,0.295017,0,0.349497,0.041679,0.941193
7.009245,4.474164,0,0.714025,0.295464,0,0.352545,0.047529,0.954532
7.016403,4.477121,0,0.717563,0.295968,0,0.354995,0.053231,0.966799
7.023597,4.480083,0,0.721123,0.296528,0,0.356851,0.058783,0.977991
7.030826,4.483052,0,0.724698,0.297143,0,0.358118,0.06418,0.988103
7.038091,4.486026,0,0.728283,0.297811,0,0.358802,0.069417,0.997131
7.045391,4.489008,0,0.731872,0.29853,0,0.358907,0.074493,1.00507
7.052728,4.491997,0,0.73546,0.2993,0,0.358438,0.079401,1.011917
7.0601,4.494994,0,0.739039,0.300118,0,0.3574,0.08414,1.017667
7.067509,4.498,0,0.742606,0.300982,0,0.355799,0.088705,1.022317
7.074953,4.501014,0,0.746153,0.301891,0,0.353639,0.093092,1.025863
7.082432,4.504038,0,0.749677,0.302844,0,0.350926,0.097298,1.028301
7.089946,4.507071,0,0.75317,0.303837,0,0.347666,0.101318,1.029629
7.097495,4.510115,0,0.756628,0.304869,0,0.343863,0.10515,1.029842
7.105078,4.513169,0,0.760045,0.305939,0,0.339524,0.108789,1.028938
7.112696,4.516233,0,0.763417,0.307044,0,0.334654,0.112232,1.026913
7.120347,4.51931,0,0.766737,0.308183,0,0.329258,0.115475,1.023766
7.12803,4.522397,0,0.77,0.309353,0,0.323343,0.118514,1.019492
7.135746,4.525497,0,0.773202,0.310553,0,0.316913,0.121346,1.014091
7.143494,4.528608,0,0.776337,0.311779,0,0.309976,0.123967,1.007558
7.151273,4.531732,0,0.7794,0.313031,0,0.302537,0.126373,0.999893
7.159082,4.534869,0,0.782386,0.314306,0,0.294602,0.128561,0.991093
7.16692,4.538019,0,0.78529,0.315602,0,0.286178,0.130528,0.981156
7.174787,4.541181,0,0.788108,0.316916,0,0.27727,0.132268,0.970081
7.182682,4.544357,0,0.790834,0.318246,0,0.267885,0.13378,0.957866
7.190604,4.547546,0,0.793464,0.319591,0,0.25803,0.135059,0.94451
7.198551,4.550749,0,0.795993,0.320947,0,0.24771,0.136101,0.930011
7.206523,4.553965,0,0.798417,0.322312,0,0.236933,0.136904,0.914369
7.214519,4.557195,0,0.80073,0.323684,0,0.225706,0.137463,0.897582
7.222537,4.560439,0,0.802929,0.32506,0,0.214034,0.137776,0.879651
7.230577,4.563696,0,0.805009,0.326439,0,0.201926,0.137838,0.860575
7.238637,4.566968,0,0.806966,0.327816,0,0.189387,0.137646,0.840354
7.246716,4.570253,0,0.808796,0.329191,0,0.176425,0.137197,0.818987
7.254813,4.573551,0,0.810493,0.330559,0,0.163048,0.136487,0.796475
7.262926,4.576864,0,0.812055,0.33192,0,0.149262,0.135512,0.772818
7.271053,4.58019,0,0.813477,0.333269,0,0.135075,0.13427,0.748017
7.279195,4.583529,0,0.814756,0.334604,0,0.120495,0.132757,0.722073
7.287348,4.586882,0,0.815886,0.335923,0,0.105528,0.130969,0.694986
7.293075,4.589242,0,0.816589,0.336837,0,0.094802,0.129549,0.675301
7.301245,4.592617,0,0.81746,0.338122,0,0.079503,0.127358,0.646975
7.309423,4.596004,0,0.81818,0.339384,0,0.064447,0.125031,0.618915
7.317608,4.599404,0,0.81875,0.340622,0,0.049632,0.12257,0.591123
7.325798,4.602816,0,0.819173,0.341835,0,0.035054,0.119976,0.563602
7.333991,4.606241,0,0.819452,0.343021,0,0.020712,0.117251,0.536355
7.342186,4.609677,0,0.819588,0.344179,0,0.006604,0.114395,0.509384
7.350382,4.613124,0,0.819585,0.345308,0,-0.007274,0.111411,0.482692
7.358578,4.616583,0,0.819443,0.346407,0,-0.020922,0.108301,0.456283
7.366771,4.620052,0,0.819167,0.347474,0,-0.034342,0.105065,0.430158
7.37496,4.623532,0,0.818757,0.348508,0,-0.047537,0.101707,0.404321
7.383145,4.627022,0,0.818217,0.349508,0,-0.060508,0.098227,0.378775
7.391324,4.630522,0,0.817548,0.350472,0,-0.073257,0.094627,0.353523
7.399496,4.634032,0,0.816753,0.3514,0,-0.085785,0.090911,0.328568
7.407659,4.63755,0,0.815833,0.35229,0,-0.098093,0.087079,0.303913
7.415812,4.641077,0,0.814791,0.353141,0,-0.110182,0.083133,0.279562
7.423954,4.644613,0,0.81363,0.353952,0,-0.122054,0.079077,0.255518
7.432084,4.648156,0,0.812351,0.354722,0,-0.13371,0.074913,0.231784
7.440201,4.651707,0,0.810957,0.35545,0,-0.145149,0.070642,0.208364
7.448303,4.655265,0,0.809449,0.356135,0,-0.156373,0.066267,0.185262
7.45639,4.65883,0,0.80783,0.356775,0,-0.167382,0.061791,0.162481
7.464459,4.6624,0,0.806102,0.35737,0,-0.178176,0.057217,0.140026
7.472511,4.665977,0,0.804267,0.357919,0,-0.188755,0.052547,0.1179
7.480544,4.669559,0,0.802328,0.358421,0,-0.199118,0.047784,0.096107
7.488558,4.673145,0,0.800285,0.358875,0,-0.209267,0.042932,0.074653
7.49655,4.676736,0,0.798143,0.359279,0,-0.219198,0.037992,0.05354
7.50452,4.680331,0,0.795902,0.359634,0,-0.228913,0.032969,0.032774
7.512468,4.683928,0,0.793565,0.359938,0,-0.23841,0.027866,0.01236
7.520391,4.687529,0,0.791135,0.360191,0,-0.247687,0.022687,-0.007699
7.52829,4.691132,0,0.788612,0.360392,0,-0.256742,0.017434,-0.027396
7.536163,4.694737,0,0.786001,0.36054,0,-0.265575,0.012112,-0.046728
7.54401,4.698343,0,0.783302,0.360634,0,-0.274183,0.006724,-0.065688
7.551829,4.701949,0,0.780518,0.360674,0,-0.282564,0.001274,-0.084271
7.55962,4.705556,0,0.777651,0.360659,0,-0.290715,-0.004233,-0.102471
7.567382,4.709162,0,0.774704,0.360589,0,-0.298634,-0.009793,-0.120284
7.575114,4.712768,0,0.771679,0.360463,0,-0.306316,-0.015403,-0.137702
7.582815,4.716371,0,0.768579,0.360281,0,-0.313759,-0.021056,-0.154721
7.590485,4.719973,0,0.765405,0.360042,0,-0.32096,-0.02675,-0.171332
7.598123,4.723572,0,0.76216,0.359746,0,-0.327913,-0.032478,-0.187531
7.605728,4.727168,0,0.758847,0.359392,0,-0.334616,-0.038236,-0.20331
7.613299,4.73076,0,0.755469,0.358981,0,-0.341062,-0.044019,-0.218663
7.620837,4.734347,0,0.752027,0.358512,0,-0.347248,-0.049821,-0.233582
7.62834,4.73793,0,0.748525,0.357984,0,-0.353168,-0.055637,-0.24806
7.635807,4.741507,0,0.744965,0.357399,0,-0.358816,-0.061461,-0.26209
7.643239,4.745078,0,0.741349,0.356755,0,-0.364186,-0.067288,-0.275664
7.650634,4.748642,0,0.737682,0.356053,0,-0.369273,-0.073111,-0.288773
7.657992,4.752198,0,0.733965,0.355293,0,-0.374069,-0.078925,-0.301411
7.665313,4.755747,0,0.730201,0.354475,0,-0.378567,-0.084723,-0.313567
7.672596,4.759288,0,0.726395,0.353599,0,-0.382761,-0.090498,-0.325235
7.679841,4.762819,0,0.722547,0.352665,0,-0.386642,-0.096243,-0.336404
7.687047,4.766341,0,0.718663,0.351674,0,-0.390202,-0.101953,-0.347066
7.694214,4.769852,0,0.714744,0.350626,0,-0.393432,-0.107619,-0.357211
7.701342,4.773353,0,0.710795,0.349522,0,-0.396325,-0.113234,-0.36683
7.70843,4.776843,0,0.706819,0.348362,0,-0.39887,-0.118791,-0.375913
7.715478,4.78032,0,0.702819,0.347146,0,-0.401058,-0.124282,-0.38445
7.722486,4.783785,0,0.698799,0.345876,0,-0.402878,-0.129699,-0.39243
7.729454,4.787238,0,0.694763,0.344552,0,-0.40432,-0.135035,-0.399842
7.736382,4.790676,0,0.690714,0.343176,0,-0.405373,-0.14028,-0.406676
7.743268,4.794101,0,0.686657,0.341747,0,-0.406026,-0.145426,-0.41292
7.750115,4.797511,0,0.682595,0.340268,0,-0.406267,-0.150464,-0.418563
7.75692,4.800906,0,0.678533,0.338738,0,-0.406083,-0.155385,-0.423593
7.763685,4.804286,0,0.674475,0.33716,0,-0.405461,-0.160181,-0.427998
7.77041,4.807649,0,0.670425,0.335535,0,-0.404389,-0.164841,-0.431765
7.777094,4.810996,0,0.666388,0.333864,0,-0.402852,-0.169356,-0.434881
7.783738,4.814326,0,0.66237,0.332148,0,-0.400837,-0.173715,-0.437335
7.790341,4.817639,0,0.658373,0.33039,0,-0.398329,-0.17791,-0.439111
7.796905,4.820934,0,0.654405,0.328591,0,-0.395312,-0.181928,-0.440197
7.80343,4.824211,0,0.650469,0.326752,0,-0.391771,-0.18576,-0.440578
7.809915,4.827469,0,0.646571,0.324876,0,-0.38769,-0.189395,-0.44024
7.816361,4.830708,0,0.642717,0.322965,0,-0.383052,-0.192821,-0.439169
7.822769,4.833928,0,0.638912,0.321021,0,-0.377839,-0.196027,-0.437349
7.82914,4.837128,0,0.635162,0.319045,0,-0.372035,-0.199001,-0.434765
7.835473,4.840309,0,0.631473,0.317041,0,-0.36562,-0.201732,-0.431401
7.841769,4.843469,0,0.627852,0.315012,0,-0.358577,-0.204206,-0.427241
7.84803,4.846609,0,0.624304,0.312958,0,-0.350885,-0.206412,-0.42227
7.854256,4.849728,0,0.620836,0.310884,0,-0.342525,-0.208337,-0.416469
7.860447,4.852827,0,0.617456,0.308792,0,-0.333476,-0.209968,-0.409822
7.866605,4.855904,0,0.614169,0.306686,0,-0.323718,-0.211291,-0.402312
7.872731,4.85896,0,0.610984,0.304568,0,-0.313228,-0.212292,-0.393919
7.878825,4.861995,0,0.607907,0.302441,0,-0.301984,-0.212959,-0.384627
7.884889,4.865009,0,0.604947,0.30031,0,-0.289964,-0.213276,-0.374417
7.890924,4.868002,0,0.60211,0.298177,0,-0.277145,-0.213229,-0.363268
7.896932,4.870973,0,0.599406,0.296046,0,-0.263502,-0.212803,-0.351163
7.902913,4.873922,0,0.596843,0.293922,0,-0.249011,-0.211984,-0.33808
7.908869,4.876851,0,0.594429,0.291808,0,-0.233646,-0.210756,-0.324001
7.914802,4.879759,0,0.592173,0.289708,0,-0.217382,-0.209103,-0.308903
7.920713,4.882645,0,0.590085,0.287627,0,-0.200192,-0.207009,-0.292767
7.926604,4.885511,0,0.588173,0.28557,0,-0.18205,-0.204457,-0.275569
7.932477,4.888357,0,0.586447,0.28354,0,-0.162927,-0.201432,-0.25729
7.938334,4.891182,0,0.584917,0.281543,0,-0.142795,-0.197916,-0.237906
7.944176,4.893988,0,0.583594,0.279583,0,-0.121626,-0.193893,-0.217394
7.950007,4.896774,0,0.582488,0.277667,0,-0.099389,-0.189343,-0.195731
7.955827,4.899541,0,0.58161,0.275798,0,-0.076054,-0.18425,-0.172893
7.96164,4.90229,0,0.580971,0.273984,0,-0.05159,-0.178595,-0.148857
7.967447,4.905021,0,0.580582,0.272228,0,-0.025965,-0.17236,-0.123598
7.973252,4.907735,0,0.580456,0.270538,0,0.000853,-0.165525,-0.097091
7.979057,4.910432,0,0.580604,0.26892,0,0.028896,-0.158072,-0.06931
7.979926,4.910835,0,0.58065,0.268684,0,0.033203,-0.156901,-0.065039
7.985735,4.913514,0,0.581125,0.267154,0,0.061608,-0.149059,-0.036644
7.99155,4.916178,0,0.581879,0.265703,0,0.089109,-0.141264,-0.0087
7.997374,4.918828,0,0.582904,0.264329,0,0.115708,-0.133515,0.018793
8.003209,4.921465,0,0.58419,0.263032,0,0.141404,-0.125815,0.045837
8.009058,4.924089,0,0.585729,0.261812,0,0.166199,-0.118163,0.072432
8.014924,4.926701,0,0.587511,0.260669,0,0.190094,-0.11056,0.098579
8.020809,4.929303,0,0.589528,0.259601,0,0.213089,-0.103007,0.124279
8.026716,4.931894,0,0.59177,0.258608,0,0.235187,-0.095505,0.149533
8.032645,4.934475,0,0.594229,0.257691,0,0.256389,-0.088055,0.174342
8.038601,4.937048,0,0.596895,0.256847,0,0.276698,-0.080656,0.198707
8.044584,4.939612,0,0.59976,0.256077,0,0.296114,-0.073311,0.222627
8.050597,4.942169,0,0.602814,0.255381,0,0.31464,-0.06602,0.246105
8.056641,4.94472,0,0.60605,0.254757,0,0.332279,-0.058783,0.269139
8.062718,4.947265,0,0.609457,0.254205,0,0.349034,-0.051602,0.291731
8.06883,4.949804,0,0.613027,0.253725,0,0.364906,-0.044477,0.313882
8.074979,4.95234,0,0.616752,0.253315,0,0.3799,-0.037409,0.33559
8.081166,4.954871,0,0.620622,0.252976,0,0.394019,-0.030399,0.356858
8.087392,4.957399,0,0.62463,0.252707,0,0.407266,-0.023449,0.377685
8.093659,4.959925,0,0.628765,0.252507,0,0.419645,-0.016559,0.398071
8.099968,4.96245,0,0.63302,0.252376,0,0.43116,-0.00973,0.418017
8.10632,4.964973,0,0.637385,0.252312,0,0.441815,-0.002963,0.437522
8.112716,4.967496,0,0.641853,0.252316,0,0.451616,0.003741,0.456586
8.119157,4.97002,0,0.646415,0.252387,0,0.460566,0.010381,0.47521
8.125644,4.972544,0,0.651062,0.252524,0,0.468671,0.016955,0.493394
8.132179,4.97507,0,0.655785,0.252726,0,0.475936,0.023463,0.511136
8.13876,4.977599,0,0.660577,0.252993,0,0.482368,0.029903,0.528438
8.14539,4.98013,0,0.66543,0.253324,0,0.487971,0.036274,0.545298
8.152069,4.982666,0,0.670334,0.253718,0,0.492752,0.042574,0.561716
8.158797,4.985205,0,0.675282,0.254175,0,0.496718,0.048803,0.577693
8.165575,4.987749,0,0.680266,0.254694,0,0.499875,0.05496,0.593226
8.172403,4.990299,0,0.685277,0.255274,0,0.50223,0.061042,0.608316
8.179281,4.992855,0,0.690308,0.255914,0,0.503792,0.067048,0.622961
8.186209,4.995417,0,0.69535,0.256614,0,0.504567,0.072977,0.637162
8.193188,4.997987,0,0.700396,0.257374,0,0.504564,0.078827,0.650917
8.200217,5.000565,0,0.705439,0.258191,0,0.503791,0.084597,0.664225
8.207296,5.003151,0,0.71047,0.259065,0,0.502257,0.090284,0.677086
8.214426,5.005747,0,0.715482,0.259996,0,0.49997,0.095889,0.689498
8.221606,5.008351,0,0.720467,0.260983,0,0.496941,0.101407,0.70146
8.228835,5.010966,0,0.725418,0.262024,0,0.49318,0.106839,0.712971
8.236114,5.013592,0,0.730328,0.263119,0,0.488695,0.112182,0.72403
8.243442,5.016229,0,0.735189,0.264267,0,0.483498,0.117434,0.734635
8.250818,5.018878,0,0.739996,0.265468,0,0.477599,0.122593,0.744784
8.258241,5.021539,0,0.744739,0.266719,0,0.47101,0.127657,0.754476
8.265712,5.024212,0,0.749413,0.26802,0,0.463742,0.132624,0.76371
8.273229,5.026899,0,0.754012,0.269371,0,0.455808,0.137492,0.772483
8.280792,5.0296,0,0.758527,0.27077,0,0.447219,0.142259,0.780794
8.2884,5.032315,0,0.762954,0.272216,0,0.437988,0.146922,0.788641
8.296051,5.035044,0,0.767285,0.273708,0,0.428129,0.15148,0.796022
8.303745,5.037789,0,0.771515,0.275245,0,0.417654,0.155929,0.802934
8.311481,5.040549,0,0.775636,0.276826,0,0.406578,0.160268,0.809376
8.319257,5.043326,0,0.779644,0.27845,0,0.394916,0.164494,0.815345
8.327073,5.046118,0,0.783533,0.280116,0,0.382681,0.168604,0.820839
8.334928,5.048928,0,0.787296,0.281822,0,0.36989,0.172596,0.825855
8.342819,5.051755,0,0.790929,0.283567,0,0.356557,0.176466,0.83039
8.350746,5.0546,0,0.794425,0.285351,0,0.3427,0.180213,0.834443
8.358707,5.057462,0,0.797781,0.287171,0,0.328333,0.183833,0.838009
8.366701,5.060343,0,0.80099,0.289027,0,0.313475,0.187323,0.841087
8.374726,5.063243,0,0.804049,0.290917,0,0.298142,0.190681,0.843673
8.382781,5.066162,0,0.806952,0.29284,0,0.282353,0.193902,0.845764
8.390865,5.0691,0,0.809694,0.294795,0,0.266126,0.196985,0.847356
8.398975,5.072058,0,0.812273,0.296779,0,0.249479,0.199925,0.848447
8.40711,5.075035,0,0.814683,0.298793,0,0.232432,0.20272,0.849034
8.415268,5.078033,0,0.81692,0.300833,0,0.215005,0.205365,0.849112
8.423447,5.081052,0,0.818982,0.302899,0,0.197217,0.207858,0.848677
8.431647,5.084092,0,0.820863,0.30499,0,0.179089,0.210195,0.847727
8.439864,5.087152,0,0.822562,0.307103,0,0.160644,0.212372,0.846257
8.448097,5.090234,0,0.824075,0.309237,0,0.141901,0.214385,0.844264
8.456345,5.093337,0,0.825399,0.31139,0,0.122884,0.216231,0.841742
8.464605,5.096462,0,0.826532,0.313561,0,0.103615,0.217905,0.838689
8.472875,5.099608,0,0.827471,0.315747,0,0.084117,0.219404,0.835099
8.481153,5.102777,0,0.828214,0.317948,0,0.064415,0.220722,0.830968
8.489439,5.105967,0,0.828759,0.320161,0,0.044532,0.221858,0.826292
8.497728,5.10918,0,0.829104,0.322385,0,0.024493,0.222804,0.821066
8.50602,5.112415,0,0.829248,0.324617,0,0.004323,0.223558,0.815285
8.514312,5.115672,0,0.82919,0.326855,0,-0.015951,0.224115,0.808944
8.522603,5.118952,0,0.828929,0.329098,0,-0.036304,0.22447,0.802038
8.53089,5.122254,0,0.828464,0.331344,0,-0.056708,0.224619,0.794562
8.539172,5.125579,0,0.827794,0.33359,0,-0.077136,0.224556,0.786511
8.547445,5.128926,0,0.826921,0.335834,0,-0.097559,0.224276,0.77788
8.555709,5.132295,0,0.825843,0.338075,0,-0.11795,0.223775,0.768662
8.563962,5.135687,0,0.824562,0.340309,0,-0.138278,0.223048,0.758852
8.5722,5.139102,0,0.823078,0.342535,0,-0.158514,0.222089,0.748444
8.580422,5.142538,0,0.821392,0.34475,0,-0.178628,0.220893,0.737433
8.588627,5.145997,0,0.819506,0.346952,0,-0.198589,0.219454,0.725812
8.596812,5.149477,0,0.817421,0.349138,0,-0.218365,0.217767,0.713575
8.604975,5.152979,0,0.81514,0.351307,0,-0.237924,0.215825,0.700716
8.613114,5.156503,0,0.812664,0.353454,0,-0.257233,0.213624,0.687229
8.621228,5.160048,0,0.809996,0.355578,0,-0.276258,0.211158,0.673106
8.629313,5.163615,0,0.807139,0.357676,0,-0.294967,0.20842,0.658341
8.63737,5.167202,0,0.804098,0.359746,0,-0.313323,0.205403,0.642927
8.645395,5.170809,0,0.800874,0.361783,0,-0.331293,0.202103,0.626857
8.653387,5.174437,0,0.797473,0.363787,0,-0.348839,0.198512,0.610124
8.661344,5.178085,0,0.793899,0.365753,0,-0.365926,0.194624,0.592721
8.669264,5.181752,0,0.790156,0.367678,0,-0.382516,0.190432,0.57464
8.677146,5.185438,0,0.78625,0.36956,0,-0.398571,0.18593,0.555874
8.684988,5.189143,0,0.782187,0.371396,0,-0.414054,0.18111,0.536415
8.692789,5.192866,0,0.777971,0.373181,0,-0.428924,0.175965,0.516255
8.700547,5.196607,0,0.773611,0.374914,0,-0.443142,0.17049,0.495386
8.708261,5.200364,0,0.769111,0.37659,0,-0.456668,0.164675,0.4738
8.715929,5.204138,0,0.76448,0.378206,0,-0.46946,0.158514,0.451489
8.72355,5.207928,0,0.759724,0.379759,0,-0.481477,0.151999,0.428444
8.731123,5.211733,0,0.754853,0.381245,0,-0.492676,0.145122,0.404656
8.738647,5.215553,0,0.749874,0.38266,0,-0.503014,0.137877,0.380118
8.74612,5.219386,0,0.744796,0.384001,0,-0.512446,0.130254,0.35482
8.753543,5.223233,0,0.739628,0.385264,0,-0.520929,0.122245,0.328752
8.760913,5.227091,0,0.73438,0.386445,0,-0.528417,0.113843,0.301906
8.76823,5.230961,0,0.729063,0.38754,0,-0.534864,0.105039,0.274273
8.775494,5.234842,0,0.723687,0.388544,0,-0.540224,0.095825,0.245843
8.782704,5.238732,0,0.718262,0.389455,0,-0.544448,0.086191,0.216605
8.789859,5.24263,0,0.712802,0.390267,0,-0.547488,0.07613,0.186551
8.79696,5.246537,0,0.707317,0.390976,0,-0.549296,0.065632,0.155671
8.804005,5.25045,0,0.70182,0.391578,0,-0.549822,0.054687,0.123954
8.810996,5.254368,0,0.696325,0.392068,0,-0.549016,0.043288,0.091389
8.817932,5.258291,0,0.690844,0.392442,0,-0.546826,0.031424,0.057967
8.824813,5.262216,0,0.685393,0.392695,0,-0.5432,0.019087,0.023677
8.83164,5.266144,0,0.679985,0.392822,0,-0.538086,0.006265,-0.011492
8.838413,5.270072,0,0.674636,0.392819,0,-0.531431,-0.00705,-0.047552
8.845133,5.274,0,0.669362,0.392679,0,-0.523179,-0.020868,-0.084512
8.8518,5.277926,0,0.664178,0.3924,0,-0.513277,-0.0352,-0.122385
8.85349,5.278925,0,0.662875,0.392305,0,-0.510485,-0.038933,-0.132175
8.860093,5.282845,0,0.657826,0.391843,0,-0.499378,-0.053575,-0.170521
8.866647,5.286761,0,0.652887,0.391234,0,-0.48843,-0.068044,-0.208404
8.873151,5.29067,0,0.648056,0.390482,0,-0.477648,-0.082333,-0.2458
8.879608,5.29457,0,0.643333,0.389588,0,-0.467039,-0.096433,-0.282686
8.886018,5.298461,0,0.638715,0.388554,0,-0.456609,-0.110338,-0.31904
8.892383,5.302341,0,0.6342,0.387382,0,-0.446367,-0.12404,-0.354839
8.898703,5.306208,0,0.629787,0.386074,0,-0.436317,-0.137534,-0.390064
8.904979,5.310062,0,0.625473,0.384632,0,-0.426467,-0.150813,-0.424694
8.911213,5.3139,0,0.621257,0.383059,0,-0.416821,-0.16387,-0.45871
8.917404,5.317723,0,0.617136,0.381356,0,-0.407385,-0.1767,-0.492095
8.923556,5.321527,0,0.613109,0.379525,0,-0.398163,-0.189298,-0.524831
8.929667,5.325313,0,0.609172,0.37757,0,-0.389162,-0.201658,-0.556901
8.935739,5.329078,0,0.605325,0.375493,0,-0.380385,-0.213775,-0.588289
8.941774,5.332822,0,0.601564,0.373296,0,-0.371836,-0.225644,-0.618982
8.947771,5.336544,0,0.597887,0.370981,0,-0.363519,-0.237261,-0.648964
8.953732,5.340241,0,0.594293,0.368551,0,-0.355438,-0.248622,-0.678223
8.959657,5.343914,0,0.590778,0.366009,0,-0.347595,-0.259722,-0.706745
8.965547,5.347561,0,0.58734,0.363358,0,-0.339995,-0.270557,-0.73452
8.971404,5.351181,0,0.583977,0.360599,0,-0.33264,-0.281125,-0.761536
8.977227,5.354773,0,0.580686,0.357736,0,-0.325532,-0.291422,-0.787782
8.983018,5.358335,0,0.577465,0.354772,0,-0.318673,-0.301444,-0.813249
8.988777,5.361868,0,0.574312,0.351708,0,-0.312066,-0.311189,-0.837929
8.994504,5.365369,0,0.571223,0.348549,0,-0.305712,-0.320654,-0.861812
9.000201,5.368839,0,0.568197,0.345296,0,-0.299612,-0.329837,-0.884892
9.005869,5.372275,0,0.56523,0.341953,0,-0.293769,-0.338735,-0.907162
9.011506,5.375677,0,0.562321,0.338522,0,-0.288181,-0.347347,-0.928616
9.017115,5.379045,0,0.559466,0.335007,0,-0.282852,-0.35567,-0.949248
9.022696,5.382377,0,0.556663,0.33141,0,-0.27778,-0.363704,-0.969054
9.028249,5.385673,0,0.553909,0.327734,0,-0.272966,-0.371446,-0.98803
9.033774,5.388932,0,0.551203,0.323982,0,-0.26841,-0.378896,-1.006171
9.039273,5.392152,0,0.54854,0.320157,0,-0.264112,-0.386053,-1.023476
9.044745,5.395335,0,0.545919,0.316262,0,-0.260071,-0.392916,-1.039941
9.050191,5.398477,0,0.543338,0.3123,0,-0.256288,-0.399484,-1.055567
9.055612,5.40158,0,0.540793,0.308273,0,-0.25276,-0.405757,-1.07035
9.061007,5.404643,0,0.538282,0.304185,0,-0.249487,-0.411735,-1.084292
9.066378,5.407664,0,0.535802,0.300039,0,-0.246467,-0.417417,-1.097392
9.071723,5.410643,0,0.533352,0.295838,0,-0.2437,-0.422804,-1.109651
9.077045,5.41358,0,0.530927,0.291584,0,-0.241183,-0.427897,-1.12107
9.082342,5.416475,0,0.528527,0.287281,0,-0.238914,-0.432696,-1.131652
9.087615,5.419326,0,0.526148,0.282931,0,-0.236892,-0.437201,-1.141398
9.092865,5.422133,0,0.523789,0.278538,0,-0.235114,-0.441414,-1.150312
9.098091,5.424896,0,0.521445,0.274104,0,-0.233578,-0.445335,-1.158397
9.103294,5.427615,0,0.519116,0.269632,0,-0.232281,-0.448965,-1.165657
9.108474,5.430289,0,0.516799,0.265126,0,-0.23122,-0.452307,-1.172097
9.11363,5.432918,0,0.514491,0.260587,0,-0.230392,-0.455362,-1.177721
9.118763,5.435501,0,0.51219,0.25602,0,-0.229795,-0.45813,-1.182535
9.123874,5.438038,0,0.509894,0.251426,0,-0.229425,-0.460615,-1.186545
9.128961,5.440529,0,0.507601,0.246808,0,-0.229279,-0.462818,-1.189758
9.134026,5.442974,0,0.505308,0.24217,0,-0.229353,-0.464741,-1.19218
9.139067,5.445372,0,0.503013,0.237514,0,-0.229643,-0.466387,-1.193819
9.144086,5.447724,0,0.500714,0.232843,0,-0.230145,-0.467758,-1.194682
9.149082,5.450029,0,0.49841,0.22816,0,-0.230856,-0.468856,-1.194778
9.154054,5.452287,0,0.496097,0.223467,0,-0.231771,-0.469684,-1.194114
9.159004,5.454499,0,0.493774,0.218767,0,-0.232887,-0.470246,-1.192702
9.16393,5.456663,0,0.491438,0.214063,0,-0.234197,-0.470543,-1.190548
9.168832,5.45878,0,0.489089,0.209357,0,-0.235699,-0.470579,-1.187664
9.173711,5.46085,0,0.486724,0.204652,0,-0.237388,-0.470358,-1.18406
9.178567,5.462873,0,0.484341,0.199951,0,-0.239257,-0.469882,-1.179745
9.183398,5.464849,0,0.481938,0.195256,0,-0.241304,-0.469155,-1.174732
9.188205,5.466778,0,0.479514,0.190569,0,-0.243523,-0.468181,-1.169031
9.192988,5.46866,0,0.477067,0.185893,0,-0.245908,-0.466962,-1.162654
9.197747,5.470496,0,0.474595,0.18123,0,-0.248454,-0.465504,-1.155612
9.20248,5.472285,0,0.472097,0.176583,0,-0.251157,-0.46381,-1.147918
9.207189,5.474028,0,0.469572,0.171955,0,-0.25401,-0.461883,-1.139585
9.211872,5.475724,0,0.467017,0.167347,0,-0.257009,-0.459728,-1.130625
9.216529,5.477375,0,0.464431,0.162761,0,-0.260148,-0.457349,-1.121052
9.22116,5.478979,0,0.461813,0.1582,0,-0.263421,-0.45475,-1.110878
9.225765,5.480539,0,0.459162,0.153667,0,-0.266822,-0.451936,-1.100118
9.230343,5.482053,0,0.456476,0.149162,0,-0.270346,-0.448911,-1.088786
9.234894,5.483522,0,0.453755,0.144689,0,-0.273987,-0.44568,-1.076895
9.239418,5.484947,0,0.450996,0.140249,0,-0.277738,-0.442246,-1.06446
9.243914,5.486327,0,0.4482,0.135845,0,-0.281595,-0.438615,-1.051495
9.248382,5.487664,0,0.445364,0.131478,0,-0.28555,-0.434792,-1.038017
9.252821,5.488957,0,0.442488,0.12715,0,-0.289599,-0.430781,-1.024039
9.257232,5.490207,0,0.439572,0.122863,0,-0.293734,-0.426588,-1.009577
9.261613,5.491414,0,0.436613,0.118618,0,-0.297949,-0.422216,-0.994646
9.265964,5.492579,0,0.433613,0.114419,0,-0.302239,-0.417672,-0.979263
9.270285,5.493703,0,0.430568,0.110266,0,-0.306596,-0.41296,-0.963442
9.274575,5.494785,0,0.42748,0.10616,0,-0.311016,-0.408085,-0.947201
9.278834,5.495826,0,0.424348,0.102104,0,-0.315491,-0.403053,-0.930554
9.283062,5.496827,0,0.42117,0.0981,0,-0.320015,-0.397869,-0.913519
9.287257,5.497788,0,0.417947,0.094148,0,-0.324582,-0.392537,-0.896112
9.291421,5.49871,0,0.414679,0.090249,0,-0.329185,-0.387064,-0.878348
9.295551,5.499594,0,0.411364,0.086407,0,-0.333818,-0.381455,-0.860246
9.299648,5.500439,0,0.408002,0.082621,0,-0.338475,-0.375715,-0.841822
9.303711,5.501246,0,0.404594,0.078893,0,-0.343149,-0.369849,-0.823092
9.307739,5.502017,0,0.401139,0.075224,0,-0.347834,-0.363863,-0.804074
9.311733,5.502751,0,0.397637,0.071616,0,-0.352524,-0.357763,-0.784784
9.315692,5.503449,0,0.394089,0.068069,0,-0.357211,-0.351553,-0.76524
9.319615,5.504112,0,0.390493,0.064585,0,-0.361891,-0.34524,-0.745459
9.323502,5.504741,0,0.386851,0.061165,0,-0.366555,-0.33883,-0.725457
9.327352,5.505336,0,0.383162,0.057809,0,-0.371199,-0.332326,-0.705253
9.331165,5.505898,0,0.379427,0.054519,0,-0.375816,-0.325736,-0.684863
9.33494,5.506427,0,0.375646,0.051294,0,-0.380399,-0.319065,-0.664304
9.338678,5.506924,0,0.371819,0.048137,0,-0.384942,-0.312319,-0.643595
9.342376,5.507389,0,0.367947,0.045048,0,-0.389439,-0.305502,-0.622751
9.346036,5.507825,0,0.364031,0.042028,0,-0.393884,-0.298621,-0.601791
9.349657,5.50823,0,0.36007,0.039076,0,-0.398271,-0.291681,-0.580732
9.353238,5.508607,0,0.356065,0.036194,0,-0.402593,-0.284689,-0.55959
9.356778,5.508954,0,0.352018,0.033382,0,-0.406846,-0.277648,-0.538383
9.360278,5.509274,0,0.347929,0.030641,0,-0.411022,-0.270566,-0.517128
9.363737,5.509567,0,0.343798,0.027971,0,-0.415115,-0.263447,-0.495842
9.367154,5.509834,0,0.339627,0.025373,0,-0.419121,-0.256298,-0.474542
9.370529,5.510075,0,0.335416,0.022845,0,-0.423033,-0.249123,-0.453244
9.373862,5.510291,0,0.331166,0.02039,0,-0.426845,-0.241928,-0.431966
9.377152,5.510483,0,0.326879,0.018007,0,-0.430552,-0.23472,-0.410725
9.380399,5.510652,0,0.322556,0.015696,0,-0.434149,-0.227502,-0.389536
9.383603,5.510797,0,0.318197,0.013457,0,-0.43763,-0.220281,-0.368416
9.386763,5.510921,0,0.313804,0.01129,0,-0.440989,-0.213062,-0.347382
9.389879,5.511023,0,0.309377,0.009196,0,-0.444221,-0.205851,-0.326449
9.392951,5.511105,0,0.30492,0.007173,0,-0.447321,-0.198652,-0.305634
9.395977,5.511167,0,0.300431,0.005223,0,-0.450285,-0.191471,-0.284952
9.398959,5.51121,0,0.295914,0.003344,0,-0.453106,-0.184313,-0.26442
9.401896,5.511234,0,0.29137,0.001536,0,-0.455781,-0.177184,-0.244052
9.404786,5.511241,0,0.286799,-0.0002,0,-0.458304,-0.170088,-0.223864
9.407632,5.51123,0,0.282204,-0.001866,0,-0.460671,-0.163031,-0.203871
9.41043,5.511204,0,0.277586,-0.003461,0,-0.462878,-0.156017,-0.184089
9.413183,5.511161,0,0.272947,-0.004986,0,-0.464919,-0.149052,-0.164531
9.415889,5.511104,0,0.268289,-0.006442,0,-0.466791,-0.14214,-0.145211
9.418549,5.511033,0,0.263612,-0.007829,0,-0.468489,-0.135287,-0.126146
9.421162,5.510948,0,0.258919,-0.009148,0,-0.470011,-0.128496,-0.107347
9.423727,5.51085,0,0.254212,-0.010399,0,-0.47135,-0.121774,-0.088829
9.426246,5.51074,0,0.249493,-0.011584,0,-0.472505,-0.115123,-0.070606
9.428717,5.510619,0,0.244763,-0.012702,0,-0.473472,-0.108549,-0.05269
9.431141,5.510486,0,0.240024,-0.013755,0,-0.474247,-0.102057,-0.035095
9.433518,5.510344,0,0.235279,-0.014744,0,-0.474826,-0.09565,-0.017832
9.435847,5.510192,0,0.230528,-0.015668,0,-0.475207,-0.089332,-0.000915
9.438128,5.510031,0,0.225775,-0.01653,0,-0.475388,-0.083109,0.015645
9.440362,5.509861,0,0.221021,-0.017331,0,-0.475364,-0.076984,0.031837
9.442548,5.509684,0,0.216269,-0.01807,0,-0.475134,-0.07096,0.047648
9.444687,5.5095,0,0.211519,-0.01875,0,-0.474695,-0.065043,0.063069
9.446779,5.509309,0,0.206775,-0.019372,0,-0.474045,-0.059235,0.078088
9.448823,5.509113,0,0.202039,-0.019936,0,-0.473183,-0.053541,0.092695
9.45082,5.508911,0,0.197312,-0.020443,0,-0.472105,-0.047964,0.106881
9.452769,5.508704,0,0.192598,-0.020895,0,-0.470811,-0.042506,0.120636
9.454672,5.508493,0,0.187897,-0.021293,0,-0.469299,-0.037173,0.133951
9.456527,5.508278,0,0.183212,-0.021639,0,-0.467568,-0.031966,0.146817
9.458336,5.508061,0,0.178546,-0.021933,0,-0.465616,-0.026889,0.159227
9.460098,5.50784,0,0.173901,-0.022177,0,-0.463444,-0.021945,0.171172
9.461814,5.507617,0,0.169278,-0.022373,0,-0.46105,-0.017137,0.182644
9.463484,5.507393,0,0.164681,-0.02252,0,-0.458434,-0.012467,0.193638
9.465108,5.507167,0,0.16011,-0.022622,0,-0.455596,-0.007938,0.204147
9.466686,5.50694,0,0.155569,-0.02268,0,-0.452536,-0.003553,0.214164
9.468219,5.506713,0,0.15106,-0.022694,0,-0.449253,0.000687,0.223684
9.469708,5.506487,0,0.146585,-0.022666,0,-0.44575,0.004779,0.232703
9.471151,5.50626,0,0.142146,-0.022599,0,-0.442026,0.008721,0.241214
9.472551,5.506035,0,0.137745,-0.022493,0,-0.438082,0.012511,0.249216
9.473906,5.505811,0,0.133385,-0.022349,0,-0.43392,0.016148,0.256703
9.475218,5.505588,0,0.129068,-0.02217,0,-0.429542,0.01963,0.263673
9.476488,5.505367,0,0.124795,-0.021957,0,-0.424948,0.022956,0.270124
9.477714,5.505149,0,0.120569,-0.021712,0,-0.420141,0.026125,0.276053
9.478899,5.504933,0,0.116393,-0.021435,0,-0.415123,0.029134,0.28146
9.480042,5.50472,0,0.112268,-0.021129,0,-0.409897,0.031985,0.286343
9.481145,5.504511,0,0.108196,-0.020796,0,-0.404465,0.034675,0.290702
9.482207,5.504304,0,0.104179,-0.020436,0,-0.398832,0.037204,0.294537
9.483229,5.504102,0,0.10022,-0.020052,0,-0.392999,0.039572,0.29785
9.484211,5.503903,0,0.09632,-0.019646,0,-0.38697,0.041779,0.300642
9.485155,5.503709,0,0.092481,-0.019217,0,-0.38075,0.043825,0.302915
9.486061,5.503519,0,0.088705,-0.01877,0,-0.374343,0.045709,0.304672
9.486929,5.503334,0,0.084995,-0.018304,0,-0.367753,0.047433,0.305916
9.487761,5.503153,0,0.081351,-0.017821,0,-0.360986,0.048996,0.306652
9.488557,5.502977,0,0.077775,-0.017324,0,-0.354045,0.0504,0.306883
9.489317,5.502807,0,0.07427,-0.016814,0,-0.346937,0.051646,0.306616
9.490042,5.502641,0,0.070837,-0.016292,0,-0.339667,0.052734,0.305856
9.490734,5.502481,0,0.067478,-0.01576,0,-0.332242,0.053666,0.304611
9.491392,5.502326,0,0.064193,-0.015219,0,-0.324667,0.054444,0.302886
9.492018,5.502177,0,0.060985,-0.014671,0,-0.31695,0.055069,0.300692
9.492612,5.502033,0,0.057854,-0.014118,0,-0.309097,0.055543,0.298035
9.493175,5.501894,0,0.054803,-0.013561,0,-0.301115,0.055868,0.294927
9.493708,5.501761,0,0.051832,-0.013001,0,-0.293013,0.056048,0.291377
9.494212,5.501634,0,0.048943,-0.012441,0,-0.284799,0.056084,0.287396
9.494688,5.501513,0,0.046137,-0.01188,0,-0.27648,0.055979,0.282996
9.495135,5.501397,0,0.043414,-0.011321,0,-0.268066,0.055737,0.278189
9.495556,5.501286,0,0.040776,-0.010766,0,-0.259565,0.055361,0.272988
9.495951,5.501181,0,0.038223,-0.010215,0,-0.250987,0.054854,0.267409
9.496321,5.501082,0,0.035756,-0.009669,0,-0.242342,0.05422,0.261465
9.496666,5.500988,0,0.033376,-0.009131,0,-0.233639,0.053463,0.255172
9.496989,5.500899,0,0.031084,-0.0086,0,-0.22489,0.052588,0.248547
9.497288,5.500816,0,0.028879,-0.008079,0,-0.216105,0.051598,0.241606
9.497567,5.500738,0,0.026762,-0.007569,0,-0.207295,0.050499,0.234368
9.497824,5.500664,0,0.024733,-0.00707,0,-0.198472,0.049296,0.226852
9.498062,5.500596,0,0.022792,-0.006583,0,-0.189648,0.047994,0.219078
9.49828,5.500533,0,0.02094,-0.00611,0,-0.180836,0.046598,0.211066
9.498481,5.500474,0,0.019175,-0.005651,0,-0.172047,0.045115,0.202837
9.498664,5.50042,0,0.017499,-0.005208,0,-0.163296,0.04355,0.194415
9.498831,5.50037,0,0.015909,-0.004781,0,-0.154596,0.041909,0.185822
9.498982,5.500324,0,0.014407,-0.00437,0,-0.14596,0.0402,0.177082
9.499119,5.500282,0,0.01299,-0.003977,0,-0.137404,0.038429,0.168221
9.499242,5.500244,0,0.011658,-0.003602,0,-0.128942,0.036603,0.159264
9.499353,5.50021,0,0.010411,-0.003245,0,-0.120589,0.03473,0.150238
9.499451,5.500179,0,0.009246,-0.002907,0,-0.11236,0.032817,0.141171
9.499538,5.500152,0,0.008163,-0.002589,0,-0.104273,0.030872,0.132093
9.499614,5.500128,0,0.00716,-0.00229,0,-0.096343,0.028904,0.123032
9.499681,5.500106,0,0.006236,-0.002011,0,-0.088587,0.026921,0.114019
9.499739,5.500087,0,0.005388,-0.001751,0,-0.081023,0.024932,0.105086
9.499789,5.500071,0,0.004614,-0.001512,0,-0.073668,0.022947,0.096265
9.499832,5.500057,0,0.003914,-0.001292,0,-0.06654,0.020973,0.087591
9.499868,5.500045,0,0.003283,-0.001093,0,-0.059659,0.019023,0.079098
9.499898,5.500035,0,0.002719,-0.000912,0,-0.053043,0.017104,0.070821
9.499922,5.500027,0,0.002221,-0.00075,0,-0.046712,0.015228,0.062797
9.499942,5.50002,0,0.001784,-0.000607,0,-0.040686,0.013406,0.055064
9.499958,5.500015,0,0.001406,-0.000482,0,-0.034985,0.011648,0.047661
9.499971,5.50001,0,0.001083,-0.000374,0,-0.02963,0.009966,0.040627
9.49998,5.500007,0,0.000812,-0.000282,0,-0.024644,0.008371,0.034003
9.499987,5.500005,0,0.000589,-0.000206,0,-0.020047,0.006876,0.027832
9.499992,5.500003,0,0.00041,-0.000144,0,-0.015862,0.005492,0.022155
9.499996,5.500002,0,0.000271,-9.6e-05,0,-0.012112,0.004233,0.017018
9.499998,5.500001,0,0.000166,-5.9e-05,0,-0.008821,0.00311,0.012466
9.499999,5.5,0,9.2e-05,-3.3e-05,0,-0.006011,0.002139,0.008544
9.5,5.5,0,4.4e-05,-1.6e-05,0,-0.003709,0.001331,0.0053
9.5,5.5,0,1.7e-05,-6e-06,0,-0.001937,0.000701,0.002784
9.5,5.5,0,4e-06,-1e-06,0,-0.000722,0.000264,0.001044
9.5,5.5,0,0,-0,0,-9e-05,3.3e-05,0.000131
