131.792463,299.590957,-0.014594,0.004331,-0.000988,-0.003526,0.000472,-0.000108,-0.000385
131.797101,299.589871,-0.014632,0.005533,-0.001369,-0.004718,0.34977,-0.110791,-0.346665
131.805695,299.587535,-0.014709,0.013163,-0.003777,-0.012253,1.250972,-0.393781,-1.231973
131.827094,299.581171,-0.014913,0.031738,-0.009601,-0.030472,2.509085,-0.783992,-2.452593
131.873745,299.566925,-0.015363,0.063986,-0.019632,-0.061851,3.960682,-1.227064,-3.838324
131.960051,299.540401,-0.016197,0.111147,-0.03417,-0.107322,5.471631,-1.678588,-5.250063
132.101032,299.497113,-0.017555,0.173257,-0.053114,-0.166568,6.934818,-2.103334,-6.577394
132.311252,299.432838,-0.01957,0.249407,-0.076057,-0.238305,8.26787,-2.474474,-7.736167
132.603992,299.343878,-0.022356,0.337978,-0.10236,-0.320526,9.410881,-2.772814,-8.666089
132.990648,299.227262,-0.026007,0.436857,-0.131228,-0.410732,10.324136,-2.986019,-9.328302
133.480335,299.080861,-0.030588,0.543621,-0.161775,-0.506132,10.985834,-3.107838,-9.702975
134.079666,298.90346,-0.036138,0.655713,-0.193077,-0.603821,11.389817,-3.137332,-9.786886
134.792685,298.694759,-0.042663,0.770581,-0.224226,-0.700936,11.543289,-3.078101,-9.591003
135.620943,298.455345,-0.050145,0.885804,-0.254367,-0.794783,11.464544,-2.937511,-9.138077
136.563676,298.186616,-0.05854,0.999187,-0.282739,-0.882947,11.180688,-2.725921,-8.460219
137.618072,297.890676,-0.067778,1.108845,-0.308691,-0.963368,10.725368,-2.45591,-7.59649
138.77961,297.570213,-0.077776,1.213249,-0.331709,-1.034402,10.136489,-2.141501,-6.590483
140.042436,297.228361,-0.088431,1.311263,-0.351422,-1.094855,9.453947,-1.797392,-5.487911
141.399756,296.868547,-0.099635,1.402148,-0.367607,-1.14399,8.717345,-1.438179,-4.334189
142.844235,296.494353,-0.111272,1.485554,-0.380181,-1.181512,7.963726,-1.077587,-3.172019
144.368365,296.109373,-0.123227,1.561474,-0.389194,-1.207529,7.225289,-0.727694,-2.038977
145.964781,295.7171,-0.135386,1.630195,-0.394803,-1.22249,6.527122,-0.398156,-0.965097
147.626516,295.320822,-0.147642,1.692205,-0.397247,-1.227096,5.884918,-0.095439,0.029545
149.347151,294.923566,-0.159896,1.748095,-0.39681,-1.22219,5.302706,0.177958,0.937246
151.120855,294.528066,-0.172057,1.798427,-0.393779,-1.208619,4.770573,0.424277,1.765089
152.942285,294.136792,-0.184042,1.843588,-0.38839,-1.187076,4.262388,0.651269,2.53736
154.806323,293.752027,-0.195773,1.883609,-0.380772,-1.157913,3.733527,0.872972,3.297965
155.034488,293.709492,-0.196913,1.890166,-0.379008,-1.15128,3.626776,0.91567,3.444688
156.941875,293.335419,-0.208241,1.92374,-0.368805,-1.113188,3.106132,1.115372,4.146145
158.880404,292.972456,-0.219156,1.952616,-0.356877,-1.068869,2.683853,1.262004,4.693792
160.84584,292.622074,-0.229603,1.977686,-0.343719,-1.019754,2.342119,1.362552,5.108733
162.83475,292.285285,-0.23954,1.999675,-0.329759,-0.967074,2.065331,1.423249,5.409727
164.844357,291.962699,-0.248936,2.019163,-0.315368,-0.911884,1.839968,1.449622,5.61334
166.872396,291.654586,-0.257772,2.036607,-0.300865,-0.855083,1.654448,1.446542,5.734089
168.917005,291.360916,-0.266035,2.052352,-0.286521,-0.797436,1.498991,1.418268,5.784596
170.976622,291.081412,-0.27372,2.066659,-0.272571,-0.739589,1.365476,1.368497,5.775732
173.049907,290.815577,-0.280828,2.079713,-0.259212,-0.682088,1.247302,1.300413,5.716768
175.135673,290.562734,-0.287364,2.091639,-0.246614,-0.625395,1.139253,1.216728,5.615522
177.232836,290.322046,-0.29334,2.102518,-0.234922,-0.569897,1.037352,1.119738,5.478509
179.340376,290.092547,-0.298767,2.112397,-0.224258,-0.515926,0.938725,1.011363,5.311089
181.457304,289.873153,-0.303664,2.121297,-0.214727,-0.463762,0.841461,0.8932,5.117617
183.582647,289.662684,-0.308049,2.129227,-0.206422,-0.413648,0.744475,0.766565,4.901587
185.715434,289.459874,-0.311945,2.136186,-0.199421,-0.365796,0.647362,0.632547,4.665787
187.854695,289.263385,-0.315374,2.142174,-0.193792,-0.320391,0.550263,0.492051,4.412442
189.99946,289.071811,-0.318361,2.147193,-0.189599,-0.2776,0.453725,0.345844,4.143366
192.148762,288.883692,-0.320935,2.151253,-0.186892,-0.237571,0.358558,0.194609,3.86011
194.301652,288.697515,-0.323122,2.154372,-0.185721,-0.20044,0.265701,0.038984,3.564108
196.457202,288.511725,-0.324954,2.156578,-0.186125,-0.166326,0.176076,-0.120382,3.256829
198.614516,288.324728,-0.326459,2.157907,-0.188139,-0.135335,0.090454,-0.282788,2.939924
200.772738,288.134902,-0.327671,2.158402,-0.191788,-0.107554,0.009311,-0.447431,2.615375
202.931057,287.9406,-0.328621,2.158108,-0.197092,-0.083045,-0.067306,-0.613359,2.285643
205.088707,287.740164,-0.329343,2.157069,-0.204056,-0.061848,-0.139924,-0.779422,1.953816
207.244959,287.531936,-0.329869,2.155319,-0.212676,-0.043963,-0.209781,-0.944227,1.623759
209.399115,287.314267,-0.330233,2.152876,-0.222931,-0.029351,-0.278966,-1.10609,1.300264
211.550478,287.085542,-0.330467,2.149732,-0.234781,-0.017917,-0.350559,-1.262986,0.989193
213.698331,286.844193,-0.330602,2.145843,-0.248166,-0.009502,-0.428767,-1.412504,0.697632
215.841886,286.588727,-0.330666,2.141117,-0.262997,-0.003871,-0.51907,-1.551801,0.434038
217.980234,286.317755,-0.330687,2.135399,-0.279157,-0.000695,-0.628355,-1.67755,0.208386
218.820304,286.206097,-0.330728,2.132866,-0.285815,-4.8e-05,-0.678062,-1.722256,0.132874
220.949564,285.91149,-0.330725,2.125445,-0.303574,0.000392,-0.803613,-1.827915,-0.042564
223.0708,285.598612,-0.330726,2.116841,-0.322341,-0.000852,-0.914954,-1.923758,-0.203726
225.182898,285.266505,-0.330747,2.107192,-0.342017,-0.003636,-1.012651,-2.009965,-0.350783
227.28488,284.914306,-0.330803,2.096632,-0.362509,-0.007821,-1.097248,-2.086724,-0.483941
229.3759,284.541247,-0.330908,2.085289,-0.383721,-0.013269,-1.169266,-2.154236,-0.603438
231.455237,284.146654,-0.331073,2.073286,-0.405563,-0.019845,-1.229207,-2.21271,-0.709546
233.522293,283.72994,-0.331308,2.060743,-0.427946,-0.027416,-1.277554,-2.262367,-0.802563
235.576581,283.290611,-0.331624,2.047772,-0.450782,-0.035854,-1.314775,-2.303434,-0.882817
237.617731,282.828254,-0.332028,2.034483,-0.473987,-0.045031,-1.341326,-2.336148,-0.950663
239.645477,282.342542,-0.332527,2.02098,-0.497478,-0.054827,-1.357649,-2.360751,-1.006477
241.659654,281.833229,-0.333126,2.007363,-0.521176,-0.065122,-1.364178,-2.377496,-1.050659
243.660197,281.300147,-0.33383,1.993728,-0.545002,-0.075803,-1.361339,-2.386638,-1.08363
245.647134,280.743206,-0.334643,1.980166,-0.568884,-0.086759,-1.349554,-2.388441,-1.10583
247.620582,280.162386,-0.335566,1.966765,-0.592748,-0.097885,-1.32924,-2.383172,-1.117712
249.580745,279.557739,-0.336601,1.953608,-0.616525,-0.10908,-1.300813,-2.371105,-1.119748
251.527907,278.929388,-0.337748,1.940774,-0.640148,-0.120249,-1.264691,-2.352516,-1.112421
253.462427,278.277516,-0.339005,1.928339,-0.663554,-0.131299,-1.221295,-2.327685,-1.096226
255.38474,277.602372,-0.340373,1.916371,-0.686682,-0.142145,-1.171048,-2.296896,-1.071667
257.295348,276.904264,-0.341847,1.904939,-0.709473,-0.152706,-1.114384,-2.260433,-1.039255
259.194817,276.183556,-0.343426,1.894104,-0.731873,-0.162906,-1.051743,-2.218584,-0.999507
261.083774,275.440667,-0.345104,1.883923,-0.753828,-0.172674,-0.983578,-2.171636,-0.952945
262.962898,274.676065,-0.346878,1.874449,-0.775289,-0.181944,-0.910354,-2.119878,-0.90009
264.832924,273.890268,-0.348741,1.865731,-0.79621,-0.190656,-0.832553,-2.0636,-0.841467
266.694626,273.083839,-0.350689,1.857812,-0.816547,-0.198756,-0.750672,-2.003088,-0.777596
268.548826,272.257382,-0.352714,1.850729,-0.836259,-0.206192,-0.665228,-1.938629,-0.708995
270.396375,271.411542,-0.35481,1.844517,-0.855308,-0.212922,-0.576761,-1.870508,-0.636176
272.238159,270.547,-0.35697,1.839202,-0.873658,-0.218903,-0.485833,-1.799008,-0.559645
274.075086,269.66447,-0.359186,1.834807,-0.891277,-0.224104,-0.393031,-1.724408,-0.479896
275.908084,268.764699,-0.361449,1.831346,-0.908137,-0.228492,-0.298971,-1.646984,-0.397417
277.738092,267.848459,-0.363753,1.828829,-0.924209,-0.232044,-0.204298,-1.567008,-0.312677
279.566058,266.916552,-0.366087,1.82726,-0.939469,-0.23474,-0.109689,-1.484746,-0.226136
281.392926,265.969799,-0.368445,1.826633,-0.953897,-0.236563,-0.015854,-1.40046,-0.138233
283.219634,265.009043,-0.370816,1.826938,-0.967472,-0.237501,0.076461,-1.314406,-0.049393
285.047105,264.035143,-0.373192,1.828154,-0.98018,-0.237549,0.166472,-1.226834,0.039983
286.876238,263.048977,-0.375564,1.830257,-0.992005,-0.236701,0.253354,-1.137984,0.129514
288.707902,262.051432,-0.377923,1.833208,-1.002936,-0.234959,0.336241,-1.048092,0.218842
290.542923,261.043406,-0.38026,1.836965,-1.012964,-0.232326,0.414224,-0.957383,0.307638
292.382082,260.025807,-0.382566,1.841473,-1.022082,-0.228809,0.486346,-0.866076,0.395597
294.226099,258.999548,-0.384833,1.846669,-1.030284,-0.224418,0.551602,-0.774377,0.482445
296.075625,257.965545,-0.387052,1.852479,-1.037569,-0.219165,0.608939,-0.682486,0.567939
297.931233,256.924717,-0.389214,1.858818,-1.043934,-0.213064,0.65725,-0.590588,0.65187
299.793405,255.877983,-0.39131,1.86559,-1.049381,-0.206133,0.695373,-0.49886,0.734062
301.662521,254.82626,-0.393333,1.872687,-1.053912,-0.198389,0.72209,-0.407467,0.814377
303.538848,253.770463,-0.395275,1.879989,-1.057532,-0.189852,0.736127,-0.31656,0.892715
305.422524,252.711499,-0.397128,1.887363,-1.060246,-0.180542,0.736146,-0.226278,0.969018
307.313549,251.650271,-0.398884,1.894661,-1.06206,-0.170479,0.720749,-0.136747,1.043267
309.211767,250.587676,-0.400535,1.901722,-1.062983,-0.159683,0.688472,-0.048078,1.115491
311.116854,249.524599,-0.402075,1.908369,-1.063025,-0.148175,0.637784,0.039632,1.185763
313.028303,248.461917,-0.403496,1.914411,-1.062194,-0.135974,0.567087,0.126302,1.254202
314.801218,247.479998,-0.404695,1.919278,-1.060658,-0.124082,0.482413,0.205503,1.316036
316.722741,246.420507,-0.405869,1.923605,-1.058188,-0.110607,0.384213,0.287419,1.377496
318.648112,245.363885,-0.406906,1.926987,-1.05493,-0.096562,0.293584,0.363136,1.429902
320.576426,244.310889,-0.407799,1.929501,-1.050945,-0.082037,0.210359,0.432846,1.473666
322.506849,243.262216,-0.408545,1.931219,-1.046293,-0.067116,0.134368,0.496741,1.509195
324.438622,242.218507,-0.40914,1.932212,-1.041029,-0.05188,0.065439,0.555008,1.536888
326.371055,241.180343,-0.409582,1.932551,-1.035211,-0.036403,0.003399,0.607836,1.557135
328.303528,240.148252,-0.409868,1.932302,-1.02889,-0.02076,-0.05193,0.655409,1.570322
330.235486,239.122712,-0.409997,1.931534,-1.022119,-0.005019,-0.100728,0.697909,1.576824
332.166443,238.104147,-0.409968,1.930309,-1.014948,0.010755,-0.143178,0.735519,1.577012
334.095973,237.092933,-0.409782,1.928691,-1.007425,0.026501,-0.179469,0.768417,1.571247
336.023713,236.089399,-0.409438,1.926739,-0.999595,0.042161,-0.209794,0.796781,1.559884
337.94936,235.09383,-0.408939,1.924514,-0.991504,0.057681,-0.234351,0.820786,1.54327
339.872669,234.106465,-0.408285,1.922071,-0.983193,0.07301,-0.253343,0.840606,1.521746
341.793448,233.127503,-0.40748,1.919465,-0.974705,0.088101,-0.266982,0.856412,1.495642
343.711562,232.157101,-0.406524,1.916748,-0.966078,0.102909,-0.275484,0.868375,1.465285
345.626925,231.19538,-0.405423,1.913972,-0.95735,0.117394,-0.279073,0.876664,1.43099
347.539501,230.242423,-0.404178,1.911183,-0.948556,0.131517,-0.27798,0.881444,1.393067
349.449301,229.298278,-0.402794,1.908427,-0.939732,0.145244,-0.272445,0.88288,1.351818
351.356381,228.362959,-0.401274,1.905748,-0.930909,0.158543,-0.262717,0.881136,1.307537
353.260836,227.436448,-0.399624,1.903186,-0.922119,0.171385,-0.249054,0.876372,1.26051
355.162804,226.518699,-0.397848,1.900779,-0.913391,0.183745,-0.231721,0.868749,1.211017
357.062457,225.609636,-0.395951,1.898563,-0.904753,0.195598,-0.210997,0.858425,1.159327
358.960003,224.709154,-0.393938,1.896569,-0.896231,0.206925,-0.187169,0.845555,1.105704
360.85568,223.817126,-0.391814,1.894829,-0.88785,0.217707,-0.160536,0.830294,1.050402
362.749753,222.933399,-0.389586,1.893367,-0.879633,0.227928,-0.131408,0.812796,0.99367
364.642514,222.057798,-0.387258,1.892208,-0.871601,0.237576,-0.100107,0.793212,0.935746
366.534276,221.190128,-0.384836,1.891371,-0.863775,0.24664,-0.066967,0.771692,0.876861
368.425369,220.330173,-0.382327,1.890873,-0.856173,0.255111,-0.032337,0.748384,0.81724
370.31614,219.477701,-0.379736,1.890728,-0.848813,0.262983,0.003422,0.723435,0.757097
372.206946,218.632461,-0.377069,1.890944,-0.84171,0.270252,0.039937,0.69699,0.69664
374.098151,217.794191,-0.374333,1.891528,-0.834878,0.276916,0.076816,0.669193,0.636068
375.990124,216.962611,-0.371533,1.89248,-0.82833,0.282974,0.113656,0.640186,0.575571
377.883234,216.137433,-0.368675,1.893799,-0.822078,0.288428,0.150038,0.61011,0.515334
379.777843,215.318354,-0.365766,1.895478,-0.816131,0.293282,0.185525,0.579105,0.45553
381.674306,214.505066,-0.362812,1.897505,-0.810498,0.29754,0.219667,0.547307,0.396327
383.572965,213.697251,-0.359817,1.899865,-0.805187,0.301211,0.251994,0.514854,0.337881
385.474141,212.894584,-0.356789,1.902538,-0.800203,0.304301,0.28202,0.481881,0.280345
387.378136,212.096735,-0.353733,1.905497,-0.79555,0.306821,0.309243,0.448521,0.223858
389.28522,211.303371,-0.350655,1.908711,-0.791233,0.308782,0.33314,0.414906,0.168555
391.195632,210.514157,-0.34756,1.912146,-0.787253,0.310197,0.35317,0.381169,0.11456
393.109572,209.728753,-0.344453,1.91576,-0.78361,0.311078,0.368773,0.347437,0.06199
395.027196,208.946825,-0.34134,1.919505,-0.780304,0.311442,0.37937,0.313839,0.010953
396.948609,208.168035,-0.338226,1.923329,-0.777332,0.311303,0.384362,0.280504,-0.038451
398.87386,207.39205,-0.335115,1.927172,-0.774692,0.310678,0.383127,0.247555,-0.086132
400.802937,206.618541,-0.332014,1.930968,-0.772379,0.309586,0.375024,0.215118,-0.132007
402.735758,205.847184,-0.328925,1.934647,-0.770388,0.308044,0.35939,0.183316,-0.176002
404.672166,205.077661,-0.325854,1.938129,-0.76871,0.306073,0.33554,0.152271,-0.218051
406.611921,204.309661,-0.322805,1.941328,-0.767339,0.30369,0.302765,0.122103,-0.258099
407.911663,203.796447,-0.320779,1.943265,-0.766588,0.301876,0.275488,0.102466,-0.283754
409.856233,203.030324,-0.317775,1.945801,-0.765702,0.298866,0.231807,0.075407,-0.316968
411.803122,202.264958,-0.314803,1.947905,-0.765068,0.295566,0.189003,0.052134,-0.341557
413.751901,201.500117,-0.311865,1.949584,-0.764647,0.292062,0.147112,0.032517,-0.357893
415.702152,200.735604,-0.308962,1.95085,-0.764405,0.288434,0.106175,0.016432,-0.36634
417.653466,199.971259,-0.306096,1.951711,-0.764307,0.28476,0.066235,0.003755,-0.367263
419.605443,199.206953,-0.303267,1.952178,-0.764319,0.281113,0.027337,-0.005636,-0.36102
421.557695,198.442594,-0.300473,1.952262,-0.764409,0.277562,-0.010475,-0.01186,-0.347968
423.509842,197.678119,-0.297715,1.951972,-0.764546,0.274175,-0.04715,-0.015032,-0.32846
425.461519,196.913495,-0.294989,1.951322,-0.7647,0.271014,-0.082639,-0.015267,-0.302844
427.412371,196.148722,-0.292294,1.950324,-0.764842,0.268137,-0.116889,-0.012674,-0.271465
429.362055,195.383824,-0.289625,1.948989,-0.764945,0.265602,-0.149845,-0.007361,-0.234661
431.310241,194.618855,-0.28698,1.947331,-0.764981,0.263461,-0.181448,0.000568,-0.19277
433.256614,193.853893,-0.284355,1.945365,-0.764925,0.261763,-0.21164,0.011011,-0.146122
435.200872,193.089044,-0.281743,1.943104,-0.764753,0.260553,-0.240358,0.023871,-0.095041
437.142728,192.324435,-0.279142,1.940563,-0.76444,0.259876,-0.267538,0.039054,-0.039848
439.08191,191.560218,-0.276544,1.937758,-0.763964,0.259769,-0.293112,0.056471,0.019141
441.018162,190.796568,-0.273944,1.934706,-0.763303,0.26027,-0.317011,0.076035,0.081618
442.951245,190.033681,-0.271337,1.931424,-0.762436,0.261412,-0.339162,0.097663,0.147279
444.880939,189.271771,-0.268714,1.927929,-0.761343,0.263225,-0.35949,0.121278,0.215828
446.807038,188.511076,-0.26607,1.92424,-0.760005,0.265737,-0.377917,0.146807,0.286974
448.729361,187.75185,-0.263397,1.920377,-0.758401,0.268973,-0.394362,0.174179,0.360431
450.647741,186.994368,-0.260688,1.91636,-0.756515,0.272953,-0.408743,0.20333,0.435924
452.562036,186.23892,-0.257935,1.912209,-0.754329,0.277697,-0.420972,0.234201,0.513182
454.472123,185.485816,-0.255131,1.907948,-0.751825,0.283221,-0.430961,0.266735,0.59194
456.377903,184.73538,-0.252268,1.903598,-0.748989,0.28954,-0.438617,0.300884,0.671944
458.279298,183.987955,-0.249338,1.899184,-0.745803,0.296664,-0.443844,0.336602,0.752946
460.176257,183.243897,-0.246332,1.89473,-0.742252,0.304601,-0.446544,0.37385,0.834704
462.068752,182.503579,-0.243243,1.890262,-0.738321,0.313359,-0.446616,0.412593,0.916987
463.956784,181.767388,-0.240062,1.885806,-0.733995,0.322942,-0.443954,0.452804,0.999571
465.840379,181.035726,-0.236781,1.881392,-0.72926,0.333351,-0.43845,0.494458,1.08224
467.719591,180.309009,-0.233392,1.877047,-0.724101,0.344586,-0.429993,0.537539,1.164788
469.594507,179.58767,-0.229887,1.872802,-0.718504,0.356646,-0.418468,0.582037,1.247017
471.46524,178.872152,-0.226257,1.868688,-0.712455,0.369525,-0.403756,0.627945,1.328738
473.331938,178.162914,-0.222494,1.864738,-0.705941,0.383218,-0.385736,0.675266,1.409771
475.194782,177.460431,-0.21859,1.860985,-0.698945,0.397718,-0.364282,0.724008,1.489948
477.053986,176.765189,-0.214537,1.857464,-0.691456,0.413014,-0.339266,0.774184,1.569109
478.9098,176.077689,-0.210327,1.854212,-0.683457,0.429096,-0.310554,0.825816,1.647103
480.762512,175.39845,-0.205952,1.851266,-0.674934,0.445952,-0.278011,0.878931,1.723791
482.612448,174.728,-0.201405,1.848665,-0.665873,0.463567,-0.241496,0.933565,1.799044
484.459971,174.066888,-0.196678,1.84645,-0.656258,0.481927,-0.200866,0.989759,1.872744
486.30549,173.415675,-0.191764,1.844662,-0.646073,0.501016,-0.155973,1.047563,1.944782
488.149452,172.774938,-0.186656,1.843345,-0.635301,0.520817,-0.106664,1.107033,2.015063
489.992352,172.145274,-0.181346,1.842544,-0.623926,0.541311,-0.052785,1.168234,2.083502
491.834728,171.527293,-0.175827,1.842305,-0.61193,0.562481,0.005823,1.231237,2.150024
493.677166,170.921626,-0.170094,1.842677,-0.599295,0.584305,0.069326,1.296122,2.214569
495.520302,170.328922,-0.164139,1.843709,-0.586001,0.606765,0.13789,1.362976,2.277086
497.364821,169.74985,-0.157956,1.845452,-0.572029,0.62984,0.211688,1.431895,2.337537
499.211461,169.185098,-0.15154,1.84796,-0.557356,0.653509,0.290896,1.502984,2.395898
501.061015,168.635378,-0.144884,1.851289,-0.541961,0.677751,0.375694,1.576354,2.452156
502.91433,168.101423,-0.137983,1.855494,-0.525821,0.702545,0.466268,1.652127,2.506311
504.153797,167.754201,-0.133238,1.858817,-0.514622,0.71939,0.530025,1.704099,2.541291
506.015423,167.248227,-0.125916,1.864593,-0.497204,0.745026,0.624125,1.777842,2.582459
507.883286,166.760023,-0.118337,1.871276,-0.479097,0.770971,0.7113,1.841808,2.603142
509.758255,166.290229,-0.110497,1.878796,-0.460399,0.797024,0.791505,1.896309,2.604259
511.641133,165.839391,-0.102396,1.887083,-0.441202,0.822994,0.864696,1.941656,2.586727
513.532653,165.407962,-0.094038,1.896066,-0.421595,0.848699,0.930827,1.978157,2.551463
515.433475,164.996307,-0.085424,1.905676,-0.401667,0.873967,0.989855,2.006121,2.499382
517.344189,164.604707,-0.07656,1.91584,-0.3815,0.898634,1.041737,2.025857,2.431399
519.265315,164.233359,-0.067454,1.926487,-0.361176,0.922545,1.086428,2.03767,2.34843
521.197299,163.882381,-0.058112,1.937544,-0.340772,0.945556,1.123886,2.041867,2.251386
523.140516,163.551816,-0.048546,1.94894,-0.320363,0.967529,1.154068,2.038752,2.141182
525.095268,163.241632,-0.038766,1.960601,-0.300021,0.988339,1.176932,2.028629,2.018728
527.061783,162.951729,-0.028784,1.972454,-0.279813,1.007866,1.192433,2.0118,1.884937
529.040216,162.681939,-0.018613,1.984425,-0.259806,1.026003,1.200532,1.988567,1.740719
531.030648,162.432029,-0.008268,1.99644,-0.240062,1.042649,1.201184,1.95923,1.586984
533.033085,162.201707,0.002235,2.008424,-0.220641,1.057713,1.194349,1.924089,1.42464
535.04746,161.990621,0.01288,2.020302,-0.201599,1.071116,1.179984,1.883441,1.254596
537.073628,161.798365,0.023651,2.031998,-0.182989,1.082783,1.158047,1.837584,1.07776
539.111371,161.624481,0.03453,2.043437,-0.164863,1.092651,1.128497,1.786812,0.895039
541.160392,161.468461,0.045498,2.054543,-0.147269,1.100667,1.091292,1.731422,0.707339
543.220319,161.329752,0.056537,2.065238,-0.130249,1.106784,1.04639,1.671706,0.515565
545.290704,161.207756,0.067627,2.075445,-0.113848,1.110968,0.99375,1.607956,0.320622
547.37102,161.101837,0.07875,2.085087,-0.098103,1.113189,0.93333,1.540462,0.123415
549.460663,161.01132,0.089884,2.094085,-0.08305,1.113431,0.865088,1.469516,-0.075153
551.55895,160.935495,0.101012,2.102362,-0.068723,1.111685,0.788981,1.395404,-0.27418
553.665121,160.873622,0.112112,2.109839,-0.055152,1.107949,0.704969,1.318413,-0.472763
555.778334,160.824931,0.123164,2.116435,-0.042363,1.102234,0.613009,1.23883,-0.67
557.897671,160.788626,0.13415,2.122072,-0.030383,1.094557,0.513059,1.156937,-0.864991
558.436179,160.781288,0.136924,2.12334,-0.027475,1.0923,0.486427,1.135829,-0.913994
560.561775,160.759356,0.147798,2.127679,-0.016523,1.082225,0.381778,1.055647,-1.098084
562.691192,160.747986,0.158562,2.130985,-0.00634,1.070395,0.279856,0.981905,-1.265193
564.823409,160.746441,0.1692,2.133285,0.003136,1.056977,0.180699,0.914441,-1.415799
566.957436,160.754045,0.179697,2.134608,0.011969,1.042133,0.084346,0.853097,-1.55038
569.092309,160.770184,0.190039,2.134981,0.020218,1.026021,-0.009165,0.797713,-1.669414
571.227092,160.794306,0.200214,2.134434,0.027943,1.008795,-0.099793,0.748135,-1.773378
573.36088,160.825914,0.210211,2.132995,0.0352,0.990602,-0.187501,0.70421,-1.862747
575.492795,160.864569,0.220023,2.130694,0.042045,0.971587,-0.272247,0.665787,-1.937997
577.621991,160.909886,0.229641,2.12756,0.048533,0.951888,-0.353991,0.632718,-1.999602
579.747649,160.961534,0.239059,2.123624,0.054717,0.931639,-0.432693,0.604859,-2.048035
581.868982,161.019235,0.248272,2.118917,0.060647,0.910969,-0.508313,0.582065,-2.083769
583.985236,161.082761,0.257277,2.113469,0.066375,0.890004,-0.580808,0.564199,-2.107276
586.095683,161.151933,0.266072,2.107311,0.071947,0.868863,-0.650138,0.551123,-2.119026
588.199632,161.22662,0.274654,2.100477,0.077413,0.847661,-0.716259,0.542705,-2.119487
590.296421,161.306738,0.283025,2.092997,0.082817,0.826509,-0.77913,0.538814,-2.109128
592.385422,161.392248,0.291185,2.084905,0.088204,0.805513,-0.838707,0.539325,-2.088416
594.466038,161.483154,0.299136,2.076234,0.093617,0.784774,-0.894947,0.544113,-2.057816
596.537708,161.579506,0.306882,2.067017,0.0991,0.764388,-0.947806,0.553061,-2.017792
598.599902,161.681391,0.314426,2.057289,0.104692,0.744448,-0.997238,0.566051,-1.968806
600.652127,161.78894,0.321773,2.047084,0.110434,0.72504,-1.0432,0.582973,-1.91132
602.693923,161.902321,0.328928,2.036437,0.116364,0.706248,-1.085644,0.603719,-1.845794
604.724865,162.021743,0.3359,2.025383,0.122521,0.68815,-1.124524,0.628185,-1.772685
606.744565,162.14745,0.342694,2.013958,0.12894,0.670818,-1.159794,0.656271,-1.692449
608.752671,162.279723,0.349319,2.002199,0.135658,0.654323,-1.191406,0.687883,-1.605542
610.748865,162.418877,0.355783,1.990143,0.142709,0.638728,-1.219311,0.72293,-1.512416
612.732869,162.565264,0.362097,1.977826,0.150128,0.624094,-1.243459,0.761326,-1.413523
614.704442,162.719266,0.368269,1.965286,0.157947,0.610475,-1.263802,0.80299,-1.309311
616.66338,162.881301,0.37431,1.952562,0.166198,0.597924,-1.280288,0.847845,-1.200228
618.609519,163.051817,0.380231,1.939693,0.174914,0.586486,-1.292866,0.895818,-1.086719
620.542732,163.231294,0.386043,1.926718,0.184125,0.576203,-1.301484,0.946844,-0.969227
622.462933,163.420241,0.391759,1.913677,0.193861,0.567113,-1.306088,1.000862,-0.848194
624.370077,163.6192,0.39739,1.90061,0.204152,0.559249,-1.306625,1.057814,-0.724058
626.264159,163.828739,0.402948,1.887558,0.215027,0.552641,-1.30304,1.117649,-0.597256
628.145213,164.049457,0.408447,1.874563,0.226514,0.547312,-1.295278,1.180323,-0.468224
630.013318,164.281981,0.413899,1.861667,0.238642,0.543282,-1.283281,1.245796,-0.337392
631.868594,164.526965,0.419317,1.848912,0.251439,0.540568,-1.266992,1.314033,-0.205191
633.711204,164.785091,0.424714,1.836342,0.264932,0.539181,-1.246353,1.385005,-0.072048
635.541353,165.05707,0.430105,1.824,0.279148,0.539129,-1.221304,1.458692,0.061611
637.359294,165.343638,0.435501,1.81193,0.294115,0.540414,-1.191784,1.535076,0.195365
639.16532,165.645559,0.440918,1.800179,0.309859,0.543035,-1.157733,1.614147,0.328793
640.959773,165.963624,0.446367,1.788791,0.326407,0.546987,-1.119088,1.695901,0.461479
642.743039,166.29865,0.451862,1.777813,0.343786,0.552261,-1.075784,1.780341,0.593009
644.515551,166.651482,0.457416,1.767291,0.362023,0.558842,-1.027758,1.867476,0.722969
646.277789,167.02299,0.463043,1.757274,0.381144,0.566714,-0.974943,1.957322,0.850953
648.030282,167.414074,0.468755,1.747808,0.401178,0.575853,-0.917273,2.049901,0.976553
649.773606,167.82566,0.474564,1.738945,0.422152,0.586236,-0.854678,2.145242,1.099367
651.508388,168.2587,0.480483,1.730732,0.444092,0.59783,-0.787091,2.243382,1.218994
651.887842,168.356655,0.481798,1.729022,0.449037,0.600532,-0.77159,2.265287,1.24477
653.613124,168.817182,0.487867,1.721657,0.472176,0.61354,-0.702032,2.361042,1.354273
655.331382,169.301312,0.494072,1.71497,0.496229,0.627568,-0.635836,2.448068,1.448905
657.043279,169.809916,0.500421,1.708929,0.521109,0.64247,-0.573063,2.526545,1.529162
658.749443,170.343778,0.506924,1.703497,0.546732,0.658105,-0.51377,2.596652,1.595544
660.450465,170.9036,0.513586,1.698641,0.573015,0.674337,-0.458017,2.658564,1.64855
662.146905,171.49,0.520412,1.694325,0.599877,0.691033,-0.405863,2.71246,1.688677
663.839283,172.103519,0.527407,1.690512,0.627238,0.708069,-0.357364,2.758517,1.716424
665.528084,172.744617,0.534574,1.687165,0.655021,0.725322,-0.312581,2.796911,1.732289
667.213757,173.413677,0.541914,1.684248,0.683151,0.742677,-0.271569,2.827818,1.736768
668.89671,174.11101,0.549428,1.681721,0.711553,0.760021,-0.234387,2.851413,1.730361
670.577316,174.836851,0.557114,1.679547,0.740156,0.777249,-0.201092,2.867872,1.713563
672.255908,175.591365,0.564972,1.677686,0.768888,0.79426,-0.171741,2.877369,1.686872
673.93278,176.374646,0.572998,1.676099,0.79768,0.810955,-0.14639,2.880078,1.650785
675.608184,177.186723,0.58119,1.674745,0.826467,0.827246,-0.125096,2.876172,1.605797
677.282333,178.027557,0.589542,1.673583,0.855182,0.843043,-0.107915,2.865825,1.552405
678.9554,178.897043,0.598049,1.672573,0.883763,0.858267,-0.094902,2.849209,1.491104
680.627515,179.795017,0.606705,1.671671,0.912146,0.872841,-0.086113,2.826495,1.42239
682.298765,180.72125,0.615503,1.670836,0.940273,0.886692,-0.081603,2.797855,1.346758
683.969195,181.675457,0.624436,1.670025,0.968084,0.899755,-0.081426,2.763459,1.264702
685.638807,182.657294,0.633495,1.669193,0.995523,0.911966,-0.085638,2.723477,1.176717
687.307559,183.666362,0.642672,1.668297,1.022536,0.923271,-0.094292,2.678078,1.083296
688.975365,184.702206,0.651958,1.667292,1.049068,0.933616,-0.107442,2.627431,0.984934
690.642092,185.764319,0.661341,1.666133,1.075067,0.942955,-0.125141,2.571703,0.882122
692.307564,186.852146,0.670813,1.664774,1.100485,0.951245,-0.147443,2.511061,0.775354
693.971558,187.96508,0.680363,1.663169,1.125273,0.95845,-0.174399,2.445671,0.665122
695.633804,189.102466,0.689978,1.66127,1.149383,0.964538,-0.206062,2.3757,0.551918
697.293985,190.263606,0.699649,1.659032,1.172772,0.96948,-0.242485,2.301311,0.436232
698.951738,191.447755,0.709364,1.656405,1.195395,0.973256,-0.283718,2.222669,0.318556
700.606649,192.654127,0.719111,1.653341,1.217212,0.975846,-0.329813,2.139937,0.199379
702.258258,193.881896,0.728877,1.649792,1.238181,0.97724,-0.38082,2.053276,0.079192
703.906054,195.130194,0.738651,1.645708,1.258265,0.977428,-0.436789,1.962849,-0.041516
705.549479,196.398118,0.748422,1.641039,1.277426,0.976409,-0.497771,1.868815,-0.162257
707.187922,197.684727,0.758176,1.635736,1.29563,0.974185,-0.563814,1.771335,-0.282543
708.820722,198.989047,0.767901,1.629746,1.312842,0.970762,-0.634969,1.670566,-0.401886
710.447168,200.310069,0.777587,1.623019,1.32903,0.966152,-0.711282,1.566667,-0.519799
712.066497,201.646756,0.78722,1.615503,1.344165,0.960372,-0.792803,1.459794,-0.635796
713.677894,202.998039,0.79679,1.607146,1.358217,0.953444,-0.87958,1.350103,-0.749392
714.454817,203.657071,0.801397,1.602782,1.364622,0.949685,-0.923487,1.296039,-0.803373
716.05283,205.027989,0.810852,1.593092,1.377033,0.941122,-1.014048,1.18736,-0.906769
717.640704,206.410787,0.820216,1.582511,1.388393,0.931598,-1.101619,1.085885,-0.995719
719.217565,207.804449,0.829481,1.57107,1.398774,0.921255,-1.186005,0.991499,-1.070703
720.782569,209.208032,0.838639,1.558802,1.408246,0.910229,-1.267016,0.904086,-1.132198
722.334905,210.620661,0.847684,1.545742,1.416879,0.898654,-1.34446,0.82353,-1.180683
723.8738,212.041532,0.856611,1.531926,1.424739,0.886657,-1.418148,0.749716,-1.216639
725.398517,213.469905,0.865416,1.517392,1.431895,0.874361,-1.48789,0.682528,-1.240545
726.908359,214.905108,0.874097,1.502181,1.438412,0.861885,-1.5535,0.621852,-1.252881
728.402669,216.346536,0.882653,1.486336,1.444353,0.849341,-1.614791,0.567573,-1.254129
729.880834,217.793645,0.891084,1.469901,1.449784,0.836838,-1.671579,0.519575,-1.244768
731.342288,219.245954,0.899391,1.45292,1.454765,0.824479,-1.723681,0.477745,-1.22528
732.78651,220.703046,0.907575,1.435443,1.459359,0.812364,-1.770914,0.441968,-1.196147
734.213026,222.164563,0.915639,1.417519,1.463625,0.800587,-1.813098,0.412128,-1.157852
735.621416,223.630206,0.923588,1.399199,1.467621,0.789236,-1.850054,0.388114,-1.110876
737.011309,225.099734,0.931425,1.380536,1.471406,0.778397,-1.881604,0.369809,-1.055703
738.382391,226.572966,0.939158,1.361585,1.475036,0.768148,-1.907574,0.357101,-0.992816
739.734403,228.049773,0.946791,1.342404,1.478566,0.758564,-1.927787,0.349876,-0.922699
741.067141,229.530083,0.954331,1.323049,1.482051,0.749716,-1.942072,0.348021,-0.845836
742.380464,231.013878,0.961788,1.303583,1.485544,0.741669,-1.950257,0.351422,-0.762712
743.674289,232.501191,0.969168,1.284065,1.489097,0.734481,-1.952173,0.359967,-0.673812
744.948598,233.992108,0.97648,1.264561,1.49276,0.72821,-1.947653,0.373542,-0.579621
746.203436,235.486765,0.983735,1.245134,1.496584,0.722905,-1.93653,0.392036,-0.480627
747.438915,236.985346,0.990942,1.225852,1.500617,0.718612,-1.918641,0.415335,-0.377315
748.655212,238.488085,0.998111,1.206784,1.504906,0.715371,-1.893824,0.443328,-0.270173
749.852578,239.99526,1.005253,1.188,1.509499,0.713219,-1.861918,0.475903,-0.159688
751.03133,241.507198,1.012379,1.16957,1.514439,0.712187,-1.822765,0.512948,-0.046349
752.191861,243.02427,1.0195,1.151569,1.519772,0.7123,-1.776208,0.554351,0.069357
753.334636,244.546888,1.026629,1.134071,1.525541,0.71358,-1.722095,0.600003,0.186939
754.460196,246.07551,1.033776,1.117153,1.531786,0.716044,-1.660271,0.649791,0.305908
755.56916,247.610633,1.040954,1.100892,1.53855,0.719702,-1.590588,0.703605,0.425775
755.617791,247.678625,1.041272,1.10019,1.538861,0.719891,-1.587325,0.706074,0.431084
756.710168,249.221108,1.048494,1.08469,1.546195,0.724785,-1.512216,0.759923,0.545976
757.787425,250.771187,1.055771,1.069952,1.554046,0.730776,-1.435149,0.80959,0.650483
758.850332,252.329358,1.063113,1.055993,1.562373,0.737761,-1.356465,0.855142,0.744856
759.899675,253.896078,1.070529,1.042827,1.571135,0.74564,-1.276502,0.896646,0.829347
760.936254,255.47176,1.078028,1.030466,1.580292,0.754316,-1.195597,0.934168,0.904212
761.960878,257.056781,1.085618,1.018917,1.589805,0.763693,-1.114085,0.967775,0.969705
762.974361,258.651477,1.093304,1.008185,1.599635,0.773679,-1.032299,0.997531,1.026081
763.97752,260.256144,1.101093,0.998271,1.609743,0.784185,-0.95057,1.023502,1.073597
764.971174,261.871044,1.108989,0.989172,1.620093,0.795123,-0.869228,1.045752,1.112512
765.956135,263.496398,1.116997,0.980884,1.630646,0.806408,-0.788598,1.064345,1.143085
766.933209,265.132392,1.125118,0.973397,1.641368,0.817957,-0.709005,1.079343,1.165575
767.903192,266.779177,1.133357,0.966699,1.652221,0.829693,-0.630773,1.09081,1.180244
768.866866,268.436868,1.141713,0.960776,1.663172,0.841537,-0.55422,1.098806,1.187356
769.824996,270.105543,1.150187,0.955608,1.674186,0.853416,-0.479665,1.103394,1.187174
770.778327,271.785249,1.158781,0.951175,1.685229,0.865257,-0.407423,1.104633,1.179963
771.727582,273.476,1.167492,0.947451,1.696268,0.876993,-0.337807,1.102583,1.165991
772.673457,275.177773,1.17632,0.944409,1.70727,0.888555,-0.271126,1.097303,1.145525
773.616617,276.890517,1.185263,0.942018,1.718203,0.899882,-0.207687,1.088852,1.118835
774.557698,278.614146,1.194317,0.940243,1.729037,0.910912,-0.147796,1.077286,1.086192
775.497297,280.348546,1.20348,0.939049,1.739739,0.921587,-0.091754,1.062663,1.047868
776.435975,282.09357,1.212747,0.938394,1.75028,0.931852,-0.03986,1.045038,1.004138
777.374252,283.849042,1.222115,0.938237,1.76063,0.941653,0.007591,1.024466,0.955277
778.3126,285.614756,1.231579,0.93853,1.77076,0.950941,0.050305,1.001001,0.901562
779.251447,287.390478,1.241132,0.939226,1.78064,0.959669,0.087993,0.974696,0.843272
780.191169,289.175945,1.25077,0.940273,1.790244,0.967792,0.120368,0.945604,0.780688
781.132091,290.970865,1.260486,0.941615,1.799543,0.975269,0.147147,0.913775,0.714092
782.074479,292.774921,1.270273,0.943196,1.808511,0.982061,0.168049,0.879261,0.643767
783.018542,294.587767,1.280125,0.944955,1.81712,0.988133,0.1828,0.842111,0.57
783.964428,296.409032,1.290033,0.946831,1.825344,0.993451,0.191124,0.802372,0.493078
784.91222,298.238319,1.299991,0.948756,1.833159,0.997985,0.192754,0.760093,0.413291
785.861933,300.075204,1.30999,0.950662,1.840538,1.001708,0.187422,0.715319,0.330929
786.813515,301.919241,1.320022,0.95248,1.847457,1.004596,0.174867,0.668097,0.246286
787.766839,303.769957,1.330079,0.954135,1.853892,1.006627,0.15483,0.618469,0.159657
788.721705,305.626855,1.340152,0.955551,1.859818,1.007784,0.127056,0.56648,0.071339
789.677835,307.489417,1.350232,0.956649,1.865214,1.008049,0.091294,0.512172,-0.018368
790.323577,308.749216,1.357033,0.95717,1.868542,1.007719,0.062523,0.474234,-0.079537
791.280982,310.620036,1.367105,0.95756,1.873005,1.00648,0.0146,0.418704,-0.167408
792.238529,312.495045,1.37716,0.957447,1.876926,1.004392,-0.038071,0.36604,-0.24915
793.195692,314.373717,1.38719,0.956784,1.880335,1.001517,-0.095192,0.316177,-0.324859
794.1519,316.255553,1.397188,0.955529,1.883259,0.997914,-0.156472,0.269049,-0.394632
795.106539,318.140082,1.407146,0.953642,1.885725,0.993643,-0.221619,0.224593,-0.458571
796.058959,320.026859,1.417059,0.951085,1.887759,0.988762,-0.290348,0.182743,-0.516779
797.008473,321.915465,1.42692,0.947824,1.889388,0.983327,-0.362378,0.143437,-0.569362
797.954361,323.805508,1.436724,0.943827,1.890636,0.977393,-0.437429,0.10661,-0.616429
798.895872,325.696619,1.446466,0.939066,1.891528,0.971016,-0.515229,0.072197,-0.658093
799.832229,327.588454,1.456143,0.933514,1.892088,0.964249,-0.595508,0.040136,-0.694469
800.762629,329.480692,1.46575,0.927148,1.892339,0.957144,-0.678,0.010363,-0.725675
801.686248,331.373035,1.475285,0.919948,1.892303,0.949752,-0.762447,-0.017187,-0.751833
802.60224,333.265209,1.484744,0.911894,1.892002,0.942124,-0.848594,-0.042575,-0.77307
803.509745,335.156959,1.494127,0.902971,1.891458,0.934307,-0.936192,-0.065866,-0.789515
804.407888,337.048051,1.50343,0.893166,1.890692,0.926349,-1.024996,-0.087122,-0.8013
805.295779,338.938274,1.512653,0.882468,1.889722,0.918296,-1.114769,-0.106407,-0.808564
806.172522,340.827435,1.521796,0.870868,1.88857,0.910192,-1.205278,-0.123783,-0.811447
807.037212,342.715359,1.530857,0.85836,1.887253,0.902081,-1.296298,-0.139313,-0.810096
807.888939,344.601891,1.539837,0.844941,1.885789,0.894004,-1.387609,-0.153059,-0.80466
808.72679,346.486895,1.548737,0.830608,1.884197,0.886001,-1.478998,-0.165084,-0.795294
809.549851,348.370249,1.557558,0.815362,1.882493,0.878111,-1.570259,-0.17545,-0.782156
810.357209,350.25185,1.5663,0.799204,1.880694,0.87037,-1.661192,-0.184219,-0.765412
811.147956,352.13161,1.574966,0.782139,1.878814,0.862814,-1.751606,-0.191454,-0.745229
811.921188,354.009456,1.583557,0.764174,1.87687,0.855476,-1.841316,-0.197216,-0.721783
812.676007,355.885332,1.592076,0.745316,1.874874,0.848388,-1.930144,-0.201567,-0.695251
813.411525,357.759193,1.600526,0.725575,1.872843,0.841581,-2.017923,-0.204569,-0.665819
814.126866,359.631009,1.608909,0.704962,1.870787,0.835081,-2.10449,-0.206283,-0.633676
814.821162,361.500764,1.617229,0.68349,1.868721,0.828916,-2.189693,-0.206771,-0.599018
815.493563,363.368452,1.625488,0.661173,1.866656,0.823108,-2.273387,-0.206094,-0.562046
816.143232,365.23408,1.633692,0.638027,1.864603,0.817682,-2.355437,-0.204313,-0.522967
816.769347,367.097665,1.641843,0.61407,1.862573,0.812655,-2.435716,-0.20149,-0.481995
817.371107,368.959237,1.649946,0.589319,1.860576,0.808047,-2.514106,-0.197685,-0.439348
817.947728,370.818832,1.658006,0.563794,1.858622,0.803873,-2.590499,-0.192959,-0.395253
818.498445,372.676499,1.666025,0.537516,1.85672,0.800146,-2.664796,-0.187373,-0.34994
819.022516,374.532292,1.67401,0.510506,1.854878,0.796878,-2.736907,-0.180988,-0.303649
819.51922,376.386276,1.681965,0.482786,1.853103,0.794076,-2.806754,-0.173864,-0.256623
819.987858,378.238522,1.689893,0.454379,1.851403,0.791747,-2.874266,-0.166061,-0.209117
820.427756,380.089109,1.697801,0.425308,1.849784,0.789894,-2.939386,-0.15764,-0.161387
820.838262,381.938119,1.705693,0.395599,1.848252,0.788519,-3.002066,-0.148662,-0.1137
821.218749,383.785643,1.713573,0.365275,1.846812,0.787619,-3.062267,-0.139185,-0.066329
821.568616,385.631775,1.721447,0.334362,1.845469,0.78719,-3.119964,-0.129271,-0.019554
821.887285,387.476615,1.729318,0.302884,1.844228,0.787225,-3.17514,-0.118979,0.026336
822.174205,389.320266,1.737193,0.270868,1.843091,0.787713,-3.227793,-0.108368,0.071047
822.428849,391.162833,1.745074,0.238337,1.842061,0.788641,-3.27793,-0.0975,0.114275
822.650716,393.004425,1.752967,0.205317,1.841142,0.789993,-3.32557,-0.086432,0.15571
822.839329,394.845153,1.760875,0.171834,1.840333,0.791748,-3.370745,-0.075225,0.195031
822.994237,396.685129,1.768803,0.13791,1.839637,0.793885,-3.4135,-0.063939,0.231913
823.115011,398.524465,1.776754,0.103572,1.839054,0.796377,-3.453889,-0.052632,0.266019
823.201249,400.363275,1.784732,0.06884,1.838585,0.799195,-3.491983,-0.041363,0.297006
823.252569,402.201672,1.792739,0.033739,1.838227,0.802306,-3.527863,-0.030192,0.324521
823.268612,404.039766,1.800779,-0.00171,1.83798,0.805673,-3.561624,-0.019179,0.348204
823.268546,404.093897,1.801016,-0.002759,1.837975,0.805776,-3.562587,-0.018857,0.348839
823.247923,405.931794,1.809092,-0.038533,1.837835,0.809369,-3.590593,-0.009587,0.369675
823.191403,407.769593,1.817204,-0.07454,1.837772,0.813164,-3.609493,-0.003491,0.389133
823.098794,409.607354,1.825356,-0.110693,1.837755,0.817147,-3.619641,-0.00041,0.407199
822.969996,411.445109,1.833548,-0.146905,1.837755,0.821304,-3.62139,-0.000185,0.423862
822.804991,413.282859,1.841782,-0.183094,1.837742,0.82562,-3.615094,-0.002659,0.439112
822.603842,415.120581,1.850061,-0.219181,1.837693,0.830081,-3.601104,-0.007673,0.452939
822.366687,416.958224,1.858384,-0.255092,1.837581,0.834674,-3.579771,-0.01507,0.465336
822.093741,418.795715,1.866754,-0.290754,1.837384,0.839383,-3.551445,-0.024694,0.476298
821.785286,420.632957,1.875172,-0.326099,1.83708,0.844195,-3.516477,-0.036389,0.485822
821.441671,422.469833,1.883639,-0.361062,1.83665,0.849095,-3.475214,-0.049999,0.493907
821.063309,424.306208,1.892154,-0.395583,1.836074,0.854068,-3.428004,-0.065369,0.500552
820.650672,426.141928,1.90072,-0.429604,1.835337,0.859101,-3.375194,-0.082343,0.505761
820.204287,427.976823,1.909337,-0.463069,1.834423,0.864179,-3.317129,-0.100769,0.509539
819.724735,429.81071,1.918004,-0.49593,1.833317,0.869287,-3.254154,-0.120492,0.511892
819.212645,431.64339,1.926722,-0.528137,1.832009,0.874412,-3.186611,-0.14136,0.512829
818.668693,433.474657,1.935492,-0.559648,1.830487,0.879539,-3.114845,-0.16322,0.512364
818.093595,435.30429,1.944313,-0.590421,1.828742,0.884655,-3.039195,-0.18592,0.510508
817.488108,437.132064,1.953185,-0.62042,1.826766,0.889745,-2.960002,-0.209311,0.50728
816.853024,438.957744,1.962108,-0.649611,1.824554,0.894796,-2.877603,-0.23324,0.502698
816.189167,440.781091,1.971081,-0.677963,1.8221,0.899794,-2.792338,-0.257559,0.496783
815.497388,442.601862,1.980104,-0.705449,1.819402,0.904727,-2.704541,-0.282118,0.489561
814.778565,444.419812,1.989175,-0.732046,1.816457,0.909581,-2.614547,-0.30677,0.481058
814.033599,446.234695,1.998295,-0.757734,1.813267,0.914344,-2.522689,-0.331366,0.471304
813.263407,448.046264,2.007462,-0.782495,1.809831,0.919003,-2.4293,-0.355761,0.460333
812.468923,449.854276,2.016674,-0.806316,1.806153,0.923547,-2.33471,-0.379807,0.44818
811.651093,451.65849,2.025932,-0.829186,1.802236,0.927963,-2.239247,-0.403361,0.434883
810.81087,453.458671,2.035233,-0.851099,1.798088,0.932241,-2.143239,-0.426277,0.420485
809.949216,455.25459,2.044576,-0.87205,1.793713,0.936369,-2.047011,-0.448412,0.405031
809.067091,457.046025,2.05396,-0.892039,1.789122,0.940338,-1.950887,-0.469623,0.38857
808.165457,458.832766,2.063383,-0.911069,1.784324,0.944137,-1.85519,-0.489769,0.371152
807.24527,460.614609,2.072842,-0.929146,1.779331,0.947758,-1.76024,-0.508708,0.352833
806.307481,462.391367,2.082337,-0.946278,1.774155,0.951191,-1.666356,-0.5263,0.333671
805.353026,464.162862,2.091865,-0.962477,1.76881,0.954429,-1.573856,-0.542407,0.313729
804.382832,465.928936,2.101425,-0.97776,1.763312,0.957463,-1.483053,-0.55689,0.293071
803.397805,467.689441,2.111014,-0.992145,1.757678,0.960288,-1.394263,-0.569612,0.271767
802.398834,469.444252,2.12063,-1.005653,1.751926,0.962897,-1.307796,-0.580437,0.249889
801.386782,471.193261,2.130271,-1.01831,1.746076,0.965284,-1.223961,-0.589229,0.227515
800.362489,472.936379,2.139935,-1.030142,1.740149,0.967446,-1.143067,-0.595854,0.204725
799.326762,474.67354,2.149619,-1.041182,1.734167,0.969378,-1.065418,-0.600179,0.181602
799.313561,474.695525,2.149742,-1.041317,1.734091,0.969401,-1.064456,-0.600219,0.181307
798.267047,476.426611,2.159445,-1.05159,1.728079,0.971094,-0.990932,-0.601386,0.156959
797.210619,478.151686,2.169163,-1.061151,1.722075,0.972533,-0.922034,-0.59885,0.130549
796.144967,479.870775,2.178895,-1.070046,1.716114,0.973698,-0.857634,-0.592854,0.102245
795.070735,481.583939,2.188636,-1.078318,1.710229,0.974572,-0.797603,-0.583638,0.072213
793.988523,483.291269,2.198385,-1.086012,1.704451,0.975137,-0.741812,-0.571446,0.040614
792.89889,484.992886,2.208138,-1.093168,1.698809,0.97538,-0.690134,-0.556517,0.007614
791.802352,486.688941,2.217892,-1.099828,1.693329,0.975285,-0.642438,-0.539094,-0.026629
790.699387,488.379606,2.227643,-1.10603,1.688035,0.974843,-0.598595,-0.519418,-0.061954
789.590433,490.065079,2.237387,-1.111812,1.682947,0.974043,-0.558476,-0.497727,-0.098202
788.475891,491.745577,2.247122,-1.117211,1.678086,0.972877,-0.521951,-0.474262,-0.135218
787.356126,493.421332,2.256844,-1.122263,1.673467,0.971337,-0.48889,-0.449263,-0.172847
786.23147,495.092597,2.266548,-1.127,1.669105,0.969418,-0.459163,-0.422969,-0.210936
785.102219,496.759632,2.276231,-1.131457,1.665011,0.967117,-0.432639,-0.395617,-0.249334
783.96864,498.422712,2.285889,-1.135663,1.661195,0.964431,-0.409188,-0.367447,-0.28789
782.830966,500.082118,2.295518,-1.13965,1.657664,0.961359,-0.388678,-0.338694,-0.326457
781.689403,501.738137,2.305115,-1.143446,1.654423,0.957902,-0.370979,-0.309598,-0.36489
780.544128,503.391061,2.314675,-1.147079,1.651473,0.954062,-0.355959,-0.280393,-0.403044
779.395292,505.04118,2.324195,-1.150574,1.648814,0.949843,-0.343485,-0.251316,-0.440778
778.243018,506.688786,2.33367,-1.153956,1.646445,0.945249,-0.333427,-0.222603,-0.477952
777.087408,508.334165,2.343098,-1.15725,1.64436,0.940286,-0.325651,-0.194487,-0.514429
775.92854,509.977599,2.352475,-1.160477,1.642553,0.934963,-0.320026,-0.167205,-0.550073
774.76647,511.61936,2.361796,-1.163657,1.641013,0.929288,-0.316418,-0.140988,-0.584751
773.601235,513.25971,2.371059,-1.166811,1.639729,0.923272,-0.314693,-0.11607,-0.618332
772.432851,514.898898,2.380261,-1.169957,1.638686,0.916925,-0.314719,-0.092685,-0.650687
771.261318,516.537158,2.389397,-1.173111,1.637869,0.910262,-0.316362,-0.071062,-0.68169
770.086621,518.174705,2.398465,-1.176289,1.637258,0.903297,-0.319488,-0.051435,-0.711217
768.908727,519.811736,2.407462,-1.179505,1.636833,0.896043,-0.323962,-0.034032,-0.739147
767.727593,521.448425,2.416385,-1.182772,1.63657,0.888519,-0.329649,-0.019084,-0.765362
766.543162,523.084921,2.425231,-1.186102,1.636442,0.880742,-0.336415,-0.006821,-0.789745
765.355365,524.721346,2.433999,-1.189504,1.636423,0.872731,-0.344124,0.002531,-0.812182
764.164127,526.357794,2.442685,-1.192987,1.636482,0.864505,-0.352641,0.008742,-0.832562
762.969362,527.994326,2.451288,-1.196559,1.636587,0.856087,-0.361829,0.011586,-0.850779
761.937904,529.403292,2.458627,-1.199709,1.636687,0.848702,-0.370172,0.011165,-0.864646
760.736327,531.04003,2.46707,-1.203461,1.636782,0.839984,-0.380275,0.007385,-0.87834
759.530947,532.676839,2.475426,-1.207316,1.636824,0.831144,-0.390791,0.000307,-0.889291
758.321658,534.313648,2.483693,-1.211278,1.636778,0.822207,-0.401694,-0.009949,-0.897616
757.108353,535.950356,2.49187,-1.215351,1.636614,0.8132,-0.412958,-0.023268,-0.903435
755.890917,537.586828,2.499957,-1.219539,1.636303,0.804147,-0.424558,-0.03953,-0.906863
754.669236,539.222902,2.507953,-1.223844,1.635814,0.79507,-0.436469,-0.058619,-0.908013
753.44319,540.858389,2.515858,-1.228269,1.635121,0.785994,-0.448668,-0.080419,-0.906997
752.212657,542.493068,2.523673,-1.232818,1.634197,0.776937,-0.461131,-0.104813,-0.903924
750.977512,544.126698,2.531397,-1.237493,1.633017,0.767922,-0.473835,-0.131686,-0.898898
749.737629,545.759009,2.539031,-1.242295,1.631556,0.758965,-0.48676,-0.160923,-0.892026
748.492878,547.389708,2.546577,-1.247228,1.629791,0.750087,-0.499882,-0.19241,-0.883405
747.243128,549.018482,2.554033,-1.252294,1.6277,0.741303,-0.513183,-0.226032,-0.873136
745.988246,550.644994,2.561403,-1.257493,1.625264,0.732629,-0.526642,-0.261676,-0.861311
744.728098,552.268887,2.568686,-1.262827,1.622461,0.724082,-0.54024,-0.299229,-0.848023
743.462547,553.889787,2.575885,-1.268298,1.619273,0.715674,-0.553959,-0.33858,-0.833359
742.191456,555.507299,2.583,-1.273906,1.615683,0.707419,-0.567781,-0.379616,-0.817404
740.914688,557.121014,2.590034,-1.279654,1.611675,0.699329,-0.581692,-0.422228,-0.800238
739.632103,558.730505,2.596988,-1.28554,1.607234,0.691418,-0.595674,-0.466305,-0.781938
738.34356,560.335332,2.603863,-1.291567,1.602345,0.683694,-0.609714,-0.511738,-0.762577
737.048921,561.935041,2.610662,-1.297735,1.596995,0.676169,-0.623797,-0.558419,-0.742223
735.748044,563.529165,2.617387,-1.304043,1.591173,0.668853,-0.637912,-0.606239,-0.720942
734.440787,565.117225,2.62404,-1.310493,1.584867,0.661754,-0.652047,-0.655092,-0.698793
733.12701,566.698734,2.630623,-1.317084,1.578068,0.65488,-0.666192,-0.704871,-0.675831
731.806571,568.273193,2.637138,-1.323817,1.570767,0.648239,-0.680337,-0.755473,-0.652108
730.479329,569.840097,2.643588,-1.330691,1.562956,0.64184,-0.694473,-0.806791,-0.62767
729.145142,571.398933,2.649976,-1.337706,1.554629,0.635688,-0.708595,-0.858724,-0.602557
727.803869,572.949181,2.656303,-1.344863,1.54578,0.629791,-0.722695,-0.911168,-0.576806
726.455369,574.490317,2.662573,-1.35216,1.536404,0.624154,-0.73677,-0.964022,-0.550447
725.099501,576.021812,2.668787,-1.359598,1.526498,0.618784,-0.750816,-1.017186,-0.523506
723.736126,577.543136,2.674949,-1.367176,1.51606,0.613686,-0.76483,-1.070559,-0.496003
722.365102,579.053753,2.681062,-1.374895,1.505087,0.608866,-0.778812,-1.124044,-0.467951
720.98629,580.553131,2.687127,-1.382753,1.493579,0.604329,-0.792763,-1.177544,-0.439359
719.59955,582.040732,2.693149,-1.39075,1.481536,0.60008,-0.806684,-1.23096,-0.41023
718.204744,583.516025,2.69913,-1.398886,1.46896,0.596126,-0.820578,-1.2842,-0.380559
716.801731,584.978475,2.705073,-1.407161,1.455853,0.592471,-0.834449,-1.337168,-0.350337
715.390375,586.427555,2.71098,-1.415575,1.442218,0.589121,-0.848305,-1.389771,-0.319547
713.970535,587.862737,2.716856,-1.424127,1.428059,0.586082,-0.862153,-1.441919,-0.288167
712.542074,589.2835,2.722703,-1.432818,1.413381,0.58336,-0.876001,-1.49352,-0.256167
711.104852,590.689328,2.728524,-1.441647,1.398191,0.580961,-0.88986,-1.544484,-0.22351
709.658733,592.079713,2.734323,-1.450615,1.382494,0.578892,-0.903743,-1.594725,-0.190155
708.203575,593.45415,2.740103,-1.459722,1.366299,0.57716,-0.917663,-1.644154,-0.156049
706.739241,594.812147,2.745868,-1.468969,1.349614,0.575774,-0.931635,-1.692688,-0.121137
705.265591,596.153218,2.75162,-1.478355,1.332448,0.57474,-0.945676,-1.74024,-0.085352
703.782483,597.476888,2.757364,-1.487883,1.314813,0.57407,-0.959806,-1.78673,-0.048623
702.289778,598.782691,2.763103,-1.497552,1.296718,0.573771,-0.974044,-1.832075,-0.01087
700.787332,600.070174,2.768841,-1.507364,1.278175,0.573856,-0.988413,-1.876195,0.027996
699.275002,601.338896,2.774581,-1.517321,1.259198,0.574335,-1.002936,-1.919011,0.06807
697.752642,602.58843,2.780329,-1.527423,1.2398,0.575222,-1.01764,-1.960447,0.109455
696.220106,603.81836,2.786087,-1.537674,1.219994,0.576529,-1.032551,-2.000427,0.152264
694.677244,605.028287,2.791861,-1.548075,1.199796,0.578272,-1.0477,-2.038877,0.196618
693.123904,606.217827,2.797654,-1.558629,1.179222,0.580467,-1.063117,-2.075724,0.242644
691.559934,607.386611,2.803472,-1.569339,1.158287,0.583131,-1.078836,-2.110896,0.290481
689.985174,608.534287,2.809318,-1.580207,1.13701,0.586283,-1.094892,-2.144325,0.340275
688.399466,609.660522,2.815199,-1.591238,1.115407,0.589944,-1.111322,-2.175943,0.39218
686.802644,610.764999,2.821119,-1.602435,1.093497,0.594134,-1.128165,-2.205682,0.446362
685.194539,611.84742,2.827083,-1.613802,1.0713,0.598879,-1.145462,-2.233479,0.502993
683.57498,612.907509,2.833098,-1.625346,1.048834,0.604203,-1.163257,-2.259271,0.562256
681.943788,613.945006,2.83917,-1.637069,1.026121,0.610134,-1.181594,-2.282995,0.624344
680.300779,614.959676,2.845303,-1.648979,1.003181,0.6167,-1.200521,-2.304593,0.689458
678.645765,615.951301,2.851506,-1.661082,0.980037,0.623934,-1.220089,-2.324007,0.75781
676.978549,616.919688,2.857784,-1.673384,0.956709,0.631868,-1.240348,-2.341181,0.829621
675.298929,617.864665,2.864146,-1.685891,0.933221,0.640538,-1.261352,-2.356059,0.905124
673.606695,618.786083,2.870598,-1.698613,0.909595,0.649983,-1.283158,-2.368591,0.984559
671.901629,619.683818,2.877148,-1.711557,0.885857,0.660243,-1.305825,-2.378725,1.068179
670.183503,620.557767,2.883805,-1.724733,0.862029,0.671362,-1.329413,-2.386412,1.156246
669.707335,620.794597,2.885661,-1.728408,0.855445,0.674585,-1.336088,-2.388095,1.181352
667.972208,621.638094,2.892468,-1.741885,0.831541,0.68684,-1.358588,-2.39208,1.268082
666.223497,622.457673,2.899401,-1.755568,0.807615,0.699914,-1.37744,-2.392622,1.345021
664.461015,623.253328,2.906468,-1.769422,0.7837,0.713709,-1.392699,-2.389883,1.412374
662.684609,624.025087,2.913677,-1.78341,0.759828,0.72813,-1.404423,-2.384021,1.470345
660.894161,624.773008,2.921033,-1.797499,0.736029,0.743085,-1.41267,-2.375197,1.51914
659.08959,625.49718,2.92854,-1.811652,0.712333,0.758483,-1.417498,-2.363568,1.558962
657.270846,626.197718,2.936204,-1.825837,0.688767,0.774235,-1.418966,-2.349293,1.590017
655.437916,626.874765,2.944026,-1.84002,0.665356,0.790255,-1.417134,-2.332529,1.612509
653.590817,627.528489,2.952009,-1.854169,0.642124,0.806458,-1.412065,-2.313432,1.626643
651.7296,628.159081,2.960155,-1.868251,0.619094,0.822761,-1.403819,-2.292159,1.632623
649.854347,628.766752,2.968465,-1.882235,0.596288,0.839084,-1.392461,-2.268864,1.630654
647.965173,629.351737,2.976937,-1.89609,0.573723,0.855348,-1.378054,-2.243701,1.62094
646.06222,629.914286,2.985571,-1.909786,0.551419,0.871477,-1.360663,-2.216825,1.603686
644.145663,630.454668,2.994366,-1.923294,0.529392,0.887397,-1.340355,-2.188387,1.579097
642.215705,630.973167,3.003318,-1.936584,0.507656,0.903035,-1.317196,-2.15854,1.547376
640.272577,631.470082,3.012425,-1.949628,0.486225,0.918322,-1.291256,-2.127434,1.508727
638.316539,631.945723,3.021683,-1.9624,0.465111,0.933187,-1.262605,-2.095219,1.463355
636.347877,632.400413,3.031087,-1.974872,0.444324,0.947567,-1.231312,-2.062044,1.411463
634.366904,632.834483,3.040633,-1.987018,0.423873,0.961396,-1.19745,-2.028057,1.353256
632.373959,633.248274,3.050313,-1.998812,0.403765,0.974612,-1.161094,-1.993404,1.288936
630.369404,633.64213,3.060123,-2.010231,0.384007,0.987155,-1.122316,-1.958232,1.218707
628.353629,634.016405,3.070054,-2.021251,0.364602,0.998967,-1.081195,-1.922684,1.142772
626.327043,634.371453,3.080099,-2.031848,0.345554,1.009992,-1.037806,-1.886905,1.061335
624.290082,634.707632,3.090251,-2.042,0.326864,1.020176,-0.99223,-1.851036,0.974596
622.243199,635.025301,3.1005,-2.051685,0.308533,1.029467,-0.944546,-1.815219,0.88276
620.186873,635.324817,3.110837,-2.060884,0.290559,1.037815,-0.894836,-1.779593,0.786028
618.121601,635.606537,3.121253,-2.069576,0.27294,1.045172,-0.843184,-1.744297,0.684602
616.047897,635.870814,3.131737,-2.077741,0.255672,1.051492,-0.789675,-1.709468,0.578684
613.966299,636.117995,3.142279,-2.085363,0.238749,1.056731,-0.734395,-1.675242,0.468475
611.877358,636.348424,3.152868,-2.092424,0.222164,1.060848,-0.677432,-1.641753,0.354175
609.781644,636.562434,3.163492,-2.098907,0.205911,1.063802,-0.618877,-1.609135,0.235987
607.679743,636.760352,3.17414,-2.104796,0.189978,1.065555,-0.558821,-1.577519,0.114109
605.572254,636.942494,3.184799,-2.110078,0.174356,1.066072,-0.497357,-1.547036,-0.011258
603.459793,637.109165,3.195457,-2.114739,0.159033,1.065319,-0.434581,-1.517813,-0.139915
601.342988,637.260656,3.206101,-2.118766,0.143996,1.063264,-0.370588,-1.489978,-0.271662
599.222477,637.397246,3.216718,-2.122147,0.129229,1.059876,-0.305479,-1.463657,-0.4063
597.098912,637.519199,3.227294,-2.124872,0.114717,1.055129,-0.239352,-1.438974,-0.543632
594.972955,637.62676,3.237816,-2.126931,0.100443,1.048995,-0.172312,-1.416051,-0.68346
592.845275,637.720159,3.248269,-2.128316,0.08639,1.041452,-0.104461,-1.395008,-0.825585
590.716551,637.799606,3.25864,-2.129018,0.072537,1.032476,-0.035907,-1.375964,-0.969812
588.587469,637.865292,3.268914,-2.129032,0.058863,1.022049,0.033242,-1.359037,-1.115943
586.458719,637.917385,3.279076,-2.128351,0.045348,1.010152,0.102876,-1.344342,-1.263782
584.521594,637.953116,3.288218,-2.127125,0.033163,0.998029,0.166597,-1.333001,-1.399695
582.395418,637.979631,3.298126,-2.125114,0.019885,0.983297,0.235164,-1.323077,-1.54503
580.27159,637.992913,3.30788,-2.122432,0.006692,0.967158,0.300605,-1.315921,-1.681275
578.150766,637.993034,3.317465,-2.119112,-0.006442,0.949702,0.362925,-1.311381,-1.808562
576.033569,637.980039,3.32687,-2.115184,-0.019544,0.931017,0.42213,-1.309308,-1.927025
573.92059,637.953949,3.336081,-2.11068,-0.032636,0.91119,0.478226,-1.309552,-2.036798
571.812392,637.914762,3.34509,-2.10563,-0.045742,0.890309,0.531224,-1.311965,-2.138017
569.709502,637.862453,3.353884,-2.100066,-0.058882,0.868458,0.581135,-1.316401,-2.230819
567.612422,637.796979,3.362456,-2.094017,-0.072076,0.84572,0.627971,-1.322713,-2.315341
565.521618,637.718277,3.370796,-2.087516,-0.085342,0.822178,0.671746,-1.330759,-2.391723
563.43753,637.626265,3.378897,-2.080593,-0.098697,0.797913,0.712479,-1.340396,-2.460103
561.360564,637.520848,3.386752,-2.073277,-0.112155,0.773002,0.750187,-1.351482,-2.520623
559.291097,637.401915,3.394355,-2.065599,-0.125731,0.747526,0.784892,-1.363879,-2.573425
557.229477,637.269343,3.401701,-2.057589,-0.139437,0.721559,0.816616,-1.377449,-2.618652
555.17602,637.122995,3.408785,-2.049276,-0.153283,0.695178,0.845387,-1.392056,-2.656448
553.131015,636.962726,3.415604,-2.040691,-0.167281,0.668454,0.871231,-1.407565,-2.686959
551.09472,636.78838,3.422153,-2.031861,-0.181437,0.641462,0.89418,-1.423844,-2.710332
549.067364,636.599796,3.428432,-2.022817,-0.19576,0.614271,0.914267,-1.440763,-2.726715
547.049148,636.396803,3.434438,-2.013586,-0.210254,0.586951,0.931528,-1.458192,-2.736256
545.040246,636.179229,3.440171,-2.004196,-0.224925,0.559568,0.946002,-1.476006,-2.739108
543.040801,635.946894,3.44563,-1.994675,-0.239775,0.53219,0.95773,-1.49408,-2.735421
541.050931,635.699618,3.450815,-1.98505,-0.254807,0.504881,0.966758,-1.512291,-2.72535
539.070726,635.437219,3.455728,-1.975348,-0.270021,0.477704,0.973132,-1.53052,-2.709049
537.100251,635.159515,3.46037,-1.965596,-0.285417,0.45072,0.976905,-1.548648,-2.686674
535.139543,634.866325,3.464743,-1.955819,-0.300993,0.42399,0.978129,-1.566559,-2.658384
533.188614,634.557469,3.468851,-1.946042,-0.316747,0.397572,0.976862,-1.584141,-2.624336
531.247451,634.232772,3.472696,-1.93629,-0.332675,0.371522,0.973166,-1.601283,-2.584692
529.316018,633.892063,3.476282,-1.926586,-0.348771,0.345896,0.967103,-1.617876,-2.539615
527.394254,633.535176,3.479615,-1.916955,-0.36503,0.320747,0.958743,-1.633815,-2.489267
525.482076,633.161951,3.482699,-1.907419,-0.381445,0.296128,0.948156,-1.648996,-2.433815
523.579378,632.772237,3.48554,-1.897999,-0.398007,0.272088,0.935418,-1.663319,-2.373425
521.686032,632.365891,3.488143,-1.888717,-0.414708,0.248675,0.920608,-1.676686,-2.308266
519.80189,631.942779,3.490515,-1.879594,-0.431537,0.225938,0.903809,-1.689003,-2.238507
517.926785,631.502777,3.492664,-1.870648,-0.448484,0.20392,0.885107,-1.700177,-2.164322
516.06053,631.045775,3.494596,-1.861898,-0.465537,0.182665,0.864594,-1.71012,-2.085884
514.202919,630.571673,3.49632,-1.853361,-0.482682,0.162216,0.842365,-1.718744,-2.003368
512.35373,630.080384,3.497844,-1.845056,-0.499907,0.142611,0.818519,-1.725967,-1.916952
510.512725,629.571837,3.499175,-1.836996,-0.517197,0.123889,0.79316,-1.731709,-1.826813
508.679651,629.045975,3.500324,-1.829197,-0.534536,0.106087,0.766396,-1.735894,-1.733135
506.85424,628.502754,3.5013,-1.821672,-0.551909,0.089238,0.73834,-1.738447,-1.636098
505.036211,627.942151,3.502112,-1.814434,-0.569299,0.073375,0.709109,-1.739298,-1.535888
503.225272,627.364156,3.502771,-1.807494,-0.586689,0.05853,0.678825,-1.738381,-1.432691
501.42112,626.768779,3.503287,-1.800861,-0.604061,0.044731,0.647615,-1.735631,-1.326696
499.623445,626.156047,3.503669,-1.794544,-0.621395,0.032005,0.615611,-1.730989,-1.218093
497.831924,625.526006,3.50393,-1.788551,-0.638674,0.020377,0.582948,-1.724399,-1.107074
496.046233,624.878724,3.504081,-1.782887,-0.655877,0.009871,0.549768,-1.715806,-0.993834
494.266039,624.214285,3.504131,-1.777557,-0.672983,0.000507,0.516218,-1.705163,-0.87857
492.813351,623.657958,3.504107,-1.773446,-0.686894,-0.006291,0.488599,-1.694897,-0.782893
491.042291,622.962614,3.504007,-1.76873,-0.703768,-0.013541,0.454638,-1.679267,-0.668205
489.275778,622.250481,3.50384,-1.764354,-0.720465,-0.019675,0.420426,-1.659325,-0.559382
487.513469,621.521758,3.503617,-1.760322,-0.736941,-0.024748,0.386033,-1.635255,-0.456372
485.75502,620.776686,3.503349,-1.756634,-0.753157,-0.028821,0.351527,-1.607237,-0.359119
484.000086,620.015544,3.503044,-1.753291,-0.769073,-0.03195,0.316977,-1.575451,-0.26757
482.248322,619.238651,3.502713,-1.750294,-0.784654,-0.034191,0.282448,-1.540078,-0.181669
480.499383,618.44636,3.502363,-1.747642,-0.799863,-0.035602,0.248004,-1.501294,-0.10136
478.752924,617.639059,3.502003,-1.745334,-0.814669,-0.036237,0.21371,-1.459277,-0.026585
477.008602,616.817168,3.501641,-1.743367,-0.829039,-0.036152,0.179626,-1.414202,0.042713
475.266076,615.981137,3.501282,-1.74174,-0.842943,-0.035401,0.145815,-1.366243,0.106593
473.525009,615.131446,3.500935,-1.74045,-0.856355,-0.034038,0.112335,-1.315573,0.165115
471.785066,614.268601,3.500603,-1.739492,-0.869246,-0.032116,0.079244,-1.262364,0.218339
470.045916,613.393134,3.500294,-1.738863,-0.881594,-0.029689,0.046601,-1.206784,0.266326
468.307231,612.505602,3.500011,-1.738558,-0.893375,-0.026807,0.01446,-1.149001,0.309138
466.568692,611.606581,3.499759,-1.738572,-0.904567,-0.023523,-0.017123,-1.089184,0.34684
464.829983,610.69667,3.499542,-1.738899,-0.915152,-0.019887,-0.048095,-1.027495,0.379495
463.090793,609.776485,3.499362,-1.739532,-0.925111,-0.015949,-0.078403,-0.964098,0.407168
461.350819,608.846661,3.499224,-1.740465,-0.934429,-0.01176,-0.107996,-0.899155,0.429926
459.609766,607.907846,3.499128,-1.741689,-0.94309,-0.007367,-0.136823,-0.832823,0.447837
457.867346,606.960705,3.499077,-1.743198,-0.951081,-0.002819,-0.164835,-0.765261,0.460967
456.123277,606.005911,3.499072,-1.744983,-0.958391,0.001837,-0.191983,-0.696623,0.469388
454.37729,605.044152,3.499114,-1.747035,-0.965011,0.006553,-0.218219,-0.627063,0.473169
452.629122,604.076123,3.499203,-1.749344,-0.97093,0.011285,-0.243498,-0.556731,0.472383
450.878519,603.102527,3.499339,-1.751902,-0.976143,0.015986,-0.267773,-0.485775,0.467102
449.12524,602.124074,3.499522,-1.754696,-0.980644,0.020612,-0.290999,-0.414343,0.4574
447.369051,601.141478,3.499751,-1.757718,-0.984429,0.025119,-0.313133,-0.342577,0.443354
445.609732,600.155456,3.500024,-1.760955,-0.987495,0.029465,-0.334131,-0.27062,0.425039
443.847073,599.166728,3.50034,-1.764397,-0.989841,0.033606,-0.353951,-0.19861,0.402533
442.080875,598.176013,3.500696,-1.76803,-0.991467,0.037502,-0.372551,-0.126684,0.375916
440.310952,597.184032,3.501089,-1.771843,-0.992376,0.041111,-0.38989,-0.054975,0.345268
438.537132,596.191501,3.501517,-1.775824,-0.992568,0.044394,-0.405929,0.016386,0.31067
436.759254,595.199133,3.501976,-1.779958,-0.992049,0.047312,-0.420628,0.08727,0.272207
434.977171,594.207637,3.502462,-1.784232,-0.990825,0.049826,-0.433947,0.157551,0.229962
433.190749,593.217717,3.502971,-1.788632,-0.988901,0.051898,-0.445849,0.227108,0.184021
431.39987,592.230066,3.503498,-1.793144,-0.986285,0.053494,-0.456296,0.295821,0.134472
429.604429,591.245373,3.504039,-1.797753,-0.982988,0.054576,-0.465252,0.363572,0.081404
427.804337,590.264315,3.504588,-1.802444,-0.979018,0.055111,-0.472679,0.430249,0.024906
425.99952,589.287559,3.505139,-1.807201,-0.974387,0.055063,-0.478542,0.49574,-0.034929
424.189918,588.315758,3.505687,-1.812009,-0.969107,0.054401,-0.482805,0.55994,-0.098008
422.37549,587.349556,3.506225,-1.816852,-0.963192,0.053093,-0.485434,0.622743,-0.164236
420.556209,586.38958,3.506746,-1.821712,-0.956657,0.051106,-0.486394,0.684049,-0.233516
418.732065,585.436444,3.507245,-1.826574,-0.949517,0.048412,-0.48565,0.743762,-0.305752
416.903066,584.490743,3.507712,-1.831419,-0.941788,0.044982,-0.48317,0.801787,-0.380842
415.069237,583.553059,3.508142,-1.836231,-0.933487,0.040786,-0.47892,0.858033,-0.458687
413.230621,582.623954,3.508525,-1.840992,-0.924633,0.035799,-0.472866,0.912416,-0.539182
412.818576,582.417294,3.508604,-1.842048,-0.922578,0.034572,-0.471262,0.92432,-0.557545
410.974185,581.499424,3.508921,-1.846722,-0.913079,0.028592,-0.463278,0.974605,-0.637823
409.125161,580.591295,3.509173,-1.85131,-0.903104,0.02183,-0.454086,1.019589,-0.713967
407.271598,579.693358,3.509355,-1.8558,-0.892705,0.014326,-0.443701,1.05942,-0.786
405.413599,578.80601,3.509458,-1.86018,-0.881932,0.006123,-0.432141,1.094245,-0.853943
403.551279,577.929601,3.509475,-1.864439,-0.870836,-0.002739,-0.419435,1.124211,-0.917823
401.684766,577.064431,3.509401,-1.868565,-0.859464,-0.01222,-0.405612,1.149465,-0.977662
399.814198,576.210751,3.509229,-1.872547,-0.847862,-0.022279,-0.390712,1.170153,-1.033487
397.939723,575.368769,3.508953,-1.876375,-0.836075,-0.032876,-0.374775,1.186422,-1.085324
396.061502,574.538647,3.508569,-1.880039,-0.824148,-0.043972,-0.357852,1.198419,-1.133199
394.179702,573.720507,3.508072,-1.883529,-0.812121,-0.055527,-0.339993,1.206289,-1.177141
392.294504,572.914426,3.507458,-1.886836,-0.800035,-0.067502,-0.321256,1.210179,-1.217177
390.406093,572.120443,3.506721,-1.889952,-0.78793,-0.079858,-0.301702,1.210235,-1.253338
388.514667,571.33856,3.505859,-1.892868,-0.775843,-0.092556,-0.281398,1.206603,-1.285652
386.620426,570.56874,3.504869,-1.895577,-0.76381,-0.105558,-0.26041,1.199427,-1.314151
384.723583,569.810911,3.503747,-1.898074,-0.751865,-0.118826,-0.238813,1.188855,-1.338866
382.824351,569.064969,3.502492,-1.900352,-0.740043,-0.132323,-0.216682,1.175031,-1.359829
380.922953,568.330774,3.5011,-1.902406,-0.728375,-0.146011,-0.194095,1.158101,-1.377074
379.019615,567.608157,3.499571,-1.904233,-0.716891,-0.159852,-0.171134,1.13821,-1.390633
377.114565,566.89692,3.497903,-1.905828,-0.70562,-0.173811,-0.147881,1.115503,-1.400542
375.208037,566.196836,3.496094,-1.90719,-0.69459,-0.187851,-0.124424,1.090125,-1.406836
373.300265,565.507651,3.494145,-1.908316,-0.683826,-0.201936,-0.100849,1.062222,-1.409552
371.391484,564.829087,3.492056,-1.909206,-0.673353,-0.21603,-0.077246,1.031937,-1.408726
369.48193,564.16084,3.489825,-1.909861,-0.663195,-0.230099,-0.053705,0.999417,-1.404396
367.57184,563.502585,3.487454,-1.910281,-0.653372,-0.244107,-0.030318,0.964806,-1.396601
365.661446,562.853977,3.484943,-1.910468,-0.643905,-0.258019,-0.007178,0.928247,-1.38538
363.75098,562.214649,3.482294,-1.910426,-0.634813,-0.271803,0.015623,0.889887,-1.370775
361.84067,561.58422,3.479508,-1.910157,-0.626113,-0.285424,0.037992,0.849869,-1.352825
359.930739,560.962287,3.476586,-1.909668,-0.617821,-0.298848,0.059834,0.808338,-1.331573
358.021406,560.348437,3.473531,-1.908963,-0.609951,-0.312044,0.081058,0.765438,-1.307062
356.112883,559.74224,3.470346,-1.908049,-0.602516,-0.324979,0.101569,0.721313,-1.279336
354.205375,559.143256,3.467033,-1.906934,-0.595528,-0.33762,0.121278,0.676109,-1.248439
352.29908,558.551032,3.463595,-1.905626,-0.588997,-0.349937,0.140093,0.629968,-1.214417
350.394184,557.965107,3.460035,-1.904135,-0.582931,-0.361898,0.157923,0.583036,-1.177317
348.490866,557.385011,3.456358,-1.902471,-0.577339,-0.373473,0.174683,0.535455,-1.137185
346.589295,556.81027,3.452567,-1.900646,-0.572224,-0.384632,0.190285,0.487372,-1.094069
344.689625,556.240402,3.448667,-1.89867,-0.567592,-0.395345,0.204645,0.438929,-1.048019
342.792001,555.674923,3.444662,-1.896557,-0.563446,-0.405583,0.217682,0.39027,-0.999086
340.896552,555.113347,3.440557,-1.894321,-0.559787,-0.415317,0.229318,0.34154,-0.947318
339.003396,554.555187,3.436357,-1.891976,-0.556615,-0.42452,0.239474,0.292883,-0.892769
337.112632,553.999955,3.432068,-1.889537,-0.553929,-0.433164,0.24808,0.244442,-0.835491
335.224348,553.447168,3.427696,-1.887019,-0.551725,-0.441221,0.255064,0.196362,-0.775538
333.338614,552.896345,3.423246,-1.884441,-0.55,-0.448666,0.260362,0.148787,-0.712965
331.455481,552.347011,3.418725,-1.881818,-0.548747,-0.455472,0.263911,0.101861,-0.647826
329.574987,551.798696,3.414139,-1.879169,-0.54796,-0.461614,0.265654,0.055727,-0.580179
327.697147,551.250939,3.409495,-1.876511,-0.54763,-0.467067,0.265536,0.010529,-0.51008
325.821961,550.703288,3.4048,-1.873864,-0.547746,-0.471807,0.26351,-0.033587,-0.437588
323.949408,550.155302,3.400061,-1.871247,-0.548297,-0.475811,0.259532,-0.076479,-0.362763
322.079449,549.606553,3.395286,-1.86868,-0.549271,-0.479055,0.253563,-0.118002,-0.285665
320.212024,549.056624,3.390483,-1.866183,-0.550652,-0.481517,0.24557,-0.158012,-0.206355
318.347053,548.505118,3.385658,-1.863776,-0.552426,-0.483175,0.235528,-0.196365,-0.124895
316.484436,547.951648,3.380822,-1.861479,-0.554574,-0.484008,0.223413,-0.232917,-0.041348
316.187411,547.86312,3.380049,-1.861125,-0.55495,-0.484063,0.221287,-0.238574,-0.027827
314.32737,547.306921,3.375209,-1.858984,-0.557505,-0.483923,0.206213,-0.27184,0.05518
312.469387,546.748006,3.370374,-1.857009,-0.560373,-0.482972,0.188369,-0.301104,0.134439
310.613287,546.186083,3.365552,-1.855224,-0.563514,-0.481247,0.168307,-0.326438,0.209973
308.758869,545.6209,3.360751,-1.853649,-0.566889,-0.478785,0.146521,-0.34792,0.281809
306.905914,545.05224,3.355979,-1.852298,-0.57046,-0.475623,0.123449,-0.365632,0.349969
305.054193,544.479927,3.351241,-1.851183,-0.574189,-0.471798,0.09947,-0.379659,0.41448
303.203467,543.90382,3.346545,-1.850311,-0.578041,-0.467345,0.074916,-0.390092,0.475365
301.353489,543.323816,3.341896,-1.849686,-0.58198,-0.462302,0.050067,-0.397025,0.532649
299.504012,542.739844,3.337301,-1.84931,-0.58597,-0.456704,0.025155,-0.400558,0.586356
297.654787,542.151869,3.332764,-1.849182,-0.58998,-0.450587,0.000372,-0.400792,0.636512
295.805566,541.559889,3.32829,-1.849301,-0.593976,-0.443986,-0.024135,-0.397836,0.68314
293.956103,540.963933,3.323885,-1.849664,-0.597926,-0.436936,-0.048257,-0.3918,0.726268
292.106159,540.364061,3.319553,-1.850265,-0.601802,-0.429472,-0.071919,-0.382799,0.76592
290.255495,539.760364,3.315297,-1.8511,-0.605573,-0.421629,-0.095082,-0.370953,0.802125
288.403882,539.15296,3.311122,-1.852165,-0.609212,-0.413441,-0.117737,-0.356385,0.834909
286.551091,538.541994,3.307029,-1.853453,-0.612692,-0.404942,-0.139903,-0.339223,0.8643
284.696902,537.927638,3.303024,-1.854961,-0.615988,-0.396166,-0.161623,-0.319597,0.890329
282.841096,537.310087,3.299107,-1.856685,-0.619076,-0.387147,-0.182967,-0.297643,0.913024
280.983462,536.689563,3.295281,-1.85862,-0.621933,-0.377917,-0.20402,-0.2735,0.932418
279.123787,536.066305,3.291549,-1.860764,-0.624539,-0.368509,-0.224888,-0.247311,0.948543
277.261863,535.440575,3.287912,-1.863117,-0.626873,-0.358957,-0.245692,-0.219223,0.961433
275.397483,534.812654,3.28437,-1.865679,-0.628918,-0.349291,-0.266563,-0.189386,0.971122
273.530437,534.182842,3.280926,-1.868449,-0.630656,-0.339545,-0.287643,-0.157955,0.977649
271.660513,533.55145,3.27758,-1.871433,-0.632072,-0.329749,-0.309082,-0.125088,0.981049
269.787499,532.918809,3.274331,-1.874633,-0.633153,-0.319934,-0.331031,-0.090946,0.981365
267.911174,532.285259,3.271181,-1.878055,-0.633887,-0.310132,-0.353648,-0.055696,0.978637
266.031312,531.651154,3.268129,-1.881708,-0.634264,-0.300371,-0.377084,-0.019506,0.972909
264.147678,531.016853,3.265173,-1.8856,-0.634275,-0.290683,-0.40149,0.017451,0.964226
262.260028,530.382728,3.262315,-1.889742,-0.633913,-0.281097,-0.427011,0.054999,0.952636
260.368107,529.749153,3.259551,-1.894145,-0.633174,-0.27164,-0.453782,0.092957,0.938188
258.471647,529.116508,3.256881,-1.898822,-0.632053,-0.262342,-0.481925,0.131143,0.920935
256.570366,528.485174,3.254304,-1.903788,-0.630551,-0.253231,-0.511551,0.169369,0.90093
254.663969,527.855534,3.251816,-1.909058,-0.628666,-0.244332,-0.542751,0.207445,0.878231
252.752143,527.227968,3.249416,-1.914649,-0.626403,-0.235675,-0.5756,0.245177,0.852895
250.834559,526.602854,3.247102,-1.920576,-0.623765,-0.227283,-0.610146,0.282368,0.824986
248.910873,525.980562,3.244869,-1.926857,-0.620758,-0.219183,-0.646417,0.318818,0.794567
246.980721,525.361458,3.242717,-1.93351,-0.617391,-0.2114,-0.684412,0.354321,0.761706
245.043723,524.745896,3.24064,-1.940551,-0.613675,-0.203957,-0.724097,0.388673,0.726472
243.099483,524.13422,3.238636,-1.947997,-0.609622,-0.196878,-0.76541,0.421661,0.68894
241.147588,523.526758,3.236701,-1.955865,-0.605247,-0.190186,-0.80825,0.453071,0.649184
239.187609,522.923827,3.234831,-1.964167,-0.600567,-0.183902,-0.85248,0.482689,0.607285
237.219104,522.32572,3.233022,-1.972918,-0.5956,-0.178047,-0.897921,0.510292,0.563326
235.24162,521.732714,3.231269,-1.982129,-0.590369,-0.172642,-0.944351,0.535657,0.517392
233.254691,521.145063,3.229568,-1.991808,-0.584895,-0.167705,-0.991504,0.558559,0.469572
231.257846,520.562996,3.227913,-2.00196,-0.579206,-0.163256,-1.039061,0.578768,0.41996
229.250611,519.986713,3.226301,-2.012589,-0.57333,-0.159312,-1.086656,0.596052,0.368653
227.23251,519.416389,3.224725,-2.023692,-0.567296,-0.155888,-1.133867,0.610173,0.31575
225.203071,518.852163,3.223181,-2.035263,-0.561138,-0.153002,-1.180216,0.620896,0.261357
223.161831,518.294143,3.221663,-2.047292,-0.55489,-0.150666,-1.225166,0.627976,0.205582
221.108341,517.7424,3.220166,-2.05976,-0.548591,-0.148894,-1.268117,0.631171,0.148535
219.042172,517.196965,3.218684,-2.072645,-0.54228,-0.147699,-1.308405,0.630233,0.090335
217.930297,516.907454,3.217894,-2.079707,-0.538911,-0.1473,-1.328635,0.627945,0.058734
215.843899,516.371675,3.216423,-2.093125,-0.532654,-0.146997,-1.349699,0.62404,0.002903
213.744029,515.842139,3.214952,-2.106599,-0.52642,-0.147219,-1.340124,0.623173,-0.046167
211.630783,515.318837,3.213477,-2.119829,-0.52018,-0.147899,-1.301186,0.625195,-0.088673
209.504548,514.801789,3.211993,-2.132529,-0.513907,-0.148971,-1.234229,0.629949,-0.124821
207.365993,514.291043,3.210496,-2.144425,-0.507573,-0.150375,-1.140656,0.637273,-0.154831
205.216052,513.786672,3.208984,-2.155258,-0.501153,-0.152048,-1.021929,0.646998,-0.178934
203.055912,513.288773,3.207455,-2.164785,-0.494625,-0.153935,-0.879557,0.658952,-0.197367
200.886994,512.797465,3.205905,-2.172776,-0.487968,-0.155978,-0.715098,0.672954,-0.210379
198.710943,512.312887,3.204335,-2.179018,-0.48116,-0.158125,-0.530149,0.688823,-0.218228
196.529606,511.8352,3.202742,-2.183316,-0.474186,-0.160326,-0.326346,0.706373,-0.221176
194.34502,511.364578,3.201128,-2.185488,-0.467028,-0.162533,-0.105354,0.725415,-0.219496
192.159393,510.90121,3.199492,-2.185371,-0.459673,-0.164701,0.131134,0.745756,-0.213463
189.975089,510.445301,3.197834,-2.182819,-0.452109,-0.166789,0.381403,0.767204,-0.203359
187.794609,509.997065,3.196157,-2.177703,-0.444326,-0.168756,0.643723,0.789564,-0.189471
185.620575,509.556726,3.19446,-2.169911,-0.436315,-0.170566,0.91635,0.81264,-0.172087
183.455711,509.124513,3.192746,-2.159348,-0.428071,-0.172187,1.197534,0.836236,-0.151502
181.302829,508.700663,3.191017,-2.145937,-0.419589,-0.173587,1.485523,0.860159,-0.12801
179.164806,508.285414,3.189275,-2.12962,-0.410868,-0.174738,1.778566,0.884213,-0.101905
177.044571,507.879007,3.187523,-2.110355,-0.401905,-0.175617,2.074921,0.908206,-0.073486
174.945087,507.481683,3.185764,-2.088117,-0.392704,-0.176201,2.372859,0.931947,-0.043048
172.869331,507.093677,3.184,-2.062898,-0.383268,-0.176472,2.670667,0.955248,-0.010886
170.820281,506.715224,3.182235,-2.034709,-0.373601,-0.176414,2.966655,0.977926,0.022705
168.800894,506.346549,3.180473,-2.003577,-0.363712,-0.176014,3.259158,0.999799,0.057436
166.814094,505.987871,3.178716,-1.969543,-0.353609,-0.175263,3.546546,1.020691,0.093019
164.862755,505.639399,3.176969,-1.932668,-0.343302,-0.174152,3.827224,1.040431,0.12917
162.949681,505.30133,3.175234,-1.893026,-0.332805,-0.172678,4.099639,1.058853,0.165611
161.077595,504.973849,3.173516,-1.850708,-0.32213,-0.17084,4.362285,1.075798,0.202068
159.249122,504.657124,3.171819,-1.805818,-0.311294,-0.168638,4.613705,1.091112,0.238276
157.466776,504.351309,3.170145,-1.758476,-0.300314,-0.166076,4.852503,1.10465,0.273974
155.732943,504.056539,3.168498,-1.708815,-0.289207,-0.163161,5.07734,1.116275,0.308912
154.049871,503.77293,3.166883,-1.65698,-0.277995,-0.159901,5.286945,1.125856,0.342847
152.419655,503.500577,3.165301,-1.60313,-0.266697,-0.156308,5.480117,1.133273,0.375545
150.844226,503.239556,3.163758,-1.547436,-0.255337,-0.152395,5.655732,1.138416,0.406784
149.325338,502.989916,3.162255,-1.490078,-0.243937,-0.148178,5.812745,1.141183,0.436351
147.864561,502.751687,3.160795,-1.431246,-0.232522,-0.143674,5.950198,1.141485,0.464048
146.463269,502.52487,3.159382,-1.371142,-0.221116,-0.138904,6.067224,1.139243,0.489685
145.122632,502.309443,3.158018,-1.309973,-0.209745,-0.133888,6.163048,1.134389,0.513089
143.843607,502.105358,3.156705,-1.247954,-0.198437,-0.12865,6.236999,1.12687,0.5341
142.626934,501.91254,3.155445,-1.185307,-0.187217,-0.123215,6.28851,1.116642,0.552573
141.473126,501.730885,3.154241,-1.12226,-0.176113,-0.117608,6.317122,1.10368,0.568377
140.38247,501.560266,3.153094,-1.059042,-0.165153,-0.111856,6.322494,1.087967,0.581401
139.35502,501.400523,3.152004,-0.995888,-0.154363,-0.105989,6.304402,1.069506,0.591548
138.390594,501.251473,3.150974,-0.933033,-0.143772,-0.100035,6.262748,1.048311,0.598739
137.488776,501.112905,3.150004,-0.870712,-0.133406,-0.094024,6.197562,1.024415,0.602917
136.648914,500.984578,3.149094,-0.80916,-0.123292,-0.087987,6.109011,0.997866,0.60404
135.870123,500.866227,3.148244,-0.748609,-0.113457,-0.081954,5.997399,0.968729,0.60209
135.151287,500.757562,3.147455,-0.689287,-0.103926,-0.075956,5.863175,0.937087,0.597068
134.491064,500.658266,3.146725,-0.631418,-0.094723,-0.070023,5.706935,0.90304,0.588998
133.887894,500.567998,3.146054,-0.575219,-0.085873,-0.064186,5.529433,0.866707,0.577924
133.34,500.486395,3.145441,-0.520898,-0.077396,-0.058474,5.331577,0.828227,0.563918
132.845406,500.413073,3.144884,-0.468652,-0.069315,-0.052917,5.114442,0.78776,0.547072
132.401942,500.347628,3.144382,-0.418669,-0.061647,-0.047542,4.879271,0.745482,0.527505
132.007256,500.289635,3.143932,-0.371122,-0.054411,-0.042375,4.627478,0.701596,0.50536
131.658833,500.238658,3.143533,-0.32617,-0.04762,-0.037442,4.360657,0.65632,0.480808
131.354005,500.194242,3.143183,-0.283953,-0.041288,-0.032766,4.080586,0.6099,0.454046
131.089973,500.155925,3.142877,-0.244595,-0.035425,-0.028368,3.78923,0.5626,0.425301
130.863827,500.123234,3.142614,-0.208199,-0.030038,-0.024266,3.488746,0.514711,0.394826
130.672562,500.095689,3.142391,-0.174843,-0.025132,-0.020476,3.181489,0.466546,0.362906
130.513108,500.07281,3.142204,-0.144583,-0.020707,-0.017012,2.870018,0.418441,0.329854
130.382354,500.054115,3.14205,-0.117448,-0.016761,-0.013882,2.557099,0.370759,0.296016
130.277171,500.039129,3.141925,-0.093436,-0.013289,-0.011093,2.245709,0.323888,0.261769
130.19445,500.027383,3.141827,-0.072518,-0.01028,-0.008647,1.939044,0.278243,0.227522
130.131126,500.018421,3.141751,-0.054628,-0.007719,-0.006541,1.640521,0.234263,0.193718
130.084217,500.011803,3.141695,-0.039668,-0.005587,-0.004769,1.353784,0.192417,0.160835
130.050859,500.007111,3.141654,-0.0275,-0.003862,-0.00332,1.08271,0.1532,0.129384
130.028344,500.003954,3.141627,-0.017948,-0.002513,-0.002175,0.831411,0.117137,0.099914
130.014164,500.001971,3.14161,-0.010792,-0.001506,-0.001313,0.604242,0.084779,0.073008
130.00605,500.00084,3.1416,-0.005767,-0.000803,-0.000704,0.405803,0.056711,0.049287
130.002022,500.00028,3.141595,-0.002564,-0.000356,-0.000314,0.240949,0.033544,0.029412
130.000435,500.00006,3.141593,-0.000819,-0.000113,-0.000101,0.114786,0.015921,0.014079
130.000033,500.000005,3.141593,-0.000121,-1.7e-05,-1.5e-05,0.032685,0.004517,0.004028
130,500,3.141593,-0,-0,-0,0.000282,3.9e-05,3.5e-05
