2.5,2.5,1.570796,0,0,0,0.592576,0.567805,-1.338717
2.50003,2.500028,1.57073,0.005904,0.005657,-0.013337,0.588169,0.563582,-1.328761
2.500118,2.500113,1.57053,0.011763,0.011272,-0.026575,0.583762,0.559359,-1.318804
2.500265,2.500254,1.570198,0.017579,0.016844,-0.039713,0.579355,0.555136,-1.308848
2.500469,2.50045,1.569736,0.02335,0.022374,-0.052752,0.574948,0.550913,-1.298891
2.500732,2.500701,1.569144,0.029078,0.027862,-0.065691,0.570541,0.54669,-1.288935
2.501051,2.501007,1.568422,0.034761,0.033308,-0.078531,0.566133,0.542467,-1.278978
2.501427,2.501367,1.567573,0.040401,0.038712,-0.091271,0.561726,0.538245,-1.269022
2.501859,2.501781,1.566597,0.045996,0.044073,-0.103911,0.557319,0.534022,-1.259065
2.502346,2.502248,1.565495,0.051547,0.049392,-0.116452,0.552912,0.529799,-1.249109
2.502889,2.502769,1.564269,0.057054,0.054669,-0.128893,0.548505,0.525576,-1.239153
2.503487,2.503342,1.562918,0.062517,0.059904,-0.141235,0.544098,0.521353,-1.229196
2.50414,2.503967,1.561444,0.067936,0.065096,-0.153477,0.53969,0.51713,-1.21924
2.504846,2.504643,1.559849,0.073311,0.070246,-0.16562,0.535283,0.512907,-1.209283
2.505606,2.505371,1.558132,0.078642,0.075354,-0.177663,0.530876,0.508684,-1.199327
2.506419,2.50615,1.556296,0.083928,0.08042,-0.189607,0.526469,0.504461,-1.18937
2.507284,2.50698,1.55434,0.089171,0.085443,-0.20145,0.522062,0.500238,-1.179414
2.508202,2.507859,1.552267,0.09437,0.090425,-0.213195,0.517654,0.496015,-1.169457
2.509171,2.508788,1.550077,0.099524,0.095364,-0.22484,0.513247,0.491792,-1.159501
2.510192,2.509766,1.547771,0.104635,0.100261,-0.236385,0.50884,0.487569,-1.149544
2.511264,2.510793,1.54535,0.109701,0.105115,-0.247831,0.504433,0.483346,-1.139588
2.512386,2.511868,1.542814,0.114723,0.109927,-0.259177,0.500026,0.479123,-1.129631
2.513558,2.512991,1.540166,0.119701,0.114698,-0.270423,0.495619,0.4749,-1.119675
2.51478,2.514162,1.537406,0.124636,0.119425,-0.28157,0.491211,0.470677,-1.109718
2.516051,2.51538,1.534535,0.129526,0.124111,-0.292618,0.486804,0.466454,-1.099762
2.51737,2.516644,1.531554,0.134372,0.128755,-0.303565,0.482397,0.462231,-1.089806
2.518738,2.517955,1.528464,0.139174,0.133356,-0.314414,0.47799,0.458009,-1.079849
2.520154,2.519311,1.525266,0.143931,0.137915,-0.325162,0.473583,0.453786,-1.069893
2.521617,2.520713,1.521961,0.148645,0.142431,-0.335811,0.469175,0.449563,-1.059936
2.523126,2.52216,1.51855,0.153315,0.146906,-0.346361,0.464768,0.44534,-1.04998
2.524683,2.523651,1.515034,0.157941,0.151338,-0.356811,0.460361,0.441117,-1.040023
2.526285,2.525186,1.511415,0.162522,0.155728,-0.367162,0.455954,0.436894,-1.030067
2.527933,2.526765,1.507692,0.16706,0.160076,-0.377412,0.451547,0.432671,-1.02011
2.529626,2.528388,1.503867,0.171553,0.164382,-0.387564,0.44714,0.428448,-1.010154
2.531364,2.530053,1.499941,0.176003,0.168645,-0.397615,0.442732,0.424225,-1.000197
2.533146,2.53176,1.495915,0.180408,0.172866,-0.407568,0.438325,0.420002,-0.990241
2.534972,2.53351,1.49179,0.184769,0.177045,-0.41742,0.433918,0.415779,-0.980284
2.536841,2.535301,1.487567,0.189086,0.181182,-0.427173,0.429511,0.411556,-0.970328
2.538754,2.537134,1.483246,0.193359,0.185276,-0.436827,0.425104,0.407333,-0.960372
2.540708,2.539007,1.47883,0.197588,0.189329,-0.446381,0.420696,0.40311,-0.950415
2.542705,2.54092,1.474319,0.201773,0.193338,-0.455835,0.416289,0.398887,-0.940459
2.544744,2.542873,1.469714,0.205914,0.197306,-0.46519,0.411882,0.394664,-0.930502
2.546823,2.544866,1.465016,0.210011,0.201232,-0.474445,0.407475,0.390441,-0.920546
2.548944,2.546898,1.460225,0.214064,0.205115,-0.483601,0.403068,0.386218,-0.910589
2.551104,2.548968,1.455344,0.218072,0.208956,-0.492657,0.398661,0.381995,-0.900633
2.553305,2.551077,1.450373,0.222037,0.212755,-0.501614,0.394253,0.377773,-0.890676
2.555545,2.553223,1.445312,0.225957,0.216512,-0.510471,0.389846,0.37355,-0.88072
2.557824,2.555407,1.440164,0.229834,0.220226,-0.519228,0.385439,0.369327,-0.870763
2.560141,2.557627,1.434928,0.233666,0.223898,-0.527886,0.381032,0.365104,-0.860807
2.562497,2.559885,1.429606,0.237454,0.227528,-0.536444,0.376625,0.360881,-0.85085
2.56489,2.562178,1.424199,0.241198,0.231116,-0.544903,0.372218,0.356658,-0.840894
2.567321,2.564507,1.418708,0.244899,0.234661,-0.553262,0.36781,0.352435,-0.830937
2.569788,2.566871,1.413134,0.248555,0.238164,-0.561522,0.363403,0.348212,-0.820981
2.572292,2.56927,1.407478,0.252167,0.241625,-0.569682,0.358996,0.343989,-0.811025
2.574831,2.571703,1.401741,0.255735,0.245044,-0.577742,0.354589,0.339766,-0.801068
2.577406,2.574171,1.395924,0.259258,0.248421,-0.585703,0.350182,0.335543,-0.791112
2.580016,2.576672,1.390027,0.262738,0.251755,-0.593564,0.345774,0.33132,-0.781155
2.582661,2.579206,1.384053,0.266174,0.255047,-0.601326,0.341367,0.327097,-0.771199
2.58534,2.581772,1.378001,0.269566,0.258297,-0.608988,0.33696,0.322874,-0.761242
2.588052,2.584371,1.371873,0.272913,0.261505,-0.616551,0.332553,0.318651,-0.751286
2.590798,2.587002,1.365671,0.276217,0.26467,-0.624014,0.328146,0.314428,-0.741329
2.593576,2.589665,1.359393,0.279476,0.267793,-0.631377,0.323739,0.310205,-0.731373
2.596387,2.592358,1.353043,0.282691,0.270874,-0.638641,0.319331,0.305982,-0.721416
2.59923,2.595082,1.346621,0.285863,0.273913,-0.645806,0.314924,0.301759,-0.71146
2.602104,2.597836,1.340128,0.28899,0.276909,-0.652871,0.310517,0.297537,-0.701503
2.60501,2.60062,1.333564,0.292073,0.279864,-0.659836,0.30611,0.293314,-0.691547
2.607946,2.603433,1.326931,0.295112,0.282776,-0.666702,0.301703,0.289091,-0.68159
2.610912,2.606275,1.32023,0.298107,0.285645,-0.673468,0.297295,0.284868,-0.671634
2.613908,2.609146,1.313462,0.301058,0.288473,-0.680134,0.292888,0.280645,-0.661678
2.616933,2.612045,1.306628,0.303965,0.291258,-0.686701,0.288481,0.276422,-0.651721
2.619987,2.614971,1.299728,0.306828,0.294001,-0.693169,0.284074,0.272199,-0.641765
2.623069,2.617925,1.292765,0.309646,0.296702,-0.699536,0.279667,0.267976,-0.631808
2.62618,2.620905,1.285738,0.312421,0.299361,-0.705805,0.27526,0.263753,-0.621852
2.629318,2.623912,1.278649,0.315152,0.301977,-0.711974,0.270852,0.25953,-0.611895
2.632483,2.626944,1.271499,0.317838,0.304552,-0.718043,0.266445,0.255307,-0.601939
2.635674,2.630003,1.264289,0.32048,0.307083,-0.724012,0.262038,0.251084,-0.591982
2.638892,2.633086,1.257019,0.323079,0.309573,-0.729882,0.257631,0.246861,-0.582026
2.642136,2.636194,1.249691,0.325633,0.312021,-0.735653,0.253224,0.242638,-0.572069
2.645405,2.639326,1.242306,0.328143,0.314426,-0.741324,0.248816,0.238415,-0.562113
2.648698,2.642482,1.234865,0.330609,0.316789,-0.746895,0.244409,0.234192,-0.552156
2.652017,2.645662,1.227369,0.333031,0.31911,-0.752367,0.240002,0.229969,-0.5422
2.655359,2.648864,1.219818,0.335409,0.321388,-0.757739,0.235595,0.225746,-0.532244
2.658725,2.652089,1.212214,0.337743,0.323625,-0.763012,0.231188,0.221523,-0.522287
2.662114,2.655337,1.204558,0.340033,0.325819,-0.768185,0.226781,0.217301,-0.512331
2.665525,2.658606,1.196851,0.342279,0.327971,-0.773258,0.222373,0.213078,-0.502374
2.668959,2.661896,1.189093,0.344481,0.33008,-0.778232,0.217966,0.208855,-0.492418
2.672415,2.665207,1.181287,0.346638,0.332148,-0.783107,0.213559,0.204632,-0.482461
2.675892,2.668539,1.173432,0.348752,0.334173,-0.787882,0.209152,0.200409,-0.472505
2.679389,2.67189,1.165529,0.350821,0.336156,-0.792557,0.204745,0.196186,-0.462548
2.682908,2.675262,1.157581,0.352847,0.338097,-0.797132,0.200338,0.191963,-0.452592
2.686446,2.678652,1.149587,0.354828,0.339995,-0.801609,0.19593,0.18774,-0.442635
2.690004,2.682062,1.141549,0.356765,0.341852,-0.805985,0.191523,0.183517,-0.432679
2.693581,2.685489,1.133468,0.358659,0.343666,-0.810262,0.187116,0.179294,-0.422722
2.697177,2.688935,1.125344,0.360508,0.345437,-0.81444,0.182709,0.175071,-0.412766
2.700791,2.692398,1.117179,0.362313,0.347167,-0.818518,0.178302,0.170848,-0.402809
2.704423,2.695878,1.108974,0.364074,0.348854,-0.822496,0.173894,0.166625,-0.392853
2.708073,2.699375,1.100729,0.365791,0.3505,-0.826375,0.169487,0.162402,-0.382897
2.711739,2.702888,1.092447,0.367463,0.352102,-0.830154,0.16508,0.158179,-0.37294
2.715422,2.706417,1.084127,0.369092,0.353663,-0.833833,0.160673,0.153956,-0.362984
2.719121,2.709961,1.07577,0.370677,0.355182,-0.837413,0.156266,0.149733,-0.353027
2.722835,2.71352,1.067379,0.372218,0.356658,-0.840894,0.151859,0.14551,-0.343071
2.726565,2.717094,1.058953,0.373714,0.358092,-0.844275,0.147451,0.141287,-0.333114
2.730309,2.720682,1.050494,0.375167,0.359484,-0.847556,0.143044,0.137065,-0.323158
2.734068,2.724283,1.042002,0.376575,0.360833,-0.850738,0.138637,0.132842,-0.313201
2.737841,2.727898,1.033479,0.377939,0.36214,-0.85382,0.13423,0.128619,-0.303245
2.741627,2.731526,1.024926,0.37926,0.363405,-0.856803,0.129823,0.124396,-0.293288
2.745426,2.735166,1.016343,0.380536,0.364628,-0.859686,0.125415,0.120173,-0.283332
2.749237,2.738819,1.007733,0.381768,0.365809,-0.86247,0.121008,0.11595,-0.273375
2.753061,2.742482,0.999094,0.382956,0.366947,-0.865154,0.116601,0.111727,-0.263419
2.756896,2.746157,0.99043,0.3841,0.368043,-0.867738,0.112194,0.107504,-0.253463
2.760743,2.749843,0.98174,0.3852,0.369097,-0.870223,0.107787,0.103281,-0.243506
2.7646,2.753539,0.973026,0.386256,0.370109,-0.872608,0.10338,0.099058,-0.23355
2.768468,2.757245,0.964288,0.387267,0.371079,-0.874894,0.098972,0.094835,-0.223593
2.772345,2.760961,0.955528,0.388235,0.372006,-0.87708,0.094565,0.090612,-0.213637
2.776232,2.764685,0.946747,0.389159,0.372891,-0.879166,0.090158,0.086389,-0.20368
2.780128,2.768418,0.937945,0.390038,0.373734,-0.881154,0.085751,0.082166,-0.193724
2.784033,2.77216,0.929124,0.390874,0.374534,-0.883041,0.081344,0.077943,-0.183767
2.787946,2.775909,0.920285,0.391665,0.375292,-0.884829,0.076936,0.07372,-0.173811
2.791866,2.779665,0.911428,0.392412,0.376009,-0.886517,0.072529,0.069497,-0.163854
2.795794,2.783429,0.902555,0.393116,0.376682,-0.888106,0.068122,0.065274,-0.153898
2.799728,2.787199,0.893666,0.393775,0.377314,-0.889595,0.063715,0.061051,-0.143941
2.803669,2.790975,0.884763,0.39439,0.377903,-0.890985,0.059308,0.056829,-0.133985
2.807616,2.794757,0.875847,0.394961,0.378451,-0.892275,0.054901,0.052606,-0.124028
2.811568,2.798544,0.866918,0.395488,0.378956,-0.893465,0.050493,0.048383,-0.114072
2.815526,2.802336,0.857978,0.395971,0.379418,-0.894556,0.046086,0.04416,-0.104116
2.819488,2.806132,0.849027,0.39641,0.379839,-0.895548,0.041679,0.039937,-0.094159
2.823454,2.809932,0.840067,0.396804,0.380217,-0.896439,0.037272,0.035714,-0.084203
2.827423,2.813736,0.831099,0.397155,0.380553,-0.897232,0.032865,0.031491,-0.074246
2.831397,2.817543,0.822123,0.397462,0.380847,-0.897924,0.028458,0.027268,-0.06429
2.835373,2.821353,0.813141,0.397724,0.381098,-0.898517,0.02405,0.023045,-0.054333
2.839351,2.825165,0.804153,0.397943,0.381308,-0.899011,0.019643,0.018822,-0.044377
2.843331,2.828979,0.795161,0.398117,0.381475,-0.899405,0.015236,0.014599,-0.03442
2.847313,2.832794,0.786165,0.398247,0.3816,-0.899699,0.010829,0.010376,-0.024464
2.851296,2.836611,0.777167,0.398334,0.381682,-0.899894,0.006422,0.006153,-0.014507
2.85528,2.840428,0.768168,0.398376,0.381723,-0.89999,0.002014,0.00193,-0.004551
2.859263,2.844245,0.759168,0.398374,0.381721,-0.899985,-0.002393,-0.002293,0.005406
2.857101,2.842173,0.764054,0.398374,0.381721,-0.899985,1.285767,-0.459841,1.333285
2.861148,2.845967,0.75512,0.411155,0.37715,-0.886732,1.270487,-0.454377,1.317441
2.865323,2.849716,0.746319,0.423784,0.372633,-0.873637,1.255208,-0.448912,1.301596
2.869623,2.85342,0.737647,0.436259,0.368172,-0.8607,1.239928,-0.443447,1.285752
2.874048,2.85708,0.729104,0.448582,0.363764,-0.847921,1.224648,-0.437983,1.269908
2.878595,2.860695,0.720688,0.460752,0.359412,-0.835302,1.209369,-0.432518,1.254064
2.883262,2.864268,0.712398,0.47277,0.355114,-0.82284,1.194089,-0.427054,1.238219
2.888049,2.867798,0.704231,0.484634,0.350871,-0.810537,1.17881,-0.421589,1.222375
2.892955,2.871286,0.696186,0.496346,0.346682,-0.798393,1.16353,-0.416125,1.206531
2.897976,2.874732,0.688262,0.507905,0.342548,-0.786407,1.14825,-0.41066,1.190686
2.903112,2.878137,0.680458,0.519311,0.338469,-0.774579,1.132971,-0.405195,1.174842
2.908362,2.881501,0.67277,0.530564,0.334444,-0.76291,1.117691,-0.399731,1.158998
2.913723,2.884826,0.665199,0.541665,0.330474,-0.751399,1.102412,-0.394266,1.143154
2.919194,2.888111,0.657742,0.552612,0.326559,-0.740047,1.087132,-0.388802,1.127309
2.924775,2.891357,0.650397,0.563407,0.322698,-0.728853,1.071852,-0.383337,1.111465
2.930462,2.894565,0.643164,0.574049,0.318892,-0.717817,1.056573,-0.377872,1.095621
2.936255,2.897735,0.636041,0.584539,0.315141,-0.70694,1.041293,-0.372408,1.079776
2.942152,2.900868,0.629025,0.594875,0.311444,-0.696222,1.026014,-0.366943,1.063932
2.948152,2.903964,0.622116,0.605059,0.307802,-0.685662,1.010734,-0.361479,1.048088
2.954253,2.907024,0.615311,0.61509,0.304215,-0.67526,0.995454,-0.356014,1.032244
2.960453,2.910049,0.60861,0.624968,0.300682,-0.665017,0.980175,-0.350549,1.016399
2.966752,2.913038,0.60201,0.634694,0.297204,-0.654932,0.964895,-0.345085,1.000555
2.973147,2.915993,0.595511,0.644266,0.29378,-0.645006,0.949616,-0.33962,0.984711
2.979637,2.918914,0.58911,0.653686,0.290411,-0.635238,0.934336,-0.334156,0.968866
2.98622,2.921801,0.582805,0.662953,0.287097,-0.625628,0.919057,-0.328691,0.953022
2.992895,2.924656,0.576597,0.672067,0.283837,-0.616177,0.903777,-0.323226,0.937178
2.999661,2.927478,0.570481,0.681028,0.280632,-0.606885,0.888497,-0.317762,0.921334
3.006515,2.930269,0.564458,0.689837,0.277482,-0.597751,0.873218,-0.312297,0.905489
3.013457,2.933028,0.558526,0.698493,0.274387,-0.588775,0.857938,-0.306833,0.889645
3.020485,2.935757,0.552682,0.706996,0.271346,-0.579958,0.842659,-0.301368,0.873801
3.027596,2.938455,0.546926,0.715346,0.268359,-0.571299,0.827379,-0.295904,0.857956
3.034791,2.941124,0.541256,0.723543,0.265427,-0.562799,0.812099,-0.290439,0.842112
3.042067,2.943764,0.53567,0.731588,0.26255,-0.554457,0.79682,-0.284974,0.826268
3.049422,2.946375,0.530166,0.73948,0.259728,-0.546273,0.78154,-0.27951,0.810424
3.056856,2.948959,0.524744,0.747219,0.25696,-0.538248,0.766261,-0.274045,0.794579
3.064366,2.951515,0.519401,0.754805,0.254247,-0.530382,0.750981,-0.268581,0.778735
3.071951,2.954044,0.514135,0.762238,0.251589,-0.522674,0.735701,-0.263116,0.762891
3.07961,2.956547,0.508947,0.769519,0.248985,-0.515124,0.720422,-0.257651,0.747046
3.087341,2.959024,0.503832,0.776647,0.246436,-0.507733,0.705142,-0.252187,0.731202
3.095143,2.961476,0.498791,0.783622,0.243941,-0.5005,0.689863,-0.246722,0.715358
3.103013,2.963903,0.493822,0.790444,0.241501,-0.493426,0.674583,-0.241258,0.699514
3.110951,2.966306,0.488922,0.797113,0.239116,-0.48651,0.659303,-0.235793,0.683669
3.118955,2.968685,0.484091,0.80363,0.236785,-0.479752,0.644024,-0.230328,0.667825
3.127023,2.971042,0.479327,0.809994,0.234509,-0.473153,0.628744,-0.224864,0.651981
3.135154,2.973376,0.474628,0.816205,0.232288,-0.466713,0.613465,-0.219399,0.636136
3.143347,2.975688,0.469992,0.822263,0.230121,-0.46043,0.598185,-0.213935,0.620292
3.151599,2.977978,0.465419,0.828169,0.228009,-0.454307,0.582905,-0.20847,0.604448
3.15991,2.980248,0.460905,0.833921,0.225952,-0.448342,0.567626,-0.203006,0.588604
3.168277,2.982497,0.456451,0.839521,0.223949,-0.442535,0.552346,-0.197541,0.572759
3.1767,2.984727,0.452054,0.844968,0.222001,-0.436886,0.537067,-0.192076,0.556915
3.185176,2.986938,0.447713,0.850262,0.220108,-0.431396,0.521787,-0.186612,0.541071
3.193704,2.989129,0.443426,0.855404,0.218269,-0.426065,0.506507,-0.181147,0.525226
3.202283,2.991303,0.439191,0.860393,0.216485,-0.420892,0.491228,-0.175683,0.509382
3.210912,2.993459,0.435007,0.865229,0.214755,-0.415877,0.475948,-0.170218,0.493538
3.219588,2.995598,0.430873,0.869912,0.21308,-0.411021,0.460669,-0.164753,0.477694
3.228309,2.997721,0.426786,0.874442,0.21146,-0.406323,0.445389,-0.159289,0.461849
3.237076,2.999828,0.422746,0.878819,0.209895,-0.401784,0.430109,-0.153824,0.446005
3.245885,3.001919,0.41875,0.883044,0.208384,-0.397403,0.41483,-0.14836,0.430161
3.254736,3.003996,0.414797,0.887116,0.206927,-0.393181,0.39955,-0.142895,0.414316
3.263627,3.006058,0.410886,0.891035,0.205526,-0.389117,0.384271,-0.13743,0.398472
3.272556,3.008106,0.407015,0.894801,0.204179,-0.385211,0.368991,-0.131966,0.382628
3.281523,3.010142,0.403181,0.898415,0.202886,-0.381464,0.353711,-0.126501,0.366784
3.290524,3.012164,0.399385,0.901876,0.201649,-0.377876,0.338432,-0.121037,0.350939
3.29956,3.014175,0.395623,0.905184,0.200466,-0.374446,0.323152,-0.115572,0.335095
3.308627,3.016174,0.391895,0.908339,0.199337,-0.371174,0.307873,-0.110107,0.319251
3.317726,3.018162,0.388199,0.911341,0.198264,-0.368061,0.292593,-0.104643,0.303406
3.326854,3.020139,0.384534,0.914191,0.197244,-0.365106,0.277314,-0.099178,0.287562
3.336009,3.022107,0.380897,0.916887,0.19628,-0.362309,0.262034,-0.093714,0.271718
3.345191,3.024065,0.377287,0.919431,0.19537,-0.359671,0.246754,-0.088249,0.255874
3.354397,3.026014,0.373703,0.921822,0.194515,-0.357192,0.231475,-0.082785,0.240029
3.363627,3.027956,0.370142,0.924061,0.193714,-0.354871,0.216195,-0.07732,0.224185
3.372878,3.029889,0.366605,0.926146,0.192969,-0.352708,0.200916,-0.071855,0.208341
3.382149,3.031815,0.363088,0.928079,0.192277,-0.350704,0.185636,-0.066391,0.192496
3.391439,3.033735,0.35959,0.929859,0.191641,-0.348858,0.170356,-0.060926,0.176652
3.400746,3.035648,0.35611,0.931486,0.191059,-0.347171,0.155077,-0.055462,0.160808
3.410068,3.037556,0.352646,0.932961,0.190532,-0.345642,0.139797,-0.049997,0.144964
3.419405,3.039459,0.349197,0.934282,0.190059,-0.344272,0.124518,-0.044532,0.129119
3.428753,3.041357,0.34576,0.935451,0.189641,-0.34306,0.109238,-0.039068,0.113275
3.438113,3.043252,0.342335,0.936467,0.189278,-0.342006,0.093958,-0.033603,0.097431
3.447482,3.045143,0.33892,0.93733,0.188969,-0.341111,0.078679,-0.028139,0.081587
3.456859,3.047031,0.335512,0.93804,0.188715,-0.340374,0.063399,-0.022674,0.065742
3.466243,3.048918,0.332111,0.938598,0.188515,-0.339796,0.04812,-0.017209,0.049898
3.475631,3.050802,0.328716,0.939003,0.188371,-0.339377,0.03284,-0.011745,0.034054
3.485022,3.052685,0.325323,0.939255,0.18828,-0.339115,0.01756,-0.00628,0.018209
3.494415,3.054568,0.321933,0.939354,0.188245,-0.339012,0.002281,-0.000816,0.002365
3.503809,3.05645,0.318543,0.9393,0.188264,-0.339068,-0.012999,0.004649,-0.013479
3.495817,3.054849,0.321427,0.9393,0.188264,-0.339068,-1.494697,0.491859,2.663389
3.505136,3.056756,0.318168,0.924562,0.193114,-0.312806,-1.452947,0.478121,2.588995
3.51431,3.058711,0.315168,0.910241,0.197827,-0.287288,-1.411197,0.464382,2.514602
3.523343,3.060712,0.31242,0.896338,0.202402,-0.262514,-1.369447,0.450643,2.440208
3.532238,3.062758,0.309916,0.882853,0.206839,-0.238484,-1.327697,0.436905,2.365814
3.541001,3.064848,0.307648,0.869784,0.21114,-0.215198,-1.285947,0.423166,2.29142
3.549635,3.06698,0.305609,0.857134,0.215303,-0.192655,-1.244198,0.409428,2.217026
3.558145,3.069154,0.303792,0.8449,0.219328,-0.170857,-1.202448,0.395689,2.142633
3.566535,3.071367,0.302189,0.833085,0.223217,-0.149803,-1.160698,0.38195,2.068239
3.574808,3.073618,0.300794,0.821686,0.226967,-0.129492,-1.118948,0.368212,1.993845
3.58297,3.075905,0.299597,0.810706,0.230581,-0.109926,-1.077198,0.354473,1.919451
3.591024,3.078229,0.298593,0.800142,0.234057,-0.091103,-1.035448,0.340734,1.845058
3.598974,3.080586,0.297773,0.789997,0.237395,-0.073025,-0.993698,0.326996,1.770664
3.606825,3.082976,0.29713,0.780268,0.240597,-0.05569,-0.951949,0.313257,1.69627
3.614581,3.085398,0.296656,0.770958,0.243661,-0.039099,-0.910199,0.299519,1.621876
3.622246,3.087849,0.296345,0.762064,0.246587,-0.023253,-0.868449,0.28578,1.547482
3.629824,3.090329,0.296189,0.753589,0.249376,-0.00815,-0.826699,0.272041,1.473089
3.637319,3.092836,0.29618,0.745531,0.252028,0.006209,-0.784949,0.258303,1.398695
3.644736,3.095369,0.29631,0.73789,0.254542,0.019824,-0.743199,0.244564,1.324301
3.652078,3.097926,0.296574,0.730667,0.256919,0.032695,-0.701449,0.230826,1.249907
3.65935,3.100507,0.296962,0.723861,0.259159,0.044822,-0.659699,0.217087,1.175514
3.666557,3.103109,0.297468,0.717473,0.261261,0.056206,-0.61795,0.203348,1.10112
3.673701,3.105732,0.298084,0.711502,0.263226,0.066845,-0.5762,0.18961,1.026726
3.680788,3.108373,0.298802,0.705949,0.265053,0.07674,-0.53445,0.175871,0.952332
3.687821,3.111032,0.299616,0.700813,0.266743,0.085891,-0.4927,0.162133,0.877938
3.694806,3.113708,0.300517,0.696095,0.268296,0.094299,-0.45095,0.148394,0.803545
3.701745,3.116398,0.301499,0.691794,0.269711,0.101962,-0.4092,0.134655,0.729151
3.708643,3.119101,0.302554,0.687911,0.270989,0.108882,-0.36745,0.120917,0.654757
3.715504,3.121817,0.303675,0.684445,0.272129,0.115057,-0.3257,0.107178,0.580363
3.722333,3.124543,0.304853,0.681397,0.273132,0.120489,-0.283951,0.093439,0.505969
3.729134,3.127279,0.306082,0.678766,0.273998,0.125177,-0.242201,0.079701,0.431576
3.73591,3.130023,0.307354,0.676553,0.274726,0.129121,-0.200451,0.065962,0.357182
3.742666,3.132773,0.308662,0.674757,0.275317,0.13232,-0.158701,0.052224,0.282788
3.749406,3.135529,0.309998,0.673379,0.275771,0.134776,-0.116951,0.038485,0.208394
3.756135,3.138288,0.311355,0.672418,0.276087,0.136488,-0.075201,0.024746,0.134001
3.762856,3.14105,0.312725,0.671874,0.276266,0.137456,-0.033451,0.011008,0.059607
3.769574,3.143813,0.314101,0.671749,0.276307,0.137681,0.008298,-0.002731,-0.014787
3.768239,3.143264,0.313828,0.671749,0.276307,0.137681,0.157183,0.057101,-0.187883
3.774964,3.14603,0.315195,0.673315,0.276876,0.135809,0.155994,0.056669,-0.186462
3.781705,3.148801,0.316544,0.674869,0.277441,0.133951,0.154805,0.056237,-0.185041
3.788461,3.151579,0.317874,0.676411,0.278001,0.132108,0.153616,0.055806,-0.18362
3.795233,3.154361,0.319186,0.677941,0.278557,0.130279,0.152428,0.055374,-0.182199
3.80202,3.15715,0.32048,0.679459,0.279108,0.128464,0.151239,0.054942,-0.180778
3.808822,3.159944,0.321756,0.680966,0.279656,0.126663,0.15005,0.05451,-0.179357
3.815639,3.162743,0.323013,0.68246,0.280199,0.124877,0.148861,0.054078,-0.177936
3.822471,3.165548,0.324253,0.683943,0.280737,0.123105,0.147672,0.053646,-0.176515
3.829318,3.168358,0.325475,0.685414,0.281271,0.121347,0.146483,0.053214,-0.175094
3.83618,3.171173,0.32668,0.686873,0.281801,0.119603,0.145295,0.052782,-0.173673
3.843056,3.173994,0.327867,0.68832,0.282327,0.117873,0.144106,0.052351,-0.172252
3.849946,3.17682,0.329038,0.689755,0.282848,0.116158,0.142917,0.051919,-0.170831
3.856851,3.179651,0.330191,0.691178,0.283365,0.114456,0.141728,0.051487,-0.16941
3.86377,3.182487,0.331327,0.692589,0.283878,0.11277,0.140539,0.051055,-0.167988
3.870702,3.185328,0.332446,0.693989,0.284387,0.111097,0.13935,0.050623,-0.166567
3.877649,3.188175,0.333549,0.695376,0.284891,0.109438,0.138162,0.050191,-0.165146
3.88461,3.191026,0.334635,0.696752,0.28539,0.107794,0.136973,0.049759,-0.163725
3.891584,3.193882,0.335705,0.698116,0.285886,0.106164,0.135784,0.049327,-0.162304
3.898572,3.196744,0.336758,0.699468,0.286377,0.104548,0.134595,0.048896,-0.160883
3.905574,3.19961,0.337796,0.700808,0.286864,0.102946,0.133406,0.048464,-0.159462
3.912588,3.202481,0.338817,0.702136,0.287346,0.101358,0.132217,0.048032,-0.158041
3.919616,3.205357,0.339823,0.703452,0.287824,0.099785,0.131029,0.0476,-0.15662
3.926657,3.208237,0.340813,0.704756,0.288298,0.098226,0.12984,0.047168,-0.155199
3.933711,3.211123,0.341787,0.706049,0.288768,0.096681,0.128651,0.046736,-0.153778
3.940778,3.214013,0.342747,0.707329,0.289233,0.09515,0.127462,0.046304,-0.152357
3.947858,3.216907,0.343691,0.708598,0.289694,0.093634,0.126273,0.045872,-0.150936
3.95495,3.219807,0.344619,0.709855,0.29015,0.092132,0.125084,0.045441,-0.149515
3.962055,3.22271,0.345533,0.7111,0.290603,0.090644,0.123896,0.045009,-0.148094
3.969172,3.225619,0.346432,0.712333,0.291051,0.08917,0.122707,0.044577,-0.146673
3.976302,3.228531,0.347317,0.713554,0.291494,0.08771,0.121518,0.044145,-0.145252
3.983443,3.231448,0.348187,0.714763,0.291933,0.086265,0.120329,0.043713,-0.143831
3.990597,3.23437,0.349042,0.71596,0.292368,0.084834,0.11914,0.043281,-0.14241
3.997762,3.237296,0.349883,0.717146,0.292799,0.083417,0.117951,0.042849,-0.140989
4.00494,3.240226,0.35071,0.718319,0.293225,0.082014,0.116763,0.042417,-0.139568
4.012129,3.24316,0.351524,0.719481,0.293647,0.080625,0.115574,0.041985,-0.138147
4.019329,3.246099,0.352323,0.720631,0.294065,0.079251,0.114385,0.041554,-0.136726
4.026541,3.249042,0.353109,0.721769,0.294479,0.077891,0.113196,0.041122,-0.135305
4.033765,3.251988,0.353881,0.722895,0.294888,0.076545,0.112007,0.04069,-0.133884
4.040999,3.254939,0.35464,0.724009,0.295292,0.075213,0.110818,0.040258,-0.132463
4.048245,3.257894,0.355385,0.725111,0.295693,0.073896,0.10963,0.039826,-0.131042
4.055501,3.260853,0.356118,0.726202,0.296089,0.072592,0.108441,0.039394,-0.129621
4.062769,3.263816,0.356837,0.72728,0.296481,0.071303,0.107252,0.038962,-0.1282
4.070047,3.266783,0.357544,0.728347,0.296868,0.070028,0.106063,0.03853,-0.126779
4.077336,3.269753,0.358238,0.729401,0.297251,0.068768,0.104874,0.038099,-0.125358
4.084635,3.272728,0.358919,0.730444,0.29763,0.067521,0.103685,0.037667,-0.123937
4.091945,3.275706,0.359588,0.731475,0.298005,0.066289,0.102497,0.037235,-0.122515
4.099264,3.278688,0.360245,0.732494,0.298375,0.065071,0.101308,0.036803,-0.121094
4.106594,3.281673,0.36089,0.733501,0.298741,0.063867,0.100119,0.036371,-0.119673
4.113934,3.284663,0.361522,0.734496,0.299102,0.062677,0.09893,0.035939,-0.118252
4.121284,3.287655,0.362143,0.73548,0.299459,0.061502,0.097741,0.035507,-0.116831
4.128644,3.290652,0.362752,0.736451,0.299812,0.060341,0.096552,0.035075,-0.11541
4.136013,3.293652,0.36335,0.737411,0.300161,0.059194,0.095363,0.034644,-0.113989
4.143392,3.296655,0.363936,0.738358,0.300505,0.058061,0.094175,0.034212,-0.112568
4.15078,3.299662,0.364511,0.739294,0.300845,0.056942,0.092986,0.03378,-0.111147
4.158178,3.302672,0.365075,0.740218,0.301181,0.055838,0.091797,0.033348,-0.109726
4.165585,3.305685,0.365628,0.74113,0.301512,0.054748,0.090608,0.032916,-0.108305
4.173,3.308702,0.36617,0.74203,0.301839,0.053672,0.089419,0.032484,-0.106884
4.180425,3.311722,0.366702,0.742919,0.302162,0.05261,0.08823,0.032052,-0.105463
4.187859,3.314745,0.367222,0.743795,0.30248,0.051563,0.087042,0.03162,-0.104042
4.195301,3.317772,0.367733,0.744659,0.302794,0.050529,0.085853,0.031189,-0.102621
4.202752,3.320801,0.368233,0.745512,0.303104,0.04951,0.084664,0.030757,-0.1012
4.210211,3.323834,0.368723,0.746353,0.303409,0.048505,0.083475,0.030325,-0.099779
4.217679,3.326869,0.369203,0.747182,0.30371,0.047515,0.082286,0.029893,-0.098358
4.225155,3.329908,0.369673,0.747998,0.304007,0.046538,0.081097,0.029461,-0.096937
4.232639,3.33295,0.370134,0.748803,0.3043,0.045576,0.079909,0.029029,-0.095516
4.240131,3.335994,0.370585,0.749597,0.304588,0.044628,0.07872,0.028597,-0.094095
4.247631,3.339041,0.371027,0.750378,0.304872,0.043694,0.077531,0.028165,-0.092674
4.255138,3.342091,0.371459,0.751147,0.305151,0.042774,0.076342,0.027733,-0.091253
4.262654,3.345144,0.371882,0.751905,0.305426,0.041869,0.075153,0.027302,-0.089832
4.270176,3.3482,0.372296,0.75265,0.305697,0.040978,0.073964,0.02687,-0.088411
4.277707,3.351258,0.372702,0.753384,0.305964,0.040101,0.072776,0.026438,-0.08699
4.285244,3.354319,0.373098,0.754106,0.306226,0.039238,0.071587,0.026006,-0.085569
4.292789,3.357383,0.373487,0.754816,0.306484,0.038389,0.070398,0.025574,-0.084148
4.30034,3.360449,0.373866,0.755514,0.306737,0.037555,0.069209,0.025142,-0.082727
4.307899,3.363517,0.374238,0.7562,0.306987,0.036735,0.06802,0.02471,-0.081306
4.315464,3.366589,0.374601,0.756874,0.307232,0.035929,0.066831,0.024278,-0.079885
4.323036,3.369662,0.374956,0.757537,0.307472,0.035137,0.065643,0.023847,-0.078464
4.330615,3.372738,0.375304,0.758187,0.307708,0.03436,0.064454,0.023415,-0.077042
4.3382,3.375816,0.375644,0.758826,0.30794,0.033596,0.063265,0.022983,-0.075621
4.345792,3.378897,0.375976,0.759452,0.308168,0.032847,0.062076,0.022551,-0.0742
4.353389,3.38198,0.376301,0.760067,0.308391,0.032112,0.060887,0.022119,-0.072779
4.360993,3.385065,0.376618,0.76067,0.308611,0.031392,0.059698,0.021687,-0.071358
4.368603,3.388152,0.376928,0.761261,0.308825,0.030685,0.05851,0.021255,-0.069937
4.376218,3.391241,0.377232,0.76184,0.309036,0.029993,0.057321,0.020823,-0.068516
4.383839,3.394332,0.377528,0.762408,0.309242,0.029315,0.056132,0.020392,-0.067095
4.391466,3.397426,0.377818,0.762963,0.309443,0.028651,0.054943,0.01996,-0.065674
4.399098,3.400521,0.378101,0.763506,0.309641,0.028001,0.053754,0.019528,-0.064253
4.406736,3.403619,0.378378,0.764038,0.309834,0.027366,0.052565,0.019096,-0.062832
4.414379,3.406718,0.378649,0.764558,0.310023,0.026745,0.051377,0.018664,-0.061411
4.422027,3.409819,0.378913,0.765066,0.310207,0.026138,0.050188,0.018232,-0.05999
4.42968,3.412922,0.379172,0.765561,0.310387,0.025545,0.048999,0.0178,-0.058569
4.437339,3.416027,0.379424,0.766046,0.310563,0.024966,0.04781,0.017368,-0.057148
4.445001,3.419133,0.379671,0.766518,0.310735,0.024402,0.046621,0.016937,-0.055727
4.452669,3.422242,0.379912,0.766978,0.310902,0.023852,0.045432,0.016505,-0.054306
4.460341,3.425351,0.380148,0.767426,0.311065,0.023316,0.044244,0.016073,-0.052885
4.468017,3.428463,0.380379,0.767863,0.311223,0.022794,0.043055,0.015641,-0.051464
4.475698,3.431576,0.380604,0.768287,0.311378,0.022286,0.041866,0.015209,-0.050043
4.483383,3.43469,0.380824,0.7687,0.311528,0.021793,0.040677,0.014777,-0.048622
4.491072,3.437806,0.38104,0.769101,0.311673,0.021314,0.039488,0.014345,-0.047201
4.498765,3.440924,0.381251,0.76949,0.311815,0.020849,0.038299,0.013913,-0.04578
4.506462,3.444043,0.381457,0.769867,0.311952,0.020398,0.037111,0.013481,-0.044359
4.514162,3.447163,0.381659,0.770232,0.312084,0.019962,0.035922,0.01305,-0.042938
4.521866,3.450284,0.381856,0.770585,0.312213,0.01954,0.034733,0.012618,-0.041517
4.529574,3.453407,0.38205,0.770927,0.312337,0.019132,0.033544,0.012186,-0.040096
4.537285,3.456531,0.382239,0.771256,0.312456,0.018738,0.032355,0.011754,-0.038675
4.544999,3.459656,0.382424,0.771574,0.312572,0.018358,0.031166,0.011322,-0.037254
4.552716,3.462782,0.382606,0.77188,0.312683,0.017993,0.029978,0.01089,-0.035833
4.560437,3.46591,0.382784,0.772173,0.312789,0.017641,0.028789,0.010458,-0.034412
4.56816,3.469038,0.382959,0.772455,0.312892,0.017304,0.0276,0.010026,-0.032991
4.575886,3.472168,0.38313,0.772725,0.31299,0.016982,0.026411,0.009595,-0.031569
4.583614,3.475298,0.383299,0.772984,0.313084,0.016673,0.025222,0.009163,-0.030148
4.591345,3.478429,0.383464,0.77323,0.313173,0.016379,0.024033,0.008731,-0.028727
4.599079,3.481561,0.383626,0.773464,0.313258,0.016099,0.022845,0.008299,-0.027306
4.606815,3.484694,0.383786,0.773687,0.313339,0.015833,0.021656,0.007867,-0.025885
4.614552,3.487828,0.383943,0.773897,0.313416,0.015581,0.020467,0.007435,-0.024464
4.622292,3.490963,0.384098,0.774096,0.313488,0.015343,0.019278,0.007003,-0.023043
4.630034,3.494098,0.38425,0.774283,0.313556,0.01512,0.018089,0.006571,-0.021622
4.637778,3.497234,0.3844,0.774458,0.313619,0.014911,0.0169,0.00614,-0.020201
4.645523,3.50037,0.384548,0.774621,0.313679,0.014716,0.015712,0.005708,-0.01878
4.65327,3.503507,0.384694,0.774772,0.313733,0.014535,0.014523,0.005276,-0.017359
4.661019,3.506645,0.384839,0.774911,0.313784,0.014369,0.013334,0.004844,-0.015938
4.668769,3.509783,0.384982,0.775039,0.31383,0.014216,0.012145,0.004412,-0.014517
4.67652,3.512922,0.385123,0.775154,0.313872,0.014078,0.010956,0.00398,-0.013096
4.684272,3.516061,0.385263,0.775258,0.31391,0.013955,0.009767,0.003548,-0.011675
4.692025,3.5192,0.385402,0.77535,0.313943,0.013845,0.008579,0.003116,-0.010254
4.699779,3.522339,0.38554,0.775429,0.313972,0.013749,0.00739,0.002685,-0.008833
4.707533,3.525479,0.385677,0.775497,0.313997,0.013668,0.006201,0.002253,-0.007412
4.715289,3.528619,0.385814,0.775553,0.314017,0.013601,0.005012,0.001821,-0.005991
4.723044,3.53176,0.38595,0.775598,0.314033,0.013548,0.003823,0.001389,-0.00457
4.7308,3.5349,0.386085,0.77563,0.314045,0.01351,0.002634,0.000957,-0.003149
4.738557,3.53804,0.38622,0.77565,0.314053,0.013485,0.001446,0.000525,-0.001728
4.746313,3.541181,0.386355,0.775659,0.314056,0.013475,0.000257,9.3e-05,-0.000307
4.75407,3.544322,0.386489,0.775655,0.314054,0.013479,-0.000932,-0.000339,0.001114
4.747988,3.541859,0.386384,0.775655,0.314054,0.013479,-0.156237,-0.004922,0.027168
4.755737,3.544999,0.38652,0.774103,0.314006,0.013749,-0.154169,-0.004856,0.026808
4.76347,3.548139,0.386659,0.772572,0.313957,0.014015,-0.152101,-0.004791,0.026448
4.771188,3.551279,0.3868,0.771061,0.31391,0.014278,-0.150034,-0.004726,0.026089
4.778892,3.554417,0.386944,0.769571,0.313863,0.014537,-0.147966,-0.004661,0.025729
4.78658,3.557556,0.387091,0.768102,0.313816,0.014793,-0.145898,-0.004596,0.02537
4.794254,3.560694,0.38724,0.766653,0.313771,0.015045,-0.14383,-0.004531,0.02501
4.801913,3.563831,0.387392,0.765225,0.313726,0.015293,-0.141762,-0.004466,0.024651
4.809558,3.566968,0.387546,0.763818,0.313682,0.015538,-0.139695,-0.0044,0.024291
4.81719,3.570105,0.387702,0.762432,0.313638,0.015779,-0.137627,-0.004335,0.023932
4.824807,3.573241,0.387861,0.761066,0.313595,0.016016,-0.135559,-0.00427,0.023572
4.832411,3.576377,0.388023,0.75972,0.313552,0.01625,-0.133491,-0.004205,0.023212
4.840001,3.579512,0.388186,0.758396,0.313511,0.016481,-0.131423,-0.00414,0.022853
4.847579,3.582647,0.388352,0.757092,0.31347,0.016707,-0.129356,-0.004075,0.022493
4.855143,3.585781,0.388521,0.755809,0.313429,0.01693,-0.127288,-0.00401,0.022134
4.862695,3.588916,0.388691,0.754546,0.313389,0.01715,-0.12522,-0.003945,0.021774
4.870234,3.592049,0.388864,0.753304,0.31335,0.017366,-0.123152,-0.003879,0.021415
4.877761,3.595183,0.389038,0.752083,0.313312,0.017578,-0.121084,-0.003814,0.021055
4.885276,3.598315,0.389215,0.750883,0.313274,0.017787,-0.119016,-0.003749,0.020695
4.892779,3.601448,0.389394,0.749703,0.313237,0.017992,-0.116949,-0.003684,0.020336
4.90027,3.60458,0.389575,0.748544,0.3132,0.018194,-0.114881,-0.003619,0.019976
4.90775,3.607712,0.389758,0.747405,0.313164,0.018392,-0.112813,-0.003554,0.019617
4.915218,3.610844,0.389943,0.746287,0.313129,0.018586,-0.110745,-0.003489,0.019257
4.922676,3.613975,0.39013,0.74519,0.313095,0.018777,-0.108677,-0.003423,0.018898
4.930122,3.617105,0.390318,0.744114,0.313061,0.018964,-0.10661,-0.003358,0.018538
4.937558,3.620236,0.390509,0.743058,0.313028,0.019148,-0.104542,-0.003293,0.018178
4.944984,3.623366,0.390701,0.742023,0.312995,0.019328,-0.102474,-0.003228,0.017819
4.952399,3.626496,0.390895,0.741009,0.312963,0.019504,-0.100406,-0.003163,0.017459
4.959804,3.629625,0.391091,0.740015,0.312932,0.019677,-0.098338,-0.003098,0.0171
4.967199,3.632754,0.391289,0.739042,0.312901,0.019846,-0.096271,-0.003033,0.01674
4.974585,3.635883,0.391488,0.73809,0.312871,0.020012,-0.094203,-0.002967,0.016381
4.981961,3.639012,0.391689,0.737158,0.312842,0.020174,-0.092135,-0.002902,0.016021
4.989328,3.64214,0.391892,0.736247,0.312813,0.020332,-0.090067,-0.002837,0.015662
4.996686,3.645268,0.392096,0.735356,0.312785,0.020487,-0.087999,-0.002772,0.015302
5.004035,3.648396,0.392301,0.734487,0.312758,0.020638,-0.085932,-0.002707,0.014942
5.011376,3.651523,0.392508,0.733638,0.312731,0.020786,-0.083864,-0.002642,0.014583
5.018708,3.65465,0.392717,0.73281,0.312705,0.02093,-0.081796,-0.002577,0.014223
5.026032,3.657777,0.392927,0.732002,0.312679,0.02107,-0.079728,-0.002511,0.013864
5.033348,3.660904,0.393138,0.731215,0.312654,0.021207,-0.07766,-0.002446,0.013504
5.040656,3.66403,0.393351,0.730449,0.31263,0.02134,-0.075593,-0.002381,0.013145
5.047957,3.667157,0.393565,0.729703,0.312607,0.02147,-0.073525,-0.002316,0.012785
5.05525,3.670283,0.393781,0.728978,0.312584,0.021596,-0.071457,-0.002251,0.012425
5.062537,3.673408,0.393997,0.728274,0.312562,0.021718,-0.069389,-0.002186,0.012066
5.069816,3.676534,0.394215,0.72759,0.31254,0.021837,-0.067321,-0.002121,0.011706
5.077089,3.679659,0.394434,0.726928,0.312519,0.021952,-0.065253,-0.002056,0.011347
5.084355,3.682784,0.394654,0.726285,0.312499,0.022064,-0.063186,-0.00199,0.010987
5.091614,3.685909,0.394875,0.725664,0.31248,0.022172,-0.061118,-0.001925,0.010628
5.098868,3.689034,0.395097,0.725063,0.312461,0.022277,-0.05905,-0.00186,0.010268
5.106116,3.692158,0.395321,0.724483,0.312442,0.022378,-0.056982,-0.001795,0.009908
5.113358,3.695283,0.395545,0.723923,0.312425,0.022475,-0.054914,-0.00173,0.009549
5.120594,3.698407,0.39577,0.723385,0.312408,0.022569,-0.052847,-0.001665,0.009189
5.127825,3.701531,0.395996,0.722866,0.312392,0.022659,-0.050779,-0.0016,0.00883
5.135052,3.704655,0.396223,0.722369,0.312376,0.022745,-0.048711,-0.001534,0.00847
5.142273,3.707778,0.396451,0.721892,0.312361,0.022828,-0.046643,-0.001469,0.008111
5.14949,3.710902,0.39668,0.721436,0.312346,0.022907,-0.044575,-0.001404,0.007751
5.156702,3.714025,0.396909,0.721001,0.312333,0.022983,-0.042508,-0.001339,0.007392
5.16391,3.717148,0.39714,0.720586,0.31232,0.023055,-0.04044,-0.001274,0.007032
5.171113,3.720272,0.39737,0.720192,0.312307,0.023124,-0.038372,-0.001209,0.006672
5.178314,3.723395,0.397602,0.719819,0.312295,0.023189,-0.036304,-0.001144,0.006313
5.18551,3.726518,0.397834,0.719466,0.312284,0.02325,-0.034236,-0.001078,0.005953
5.192703,3.72964,0.398067,0.719134,0.312274,0.023308,-0.032169,-0.001013,0.005594
5.199893,3.732763,0.3983,0.718822,0.312264,0.023362,-0.030101,-0.000948,0.005234
5.207079,3.735886,0.398534,0.718532,0.312255,0.023412,-0.028033,-0.000883,0.004875
5.214263,3.739008,0.398769,0.718262,0.312246,0.023459,-0.025965,-0.000818,0.004515
5.221445,3.742131,0.399003,0.718012,0.312239,0.023503,-0.023897,-0.000753,0.004155
5.228624,3.745253,0.399239,0.717784,0.312231,0.023542,-0.02183,-0.000688,0.003796
5.2358,3.748375,0.399474,0.717576,0.312225,0.023579,-0.019762,-0.000623,0.003436
5.242975,3.751497,0.39971,0.717389,0.312219,0.023611,-0.017694,-0.000557,0.003077
5.250148,3.75462,0.399946,0.717222,0.312214,0.02364,-0.015626,-0.000492,0.002717
5.25732,3.757742,0.400183,0.717076,0.312209,0.023666,-0.013558,-0.000427,0.002358
5.26449,3.760864,0.40042,0.716951,0.312205,0.023687,-0.01149,-0.000362,0.001998
5.271659,3.763986,0.400657,0.716846,0.312202,0.023705,-0.009423,-0.000297,0.001638
5.278827,3.767108,0.400894,0.716762,0.312199,0.02372,-0.007355,-0.000232,0.001279
5.285994,3.77023,0.401131,0.716699,0.312197,0.023731,-0.005287,-0.000167,0.000919
5.293161,3.773352,0.401368,0.716657,0.312196,0.023738,-0.003219,-0.000101,0.00056
5.300327,3.776474,0.401606,0.716635,0.312195,0.023742,-0.001151,-3.6e-05,0.0002
5.307494,3.779596,0.401843,0.716634,0.312195,0.023742,0.000916,2.9e-05,-0.000159
5.304318,3.778212,0.401738,0.716634,0.312195,0.023742,0.115398,-0.149162,-0.265734
5.31149,3.781327,0.401962,0.717782,0.310711,0.021098,0.114276,-0.147712,-0.263151
5.318673,3.784426,0.40216,0.718919,0.309241,0.018479,0.113155,-0.146262,-0.260569
5.325868,3.787511,0.402332,0.720045,0.307786,0.015887,0.112033,-0.144813,-0.257986
5.333074,3.790582,0.402478,0.72116,0.306345,0.01332,0.110912,-0.143363,-0.255404
5.340291,3.793638,0.402598,0.722263,0.304918,0.010779,0.109791,-0.141914,-0.252822
5.34752,3.796681,0.402694,0.723356,0.303506,0.008263,0.108669,-0.140464,-0.250239
5.354758,3.799709,0.402764,0.724437,0.302109,0.005774,0.107548,-0.139015,-0.247657
5.362008,3.802723,0.402809,0.725507,0.300726,0.00331,0.106426,-0.137565,-0.245074
5.369269,3.805723,0.40283,0.726565,0.299358,0.000872,0.105305,-0.136116,-0.242492
5.376539,3.80871,0.402827,0.727613,0.298004,-0.00154,0.104183,-0.134666,-0.23991
5.383821,3.811683,0.402799,0.728649,0.296664,-0.003926,0.103062,-0.133216,-0.237327
5.391112,3.814643,0.402748,0.729674,0.295339,-0.006286,0.101941,-0.131767,-0.234745
5.398414,3.81759,0.402674,0.730688,0.294029,-0.008621,0.100819,-0.130317,-0.232163
5.405726,3.820524,0.402576,0.73169,0.292733,-0.010929,0.099698,-0.128868,-0.22958
5.413048,3.823445,0.402455,0.732682,0.291452,-0.013212,0.098576,-0.127418,-0.226998
5.42038,3.826353,0.402312,0.733662,0.290185,-0.015469,0.097455,-0.125969,-0.224415
5.427721,3.829249,0.402146,0.734631,0.288932,-0.017701,0.096333,-0.124519,-0.221833
5.435072,3.832132,0.401958,0.735588,0.287694,-0.019906,0.095212,-0.12307,-0.219251
5.442433,3.835003,0.401748,0.736535,0.286471,-0.022086,0.094091,-0.12162,-0.216668
5.449803,3.837861,0.401516,0.73747,0.285262,-0.024239,0.092969,-0.120171,-0.214086
5.457182,3.840708,0.401263,0.738394,0.284068,-0.026367,0.091848,-0.118721,-0.211503
5.464571,3.843543,0.400989,0.739307,0.282888,-0.02847,0.090726,-0.117271,-0.208921
5.471968,3.846366,0.400694,0.740209,0.281722,-0.030546,0.089605,-0.115822,-0.206339
5.479375,3.849177,0.400378,0.741099,0.280571,-0.032596,0.088483,-0.114372,-0.203756
5.48679,3.851977,0.400042,0.741979,0.279435,-0.034621,0.087362,-0.112923,-0.201174
5.494214,3.854766,0.399686,0.742847,0.278313,-0.03662,0.08624,-0.111473,-0.198591
5.501647,3.857543,0.39931,0.743703,0.277205,-0.038593,0.085119,-0.110024,-0.196009
5.509089,3.86031,0.398914,0.744549,0.276112,-0.04054,0.083998,-0.108574,-0.193427
5.516538,3.863066,0.398499,0.745383,0.275034,-0.042461,0.082876,-0.107125,-0.190844
5.523996,3.865811,0.398065,0.746207,0.27397,-0.044357,0.081755,-0.105675,-0.188262
5.531462,3.868545,0.397612,0.747018,0.27292,-0.046227,0.080633,-0.104226,-0.185679
5.538936,3.871269,0.39714,0.747819,0.271885,-0.04807,0.079512,-0.102776,-0.183097
5.546419,3.873983,0.396651,0.748609,0.270865,-0.049889,0.07839,-0.101326,-0.180515
5.553909,3.876686,0.396143,0.749387,0.269859,-0.051681,0.077269,-0.099877,-0.177932
5.561406,3.87938,0.395617,0.750154,0.268867,-0.053447,0.076148,-0.098427,-0.17535
5.568912,3.882064,0.395074,0.75091,0.26789,-0.055188,0.075026,-0.096978,-0.172768
5.576424,3.884738,0.394513,0.751655,0.266928,-0.056903,0.073905,-0.095528,-0.170185
5.583945,3.887402,0.393936,0.752388,0.26598,-0.058591,0.072783,-0.094079,-0.167603
5.591472,3.890058,0.393342,0.75311,0.265046,-0.060255,0.071662,-0.092629,-0.16502
5.599007,3.892703,0.392731,0.753821,0.264127,-0.061892,0.07054,-0.09118,-0.162438
5.606549,3.89534,0.392104,0.754521,0.263222,-0.063503,0.069419,-0.08973,-0.159856
5.614097,3.897968,0.391461,0.75521,0.262332,-0.065089,0.068298,-0.088281,-0.157273
5.621653,3.900587,0.390802,0.755887,0.261457,-0.066649,0.067176,-0.086831,-0.154691
5.629215,3.903197,0.390128,0.756553,0.260596,-0.068183,0.066055,-0.085381,-0.152108
5.636784,3.905799,0.389439,0.757208,0.259749,-0.069691,0.064933,-0.083932,-0.149526
5.644359,3.908392,0.388734,0.757852,0.258917,-0.071173,0.063812,-0.082482,-0.146944
5.651941,3.910977,0.388015,0.758484,0.258099,-0.07263,0.06269,-0.081033,-0.144361
5.659529,3.913554,0.387282,0.759106,0.257296,-0.074061,0.061569,-0.079583,-0.141779
5.667123,3.916123,0.386534,0.759716,0.256508,-0.075465,0.060448,-0.078134,-0.139196
5.674723,3.918684,0.385773,0.760315,0.255734,-0.076844,0.059326,-0.076684,-0.136614
5.682329,3.921238,0.384997,0.760902,0.254974,-0.078198,0.058205,-0.075235,-0.134032
5.689941,3.923784,0.384209,0.761479,0.254229,-0.079525,0.057083,-0.073785,-0.131449
5.697559,3.926323,0.383407,0.762044,0.253498,-0.080827,0.055962,-0.072336,-0.128867
5.705182,3.928854,0.382592,0.762598,0.252782,-0.082102,0.05484,-0.070886,-0.126285
5.712811,3.931378,0.381765,0.763141,0.252081,-0.083352,0.053719,-0.069436,-0.123702
5.720445,3.933896,0.380925,0.763672,0.251394,-0.084576,0.052598,-0.067987,-0.12112
5.728084,3.936406,0.380073,0.764193,0.250721,-0.085775,0.051476,-0.066537,-0.118537
5.735728,3.93891,0.37921,0.764702,0.250063,-0.086947,0.050355,-0.065088,-0.115955
5.743378,3.941407,0.378335,0.7652,0.249419,-0.088094,0.049233,-0.063638,-0.113373
5.751032,3.943898,0.377448,0.765686,0.24879,-0.089215,0.048112,-0.062189,-0.11079
5.758692,3.946383,0.37655,0.766162,0.248175,-0.09031,0.04699,-0.060739,-0.108208
5.766356,3.948862,0.375642,0.766626,0.247575,-0.091379,0.045869,-0.05929,-0.105625
5.774024,3.951335,0.374723,0.767079,0.24699,-0.092422,0.044748,-0.05784,-0.103043
5.781697,3.953802,0.373794,0.767521,0.246419,-0.09344,0.043626,-0.056391,-0.100461
5.789375,3.956263,0.372854,0.767952,0.245862,-0.094431,0.042505,-0.054941,-0.097878
5.797056,3.958719,0.371905,0.768371,0.24532,-0.095397,0.041383,-0.053491,-0.095296
5.804742,3.96117,0.370946,0.76878,0.244792,-0.096337,0.040262,-0.052042,-0.092713
5.812432,3.963615,0.369978,0.769177,0.244279,-0.097252,0.03914,-0.050592,-0.090131
5.820125,3.966055,0.369001,0.769562,0.24378,-0.09814,0.038019,-0.049143,-0.087549
5.827823,3.968491,0.368016,0.769937,0.243296,-0.099002,0.036898,-0.047693,-0.084966
5.835524,3.970921,0.367021,0.7703,0.242826,-0.099839,0.035776,-0.046244,-0.082384
5.843229,3.973347,0.366019,0.770652,0.242371,-0.10065,0.034655,-0.044794,-0.079802
5.850937,3.975769,0.365009,0.770993,0.24193,-0.101435,0.033533,-0.043345,-0.077219
5.858649,3.978186,0.36399,0.771323,0.241504,-0.102195,0.032412,-0.041895,-0.074637
5.866364,3.980599,0.362965,0.771642,0.241093,-0.102928,0.03129,-0.040446,-0.072054
5.874082,3.983008,0.361932,0.771949,0.240695,-0.103636,0.030169,-0.038996,-0.069472
5.881803,3.985413,0.360892,0.772245,0.240313,-0.104317,0.029048,-0.037546,-0.06689
5.889526,3.987814,0.359846,0.77253,0.239944,-0.104973,0.027926,-0.036097,-0.064307
5.897253,3.990212,0.358793,0.772804,0.239591,-0.105604,0.026805,-0.034647,-0.061725
5.904982,3.992606,0.357734,0.773066,0.239251,-0.106208,0.025683,-0.033198,-0.059142
5.912714,3.994997,0.356669,0.773317,0.238927,-0.106786,0.024562,-0.031748,-0.05656
5.920449,3.997385,0.355598,0.773557,0.238616,-0.107339,0.02344,-0.030299,-0.053978
5.928185,3.999769,0.354522,0.773786,0.238321,-0.107866,0.022319,-0.028849,-0.051395
5.935924,4.002151,0.353441,0.774004,0.238039,-0.108367,0.021198,-0.0274,-0.048813
5.943666,4.00453,0.352355,0.77421,0.237773,-0.108842,0.020076,-0.02595,-0.04623
5.951409,4.006907,0.351264,0.774405,0.23752,-0.109292,0.018955,-0.024501,-0.043648
5.959154,4.009281,0.350169,0.774589,0.237283,-0.109715,0.017833,-0.023051,-0.041066
5.9669,4.011652,0.34907,0.774762,0.237059,-0.110113,0.016712,-0.021601,-0.038483
5.974649,4.014022,0.347967,0.774923,0.236851,-0.110485,0.01559,-0.020152,-0.035901
5.982399,4.016389,0.34686,0.775074,0.236656,-0.110831,0.014469,-0.018702,-0.033318
5.99015,4.018755,0.34575,0.775213,0.236477,-0.111151,0.013347,-0.017253,-0.030736
5.997903,4.021119,0.344637,0.775341,0.236311,-0.111446,0.012226,-0.015803,-0.028154
6.005657,4.023481,0.343521,0.775457,0.236161,-0.111714,0.011105,-0.014354,-0.025571
6.013412,4.025842,0.342403,0.775563,0.236024,-0.111957,0.009983,-0.012904,-0.022989
6.021168,4.028202,0.341282,0.775657,0.235903,-0.112174,0.008862,-0.011455,-0.020407
6.028925,4.03056,0.34016,0.77574,0.235795,-0.112365,0.00774,-0.010005,-0.017824
6.036683,4.032918,0.339035,0.775812,0.235702,-0.112531,0.006619,-0.008556,-0.015242
6.044441,4.035274,0.337909,0.775872,0.235624,-0.11267,0.005497,-0.007106,-0.012659
6.0522,4.03763,0.336782,0.775922,0.23556,-0.112784,0.004376,-0.005656,-0.010077
6.05996,4.039986,0.335654,0.77596,0.235511,-0.112872,0.003255,-0.004207,-0.007495
6.06772,4.042341,0.334524,0.775987,0.235476,-0.112934,0.002133,-0.002757,-0.004912
6.075479,4.044695,0.333395,0.776002,0.235456,-0.11297,0.001012,-0.001308,-0.00233
6.08324,4.04705,0.332265,0.776007,0.23545,-0.11298,-0.00011,0.000142,0.000253
6.082481,4.046819,0.332376,0.776007,0.23545,-0.11298,-0.147567,0.297225,0.617799
6.090233,4.049189,0.331277,0.774538,0.238408,-0.106832,-0.146142,0.294355,0.611835
6.097971,4.051587,0.330239,0.773084,0.241337,-0.100744,-0.144718,0.291486,0.60587
6.105695,4.054015,0.329262,0.771644,0.244238,-0.094715,-0.143293,0.288616,0.599906
6.113404,4.056472,0.328344,0.770218,0.247109,-0.088745,-0.141868,0.285747,0.593942
6.121099,4.058957,0.327486,0.768807,0.249953,-0.082836,-0.140444,0.282878,0.587978
6.12878,4.061471,0.326687,0.767409,0.252767,-0.076986,-0.139019,0.280008,0.582014
6.136448,4.064013,0.325947,0.766026,0.255553,-0.071196,-0.137595,0.277139,0.576049
6.144101,4.066582,0.325263,0.764657,0.25831,-0.065465,-0.13617,0.27427,0.570085
6.151741,4.069179,0.324637,0.763303,0.261038,-0.059794,-0.134745,0.2714,0.564121
6.159367,4.071803,0.324067,0.761963,0.263738,-0.054182,-0.133321,0.268531,0.558157
6.16698,4.074453,0.323553,0.760636,0.266409,-0.048631,-0.131896,0.265661,0.552193
6.17458,4.077131,0.323094,0.759325,0.269051,-0.043139,-0.130472,0.262792,0.546229
6.182167,4.079834,0.32269,0.758027,0.271665,-0.037706,-0.129047,0.259923,0.540264
6.189741,4.082564,0.32234,0.756744,0.274249,-0.032333,-0.127622,0.257053,0.5343
6.197302,4.085319,0.322043,0.755475,0.276806,-0.02702,-0.126198,0.254184,0.528336
6.20485,4.0881,0.3218,0.75422,0.279333,-0.021767,-0.124773,0.251314,0.522372
6.212386,4.090906,0.321608,0.752979,0.281832,-0.016573,-0.123349,0.248445,0.516408
6.21991,4.093737,0.321468,0.751753,0.284302,-0.011438,-0.121924,0.245576,0.510443
6.227421,4.096592,0.321379,0.750541,0.286743,-0.006364,-0.120499,0.242706,0.504479
6.234921,4.099471,0.32134,0.749343,0.289156,-0.001349,-0.119075,0.239837,0.498515
6.242408,4.102375,0.321352,0.748159,0.29154,0.003606,-0.11765,0.236968,0.492551
6.249884,4.105302,0.321412,0.74699,0.293896,0.008502,-0.116226,0.234098,0.486587
6.257348,4.108253,0.321522,0.745835,0.296222,0.013338,-0.114801,0.231229,0.480622
6.264801,4.111226,0.321679,0.744694,0.29852,0.018115,-0.113376,0.228359,0.474658
6.272242,4.114223,0.321884,0.743567,0.300789,0.022831,-0.111952,0.22549,0.468694
6.279672,4.117242,0.322135,0.742455,0.30303,0.027488,-0.110527,0.222621,0.46273
6.287091,4.120283,0.322433,0.741357,0.305242,0.032086,-0.109103,0.219751,0.456766
6.294499,4.123347,0.322777,0.740273,0.307425,0.036624,-0.107678,0.216882,0.450802
6.301896,4.126432,0.323165,0.739203,0.309579,0.041102,-0.106253,0.214012,0.444837
6.309283,4.129538,0.323599,0.738148,0.311705,0.045521,-0.104829,0.211143,0.438873
6.316659,4.132666,0.324076,0.737106,0.313802,0.049879,-0.103404,0.208274,0.432909
6.324025,4.135814,0.324596,0.73608,0.315871,0.054179,-0.10198,0.205404,0.426945
6.331381,4.138983,0.325159,0.735067,0.31791,0.058418,-0.100555,0.202535,0.420981
6.338727,4.142172,0.325764,0.734068,0.319921,0.062598,-0.09913,0.199665,0.415016
6.346063,4.145382,0.326411,0.733084,0.321904,0.066719,-0.097706,0.196796,0.409052
6.353388,4.14861,0.327098,0.732114,0.323857,0.070779,-0.096281,0.193927,0.403088
6.360705,4.151859,0.327826,0.731159,0.325782,0.07478,-0.094857,0.191057,0.397124
6.368012,4.155126,0.328594,0.730217,0.327678,0.078722,-0.093432,0.188188,0.39116
6.375309,4.158412,0.3294,0.72929,0.329546,0.082604,-0.092007,0.185319,0.385196
6.382598,4.161717,0.330246,0.728377,0.331385,0.086426,-0.090583,0.182449,0.379231
6.389877,4.16504,0.331129,0.727478,0.333195,0.090188,-0.089158,0.17958,0.373267
6.397147,4.168381,0.332049,0.726594,0.334976,0.093891,-0.087734,0.17671,0.367303
6.404409,4.171739,0.333006,0.725724,0.336729,0.097534,-0.086309,0.173841,0.361339
6.411662,4.175115,0.334,0.724868,0.338453,0.101118,-0.084884,0.170972,0.355375
6.418906,4.178508,0.335029,0.724026,0.340149,0.104642,-0.08346,0.168102,0.34941
6.426142,4.181918,0.336092,0.723198,0.341815,0.108106,-0.082035,0.165233,0.343446
6.43337,4.185344,0.337191,0.722385,0.343453,0.111511,-0.080611,0.162363,0.337482
6.44059,4.188787,0.338322,0.721586,0.345062,0.114856,-0.079186,0.159494,0.331518
6.447802,4.192245,0.339487,0.720802,0.346643,0.118141,-0.077761,0.156625,0.325554
6.455006,4.19572,0.340685,0.720031,0.348195,0.121367,-0.076337,0.153755,0.319589
6.462203,4.199209,0.341915,0.719275,0.349718,0.124533,-0.074912,0.150886,0.313625
6.469392,4.202714,0.343175,0.718533,0.351213,0.127639,-0.073488,0.148017,0.307661
6.476573,4.206233,0.344467,0.717805,0.352679,0.130686,-0.072063,0.145147,0.301697
6.483748,4.209767,0.345789,0.717092,0.354116,0.133673,-0.070638,0.142278,0.295733
6.490915,4.213316,0.34714,0.716392,0.355524,0.136601,-0.069214,0.139408,0.289769
6.498076,4.216878,0.348521,0.715707,0.356904,0.139469,-0.067789,0.136539,0.283804
6.505229,4.220454,0.34993,0.715036,0.358255,0.142277,-0.066365,0.13367,0.27784
6.512376,4.224043,0.351366,0.71438,0.359577,0.145025,-0.06494,0.1308,0.271876
6.519517,4.227645,0.35283,0.713738,0.360871,0.147714,-0.063515,0.127931,0.265912
6.526651,4.23126,0.35432,0.71311,0.362136,0.150344,-0.062091,0.125061,0.259948
6.533779,4.234888,0.355837,0.712496,0.363372,0.152913,-0.060666,0.122192,0.253983
6.540901,4.238527,0.357378,0.711896,0.36458,0.155423,-0.059242,0.119323,0.248019
6.548017,4.242179,0.358945,0.711311,0.365759,0.157874,-0.057817,0.116453,0.242055
6.555127,4.245842,0.360536,0.71074,0.366909,0.160264,-0.056392,0.113584,0.236091
6.562232,4.249517,0.36215,0.710183,0.36803,0.162596,-0.054968,0.110715,0.230127
6.569331,4.253203,0.363787,0.709641,0.369123,0.164867,-0.053543,0.107845,0.224162
6.576425,4.2569,0.365447,0.709112,0.370187,0.167079,-0.052119,0.104976,0.218198
6.583513,4.260607,0.367129,0.708598,0.371223,0.169231,-0.050694,0.102106,0.212234
6.590597,4.264324,0.368831,0.708098,0.372229,0.171323,-0.049269,0.099237,0.20627
6.597675,4.268051,0.370555,0.707613,0.373207,0.173356,-0.047845,0.096368,0.200306
6.604749,4.271788,0.372298,0.707142,0.374157,0.17533,-0.04642,0.093498,0.194342
6.611818,4.275534,0.374061,0.706684,0.375077,0.177243,-0.044996,0.090629,0.188377
6.618883,4.279289,0.375843,0.706242,0.375969,0.179097,-0.043571,0.087759,0.182413
6.625943,4.283053,0.377643,0.705813,0.376832,0.180891,-0.042146,0.08489,0.176449
6.632999,4.286826,0.379461,0.705399,0.377667,0.182626,-0.040722,0.082021,0.170485
6.640051,4.290607,0.381295,0.704999,0.378473,0.184301,-0.039297,0.079151,0.164521
6.647099,4.294395,0.383147,0.704613,0.37925,0.185916,-0.037873,0.076282,0.158556
6.654144,4.298192,0.385014,0.704241,0.379998,0.187472,-0.036448,0.073413,0.152592
6.661184,4.301995,0.386896,0.703884,0.380718,0.188968,-0.035023,0.070543,0.146628
6.668221,4.305806,0.388793,0.703541,0.381409,0.190405,-0.033599,0.067674,0.140664
6.675255,4.309623,0.390704,0.703212,0.382072,0.191782,-0.032174,0.064804,0.1347
6.682286,4.313447,0.392628,0.702897,0.382705,0.193099,-0.03075,0.061935,0.128735
6.689313,4.317277,0.394565,0.702597,0.38331,0.194356,-0.029325,0.059066,0.122771
6.696338,4.321113,0.396515,0.702311,0.383887,0.195554,-0.0279,0.056196,0.116807
6.703359,4.324955,0.398476,0.702039,0.384434,0.196692,-0.026476,0.053327,0.110843
6.710378,4.328802,0.400449,0.701781,0.384953,0.197771,-0.025051,0.050457,0.104879
6.717395,4.332654,0.402432,0.701538,0.385444,0.19879,-0.023627,0.047588,0.098915
6.724409,4.336511,0.404424,0.701309,0.385905,0.199749,-0.022202,0.044719,0.09295
6.731421,4.340372,0.406426,0.701094,0.386338,0.200649,-0.020777,0.041849,0.086986
6.738431,4.344237,0.408437,0.700893,0.386742,0.201489,-0.019353,0.03898,0.081022
6.745439,4.348107,0.410456,0.700707,0.387117,0.202269,-0.017928,0.03611,0.075058
6.752445,4.35198,0.412482,0.700535,0.387464,0.20299,-0.016504,0.033241,0.069094
6.75945,4.355856,0.414516,0.700377,0.387782,0.203651,-0.015079,0.030372,0.063129
6.766453,4.359735,0.416555,0.700233,0.388072,0.204253,-0.013654,0.027502,0.057165
6.773455,4.363617,0.4186,0.700104,0.388332,0.204795,-0.01223,0.024633,0.051201
6.780455,4.367502,0.420651,0.699988,0.388564,0.205277,-0.010805,0.021764,0.045237
6.787454,4.371388,0.422706,0.699887,0.388768,0.205699,-0.009381,0.018894,0.039273
6.794453,4.375277,0.424765,0.699801,0.388942,0.206062,-0.007956,0.016025,0.033308
6.80145,4.379167,0.426827,0.699728,0.389088,0.206366,-0.006531,0.013155,0.027344
6.808447,4.383059,0.428892,0.69967,0.389205,0.206609,-0.005107,0.010286,0.02138
6.815444,4.386951,0.430959,0.699626,0.389294,0.206793,-0.003682,0.007417,0.015416
6.82244,4.390844,0.433027,0.699596,0.389354,0.206918,-0.002258,0.004547,0.009452
6.829436,4.394738,0.435097,0.699581,0.389385,0.206982,-0.000833,0.001678,0.003488
6.836432,4.398632,0.437167,0.69958,0.389387,0.206987,0.000592,-0.001192,-0.002477
6.833527,4.397015,0.436307,0.69958,0.389387,0.206987,0.185273,-0.388674,-1.307774
6.840532,4.40089,0.438312,0.701418,0.385532,0.194015,0.182298,-0.382431,-1.286771
6.847555,4.404726,0.440188,0.703226,0.381739,0.181252,0.179322,-0.376189,-1.265769
6.854596,4.408525,0.441938,0.705004,0.378008,0.168699,0.176347,-0.369947,-1.244766
6.861655,4.412286,0.443563,0.706753,0.37434,0.156357,0.173371,-0.363705,-1.223763
6.868731,4.416012,0.445066,0.708472,0.370734,0.144224,0.170396,-0.357463,-1.20276
6.875824,4.419701,0.446448,0.710161,0.36719,0.132301,0.16742,-0.351221,-1.181757
6.882934,4.423356,0.447712,0.71182,0.363709,0.120589,0.164445,-0.344979,-1.160754
6.89006,4.426976,0.448861,0.713449,0.360291,0.109086,0.161469,-0.338737,-1.139751
6.897203,4.430562,0.449895,0.715049,0.356935,0.097794,0.158494,-0.332495,-1.118749
6.904361,4.434114,0.450817,0.716619,0.353641,0.086711,0.155518,-0.326253,-1.097746
6.911535,4.437635,0.45163,0.71816,0.35041,0.075839,0.152543,-0.32001,-1.076743
6.918724,4.441123,0.452335,0.71967,0.347241,0.065176,0.149567,-0.313768,-1.05574
6.925929,4.44458,0.452934,0.721151,0.344134,0.054724,0.146592,-0.307526,-1.034737
6.933147,4.448006,0.45343,0.722602,0.34109,0.044482,0.143616,-0.301284,-1.013734
6.940381,4.451402,0.453824,0.724023,0.338109,0.034449,0.140641,-0.295042,-0.992731
6.947628,4.454768,0.45412,0.725415,0.335189,0.024627,0.137665,-0.2888,-0.971729
6.954889,4.458106,0.454318,0.726777,0.332333,0.015015,0.13469,-0.282558,-0.950726
6.962163,4.461415,0.454421,0.728109,0.329538,0.005613,0.131714,-0.276316,-0.929723
6.969451,4.464697,0.454431,0.729411,0.326806,-0.00358,0.128739,-0.270074,-0.90872
6.976751,4.467951,0.45435,0.730683,0.324137,-0.012562,0.125763,-0.263832,-0.887717
6.984064,4.47118,0.45418,0.731926,0.32153,-0.021334,0.122788,-0.257589,-0.866714
6.99139,4.474382,0.453924,0.733139,0.318985,-0.029896,0.119812,-0.251347,-0.845711
6.998727,4.477559,0.453583,0.734322,0.316503,-0.038248,0.116837,-0.245105,-0.824709
7.006076,4.480712,0.453159,0.735476,0.314083,-0.04639,0.113861,-0.238863,-0.803706
7.013436,4.483841,0.452656,0.7366,0.311725,-0.054322,0.110886,-0.232621,-0.782703
7.020808,4.486947,0.452074,0.737694,0.30943,-0.062044,0.10791,-0.226379,-0.7617
7.02819,4.49003,0.451415,0.738758,0.307198,-0.069556,0.104935,-0.220137,-0.740697
7.035583,4.493091,0.450683,0.739792,0.305028,-0.076858,0.101959,-0.213895,-0.719694
7.042986,4.496131,0.449879,0.740797,0.30292,-0.08395,0.098984,-0.207653,-0.698691
7.050399,4.49915,0.449005,0.741772,0.300875,-0.090832,0.096008,-0.201411,-0.677689
7.057821,4.502149,0.448063,0.742717,0.298892,-0.097504,0.093033,-0.195168,-0.656686
7.065253,4.505128,0.447056,0.743633,0.296971,-0.103966,0.090058,-0.188926,-0.635683
7.072694,4.508088,0.445984,0.744518,0.295113,-0.110218,0.087082,-0.182684,-0.61468
7.080143,4.51103,0.444852,0.745374,0.293318,-0.116259,0.084107,-0.176442,-0.593677
7.087601,4.513955,0.44366,0.746201,0.291584,-0.122091,0.081131,-0.1702,-0.572674
7.095067,4.516862,0.442411,0.746997,0.289914,-0.127713,0.078156,-0.163958,-0.551671
7.102541,4.519753,0.441106,0.747764,0.288305,-0.133125,0.07518,-0.157716,-0.530669
7.110022,4.522629,0.439749,0.748501,0.286759,-0.138326,0.072205,-0.151474,-0.509666
7.117511,4.525489,0.438341,0.749208,0.285276,-0.143318,0.069229,-0.145232,-0.488663
7.125007,4.528334,0.436883,0.749885,0.283855,-0.1481,0.066254,-0.13899,-0.46766
7.132509,4.531166,0.435379,0.750533,0.282496,-0.152671,0.063278,-0.132748,-0.446657
7.140017,4.533984,0.433831,0.751151,0.2812,-0.157033,0.060303,-0.126505,-0.425654
7.147532,4.53679,0.432239,0.751739,0.279966,-0.161184,0.057327,-0.120263,-0.404651
7.155052,4.539584,0.430608,0.752297,0.278794,-0.165126,0.054352,-0.114021,-0.383649
7.162577,4.542366,0.428937,0.752826,0.277685,-0.168857,0.051376,-0.107779,-0.362646
7.170108,4.545138,0.427231,0.753325,0.276639,-0.172379,0.048401,-0.101537,-0.341643
7.177644,4.547899,0.425491,0.753794,0.275655,-0.17569,0.045425,-0.095295,-0.32064
7.185184,4.550651,0.423718,0.754233,0.274733,-0.178791,0.04245,-0.089053,-0.299637
7.192728,4.553394,0.421915,0.754643,0.273874,-0.181683,0.039474,-0.082811,-0.278634
7.200277,4.556129,0.420085,0.755023,0.273077,-0.184364,0.036499,-0.076569,-0.257631
7.207829,4.558856,0.418229,0.755373,0.272342,-0.186835,0.033523,-0.070327,-0.236629
7.215384,4.561576,0.416349,0.755693,0.27167,-0.189097,0.030548,-0.064084,-0.215626
7.222942,4.564289,0.414448,0.755984,0.271061,-0.191148,0.027572,-0.057842,-0.194623
7.230504,4.566997,0.412527,0.756245,0.270513,-0.192989,0.024597,-0.0516,-0.17362
7.238067,4.5697,0.410589,0.756476,0.270029,-0.19462,0.021621,-0.045358,-0.152617
7.245633,4.572398,0.408635,0.756677,0.269606,-0.196042,0.018646,-0.039116,-0.131614
7.253201,4.575092,0.406668,0.756849,0.269246,-0.197253,0.01567,-0.032874,-0.110611
7.26077,4.577783,0.404691,0.75699,0.268949,-0.198254,0.012695,-0.026632,-0.089609
7.26834,4.580471,0.402704,0.757103,0.268714,-0.199045,0.009719,-0.02039,-0.068606
7.275912,4.583158,0.400711,0.757185,0.268541,-0.199626,0.006744,-0.014148,-0.047603
7.283484,4.585843,0.398712,0.757237,0.268431,-0.199997,0.003768,-0.007906,-0.0266
7.291057,4.588527,0.396711,0.75726,0.268383,-0.200158,0.000793,-0.001663,-0.005597
7.298629,4.59121,0.39471,0.757253,0.268397,-0.200109,-0.002183,0.004579,0.015406
7.293075,4.589242,0.396178,0.757253,0.268397,-0.200109,-0.103596,0.224145,0.772504
7.300642,4.591937,0.394215,0.756223,0.270627,-0.192425,-0.102503,0.22178,0.764355
7.308199,4.594654,0.392329,0.755203,0.272833,-0.184822,-0.10141,0.219416,0.756206
7.315746,4.597393,0.390519,0.754195,0.275015,-0.1773,-0.100317,0.217051,0.748058
7.323283,4.600154,0.388783,0.753197,0.277174,-0.169861,-0.099224,0.214687,0.739909
7.33081,4.602937,0.387121,0.75221,0.279309,-0.162502,-0.098132,0.212323,0.73176
7.338327,4.605741,0.385533,0.751234,0.28142,-0.155225,-0.097039,0.209958,0.723612
7.345835,4.608565,0.384016,0.750269,0.283508,-0.14803,-0.095946,0.207594,0.715463
7.353333,4.611411,0.382572,0.749315,0.285572,-0.140916,-0.094853,0.20523,0.707314
7.360821,4.614277,0.381198,0.748372,0.287613,-0.133884,-0.093761,0.202865,0.699166
7.3683,4.617163,0.379894,0.74744,0.28963,-0.126933,-0.092668,0.200501,0.691017
7.37577,4.620069,0.378659,0.746519,0.291623,-0.120063,-0.091575,0.198137,0.682869
7.383231,4.622995,0.377492,0.745609,0.293592,-0.113275,-0.090482,0.195772,0.67472
7.390682,4.625941,0.376393,0.744709,0.295538,-0.106569,-0.08939,0.193408,0.666571
7.398125,4.628906,0.375361,0.743821,0.29746,-0.099944,-0.088297,0.191043,0.658423
7.405559,4.63189,0.374394,0.742943,0.299359,-0.093401,-0.087204,0.188679,0.650274
7.412984,4.634893,0.373492,0.742077,0.301234,-0.086939,-0.086111,0.186315,0.642125
7.4204,4.637915,0.372655,0.741221,0.303085,-0.080558,-0.085019,0.18395,0.633977
7.427808,4.640955,0.371881,0.740376,0.304913,-0.074259,-0.083926,0.181586,0.625828
7.435208,4.644013,0.371169,0.739543,0.306717,-0.068041,-0.082833,0.179222,0.617679
7.442599,4.647089,0.37052,0.73872,0.308498,-0.061905,-0.08174,0.176857,0.609531
7.449982,4.650183,0.369931,0.737908,0.310254,-0.055851,-0.080647,0.174493,0.601382
7.457357,4.653294,0.369402,0.737107,0.311987,-0.049878,-0.079555,0.172129,0.593233
7.464724,4.656422,0.368933,0.736317,0.313697,-0.043986,-0.078462,0.169764,0.585085
7.472084,4.659568,0.368522,0.735538,0.315383,-0.038176,-0.077369,0.1674,0.576936
7.479435,4.66273,0.368169,0.734769,0.317045,-0.032447,-0.076276,0.165036,0.568787
7.486779,4.665909,0.367873,0.734012,0.318683,-0.0268,-0.075184,0.162671,0.560639
7.494115,4.669103,0.367633,0.733266,0.320298,-0.021235,-0.074091,0.160307,0.55249
7.501444,4.672314,0.367448,0.73253,0.321889,-0.015751,-0.072998,0.157942,0.544341
7.508766,4.675541,0.367318,0.731806,0.323457,-0.010348,-0.071905,0.155578,0.536193
7.516081,4.678783,0.367241,0.731092,0.325001,-0.005027,-0.070813,0.153214,0.528044
7.523388,4.682041,0.367217,0.730389,0.326521,0.000213,-0.06972,0.150849,0.519895
7.530688,4.685314,0.367245,0.729698,0.328018,0.005371,-0.068627,0.148485,0.511747
7.537982,4.688601,0.367324,0.729017,0.329491,0.010448,-0.067534,0.146121,0.503598
7.545269,4.691904,0.367454,0.728347,0.33094,0.015443,-0.066442,0.143756,0.495449
7.552549,4.69522,0.367633,0.727688,0.332366,0.020357,-0.065349,0.141392,0.487301
7.559823,4.698551,0.367861,0.72704,0.333768,0.025189,-0.064256,0.139028,0.479152
7.56709,4.701895,0.368136,0.726403,0.335147,0.02994,-0.063163,0.136663,0.471004
7.574351,4.705254,0.368459,0.725777,0.336502,0.034609,-0.06207,0.134299,0.462855
7.581605,4.708625,0.368828,0.725162,0.337833,0.039197,-0.060978,0.131935,0.454706
7.588854,4.71201,0.369243,0.724557,0.33914,0.043703,-0.059885,0.12957,0.446558
7.596096,4.715408,0.369702,0.723964,0.340424,0.048128,-0.058792,0.127206,0.438409
7.603333,4.718819,0.370205,0.723381,0.341684,0.052472,-0.057699,0.124841,0.43026
7.610564,4.722242,0.370751,0.72281,0.342921,0.056733,-0.056607,0.122477,0.422112
7.617789,4.725677,0.371339,0.722249,0.344134,0.060914,-0.055514,0.120113,0.413963
7.625009,4.729124,0.371969,0.7217,0.345323,0.065013,-0.054421,0.117748,0.405814
7.632223,4.732583,0.372639,0.721161,0.346489,0.06903,-0.053328,0.115384,0.397666
7.639432,4.736054,0.373349,0.720633,0.347631,0.072966,-0.052236,0.11302,0.389517
7.646636,4.739536,0.374098,0.720116,0.348749,0.07682,-0.051143,0.110655,0.381368
7.653835,4.743029,0.374886,0.71961,0.349844,0.080593,-0.05005,0.108291,0.37322
7.661028,4.746533,0.37571,0.719115,0.350915,0.084285,-0.048957,0.105927,0.365071
7.668217,4.750047,0.376571,0.718631,0.351963,0.087895,-0.047865,0.103562,0.356922
7.675401,4.753572,0.377468,0.718158,0.352986,0.091423,-0.046772,0.101198,0.348774
7.68258,4.757107,0.378399,0.717696,0.353986,0.09487,-0.045679,0.098833,0.340625
7.689755,4.760652,0.379365,0.717244,0.354963,0.098236,-0.044586,0.096469,0.332476
7.696925,4.764206,0.380364,0.716804,0.355916,0.10152,-0.043494,0.094105,0.324328
7.704091,4.76777,0.381395,0.716374,0.356845,0.104722,-0.042401,0.09174,0.316179
7.711253,4.771343,0.382458,0.715956,0.357751,0.107843,-0.041308,0.089376,0.30803
7.71841,4.774925,0.383552,0.715548,0.358633,0.110883,-0.040215,0.087012,0.299882
7.725564,4.778515,0.384675,0.715151,0.359491,0.113841,-0.039122,0.084647,0.291733
7.732713,4.782114,0.385828,0.714766,0.360326,0.116718,-0.03803,0.082283,0.283584
7.739859,4.785722,0.387009,0.714391,0.361137,0.119513,-0.036937,0.079919,0.275436
7.747001,4.789337,0.388218,0.714027,0.361924,0.122226,-0.035844,0.077554,0.267287
7.75414,4.79296,0.389454,0.713674,0.362688,0.124858,-0.034751,0.07519,0.259139
7.761275,4.796591,0.390715,0.713332,0.363428,0.127409,-0.033659,0.072826,0.25099
7.768406,4.800229,0.392001,0.713001,0.364144,0.129878,-0.032566,0.070461,0.242841
7.775535,4.803874,0.393312,0.712681,0.364837,0.132266,-0.031473,0.068097,0.234693
7.78266,4.807525,0.394647,0.712371,0.365506,0.134572,-0.03038,0.065732,0.226544
7.789782,4.811184,0.396003,0.712073,0.366152,0.136797,-0.029288,0.063368,0.218395
7.796901,4.814848,0.397382,0.711786,0.366773,0.13894,-0.028195,0.061004,0.210247
7.804018,4.818519,0.398782,0.711509,0.367372,0.141002,-0.027102,0.058639,0.202098
7.811132,4.822196,0.400202,0.711244,0.367946,0.142982,-0.026009,0.056275,0.193949
7.818243,4.825878,0.401641,0.710989,0.368497,0.144881,-0.024917,0.053911,0.185801
7.825352,4.829565,0.403099,0.710745,0.369024,0.146698,-0.023824,0.051546,0.177652
7.832458,4.833258,0.404575,0.710512,0.369528,0.148434,-0.022731,0.049182,0.169503
7.839562,4.836956,0.406068,0.710291,0.370008,0.150088,-0.021638,0.046818,0.161355
7.846664,4.840658,0.407577,0.71008,0.370464,0.151661,-0.020545,0.044453,0.153206
7.853763,4.844365,0.409101,0.70988,0.370897,0.153152,-0.019453,0.042089,0.145057
7.860861,4.848076,0.410639,0.709691,0.371306,0.154562,-0.01836,0.039725,0.136909
7.867957,4.851791,0.412192,0.709513,0.371692,0.15589,-0.017267,0.03736,0.12876
7.875052,4.85551,0.413757,0.709345,0.372053,0.157137,-0.016174,0.034996,0.120611
7.882144,4.859232,0.415334,0.709189,0.372392,0.158303,-0.015082,0.032631,0.112463
7.889235,4.862958,0.416923,0.709044,0.372706,0.159386,-0.013989,0.030267,0.104314
7.896325,4.866686,0.418522,0.708909,0.372997,0.160389,-0.012896,0.027903,0.096165
7.903414,4.870418,0.42013,0.708786,0.373264,0.16131,-0.011803,0.025538,0.088017
7.910501,4.874151,0.421747,0.708673,0.373508,0.162149,-0.010711,0.023174,0.079868
7.917587,4.877888,0.423373,0.708572,0.373728,0.162907,-0.009618,0.02081,0.071719
7.924672,4.881626,0.425005,0.708481,0.373924,0.163584,-0.008525,0.018445,0.063571
7.931757,4.885366,0.426644,0.708401,0.374097,0.164179,-0.007432,0.016081,0.055422
7.93884,4.889108,0.428289,0.708332,0.374246,0.164692,-0.00634,0.013717,0.047274
7.945923,4.892851,0.429938,0.708274,0.374371,0.165124,-0.005247,0.011352,0.039125
7.953006,4.896595,0.431591,0.708227,0.374473,0.165475,-0.004154,0.008988,0.030976
7.960088,4.90034,0.433247,0.708191,0.374551,0.165744,-0.003061,0.006623,0.022828
7.96717,4.904086,0.434905,0.708166,0.374605,0.165931,-0.001968,0.004259,0.014679
7.974251,4.907832,0.436565,0.708152,0.374636,0.166037,-0.000876,0.001895,0.00653
7.981333,4.911579,0.438226,0.708149,0.374643,0.166062,0.000217,-0.00047,-0.001618
7.979926,4.910835,0.437896,0.708149,0.374643,0.166062,0.073617,-0.162037,-0.503992
7.987012,4.914573,0.439532,0.708882,0.373029,0.161043,0.072996,-0.16067,-0.499739
7.994104,4.918295,0.441117,0.709608,0.37143,0.156067,0.072375,-0.159302,-0.495485
8.001204,4.922002,0.442653,0.710329,0.369843,0.151133,0.071753,-0.157935,-0.491232
8.008311,4.925692,0.44414,0.711043,0.368271,0.146242,0.071132,-0.156567,-0.486979
8.015425,4.929367,0.445578,0.711752,0.366712,0.141394,0.070511,-0.1552,-0.482725
8.022546,4.933026,0.446968,0.712454,0.365167,0.136588,0.069889,-0.153832,-0.478472
8.029674,4.93667,0.44831,0.713149,0.363635,0.131824,0.069268,-0.152465,-0.474219
8.036809,4.940299,0.449605,0.713839,0.362118,0.127103,0.068647,-0.151097,-0.469965
8.04395,4.943913,0.450852,0.714522,0.360613,0.122425,0.068026,-0.14973,-0.465712
8.051099,4.947512,0.452053,0.7152,0.359123,0.117789,0.067404,-0.148362,-0.461459
8.058254,4.951095,0.453208,0.715871,0.357646,0.113196,0.066783,-0.146995,-0.457205
8.065416,4.954664,0.454317,0.716535,0.356183,0.108645,0.066162,-0.145627,-0.452952
8.072585,4.958219,0.455381,0.717194,0.354734,0.104137,0.065541,-0.14426,-0.448699
8.07976,4.961759,0.4564,0.717846,0.353298,0.099671,0.064919,-0.142892,-0.444445
8.086942,4.965285,0.457375,0.718492,0.351876,0.095248,0.064298,-0.141525,-0.440192
8.09413,4.968797,0.458305,0.719132,0.350467,0.090867,0.063677,-0.140157,-0.435939
8.101325,4.972294,0.459192,0.719766,0.349073,0.086529,0.063055,-0.13879,-0.431685
8.108525,4.975778,0.460036,0.720393,0.347692,0.082234,0.062434,-0.137422,-0.427432
8.115732,4.979248,0.460837,0.721014,0.346324,0.07798,0.061813,-0.136055,-0.423179
8.122946,4.982705,0.461596,0.721629,0.34497,0.07377,0.061192,-0.134688,-0.418925
8.130165,4.986148,0.462313,0.722238,0.34363,0.069602,0.06057,-0.13332,-0.414672
8.13739,4.989577,0.462988,0.722841,0.342304,0.065477,0.059949,-0.131953,-0.410419
8.144622,4.992994,0.463622,0.723437,0.340991,0.061394,0.059328,-0.130585,-0.406165
8.151859,4.996397,0.464216,0.724027,0.339692,0.057353,0.058706,-0.129218,-0.401912
8.159102,4.999788,0.464769,0.724611,0.338407,0.053355,0.058085,-0.12785,-0.397659
8.166351,5.003166,0.465283,0.725189,0.337135,0.0494,0.057464,-0.126483,-0.393405
8.173606,5.006531,0.465758,0.725761,0.335877,0.045487,0.056843,-0.125115,-0.389152
8.180867,5.009883,0.466193,0.726326,0.334633,0.041617,0.056221,-0.123748,-0.384899
8.188133,5.013223,0.46659,0.726885,0.333402,0.037789,0.0556,-0.12238,-0.380645
8.195404,5.016551,0.466949,0.727438,0.332185,0.034004,0.054979,-0.121013,-0.376392
8.202681,5.019867,0.46727,0.727985,0.330982,0.030261,0.054358,-0.119645,-0.372139
8.209964,5.023171,0.467554,0.728525,0.329793,0.026561,0.053736,-0.118278,-0.367885
8.217252,5.026463,0.467802,0.729059,0.328617,0.022904,0.053115,-0.11691,-0.363632
8.224545,5.029743,0.468013,0.729587,0.327454,0.019289,0.052494,-0.115543,-0.359379
8.231844,5.033012,0.468188,0.730109,0.326306,0.015716,0.051872,-0.114175,-0.355125
8.239147,5.036269,0.468327,0.730625,0.325171,0.012186,0.051251,-0.112808,-0.350872
8.246456,5.039516,0.468431,0.731134,0.32405,0.008699,0.05063,-0.11144,-0.346619
8.25377,5.04275,0.468501,0.731637,0.322942,0.005254,0.050009,-0.110073,-0.342365
8.261089,5.045974,0.468537,0.732134,0.321848,0.001851,0.049387,-0.108705,-0.338112
8.268413,5.049187,0.468538,0.732625,0.320768,-0.001508,0.048766,-0.107338,-0.333859
8.275741,5.05239,0.468507,0.73311,0.319701,-0.004826,0.048145,-0.10597,-0.329605
8.283075,5.055582,0.468442,0.733588,0.318648,-0.0081,0.047524,-0.104603,-0.325352
8.290413,5.058763,0.468345,0.73406,0.317609,-0.011333,0.046902,-0.103236,-0.321099
8.297756,5.061934,0.468215,0.734526,0.316584,-0.014522,0.046281,-0.101868,-0.316845
8.305103,5.065095,0.468054,0.734986,0.315572,-0.01767,0.04566,-0.100501,-0.312592
8.312456,5.068245,0.467862,0.735439,0.314574,-0.020774,0.045038,-0.099133,-0.308339
8.319812,5.071386,0.467639,0.735887,0.313589,-0.023836,0.044417,-0.097766,-0.304085
8.327173,5.074517,0.467386,0.736328,0.312618,-0.026856,0.043796,-0.096398,-0.299832
8.334539,5.077638,0.467102,0.736762,0.311661,-0.029833,0.043175,-0.095031,-0.295579
8.341909,5.08075,0.466789,0.737191,0.310718,-0.032768,0.042553,-0.093663,-0.291325
8.349283,5.083853,0.466447,0.737614,0.309788,-0.03566,0.041932,-0.092296,-0.287072
8.356661,5.086946,0.466076,0.73803,0.308872,-0.038509,0.041311,-0.090928,-0.282819
8.364043,5.09003,0.465677,0.73844,0.307969,-0.041316,0.040689,-0.089561,-0.278565
8.37143,5.093106,0.46525,0.738844,0.307081,-0.04408,0.040068,-0.088193,-0.274312
8.37882,5.096172,0.464795,0.739241,0.306206,-0.046802,0.039447,-0.086826,-0.270058
8.386214,5.09923,0.464314,0.739632,0.305344,-0.049481,0.038826,-0.085458,-0.265805
8.393613,5.102279,0.463806,0.740018,0.304496,-0.052118,0.038204,-0.084091,-0.261552
8.401015,5.10532,0.463272,0.740397,0.303662,-0.054713,0.037583,-0.082723,-0.257298
8.40842,5.108352,0.462712,0.740769,0.302842,-0.057264,0.036962,-0.081356,-0.253045
8.41583,5.111377,0.462127,0.741136,0.302035,-0.059773,0.036341,-0.079988,-0.248792
8.423243,5.114393,0.461516,0.741496,0.301242,-0.06224,0.035719,-0.078621,-0.244538
8.43066,5.117402,0.460882,0.74185,0.300463,-0.064664,0.035098,-0.077253,-0.240285
8.43808,5.120402,0.460223,0.742198,0.299697,-0.067046,0.034477,-0.075886,-0.236032
8.445504,5.123395,0.459541,0.74254,0.298945,-0.069385,0.033855,-0.074518,-0.231778
8.452931,5.126381,0.458836,0.742875,0.298207,-0.071681,0.033234,-0.073151,-0.227525
8.460361,5.12936,0.458108,0.743204,0.297482,-0.073935,0.032613,-0.071784,-0.223272
8.467795,5.132331,0.457357,0.743527,0.296771,-0.076147,0.031992,-0.070416,-0.219018
8.475232,5.135295,0.456585,0.743844,0.296074,-0.078316,0.03137,-0.069049,-0.214765
8.482672,5.138252,0.455791,0.744155,0.29539,-0.080442,0.030749,-0.067681,-0.210512
8.490115,5.141203,0.454976,0.744459,0.29472,-0.082526,0.030128,-0.066314,-0.206258
8.497561,5.144147,0.454141,0.744757,0.294064,-0.084567,0.029506,-0.064946,-0.202005
8.50501,5.147084,0.453285,0.745049,0.293421,-0.086566,0.028885,-0.063579,-0.197752
8.512462,5.150015,0.452409,0.745335,0.292792,-0.088522,0.028264,-0.062211,-0.193498
8.519917,5.15294,0.451515,0.745615,0.292177,-0.090436,0.027643,-0.060844,-0.189245
8.527374,5.155859,0.450601,0.745888,0.291575,-0.092307,0.027021,-0.059476,-0.184992
8.534835,5.158772,0.449669,0.746155,0.290987,-0.094136,0.0264,-0.058109,-0.180738
8.542297,5.161679,0.448718,0.746416,0.290413,-0.095922,0.025779,-0.056741,-0.176485
8.549763,5.16458,0.44775,0.746671,0.289853,-0.097666,0.025158,-0.055374,-0.172232
8.557231,5.167476,0.446765,0.746919,0.289306,-0.099367,0.024536,-0.054006,-0.167978
8.564701,5.170366,0.445763,0.747161,0.288773,-0.101025,0.023915,-0.052639,-0.163725
8.572174,5.173251,0.444745,0.747397,0.288253,-0.102641,0.023294,-0.051271,-0.159472
8.579649,5.176131,0.443711,0.747627,0.287747,-0.104215,0.022672,-0.049904,-0.155218
8.587126,5.179006,0.442661,0.747851,0.287255,-0.105745,0.022051,-0.048536,-0.150965
8.594606,5.181876,0.441596,0.748068,0.286776,-0.107234,0.02143,-0.047169,-0.146712
8.602088,5.184742,0.440516,0.748279,0.286312,-0.10868,0.020809,-0.045801,-0.142458
8.609572,5.187603,0.439422,0.748484,0.28586,-0.110083,0.020187,-0.044434,-0.138205
8.617058,5.190459,0.438315,0.748683,0.285423,-0.111444,0.019566,-0.043066,-0.133952
8.624545,5.193311,0.437194,0.748876,0.284999,-0.112762,0.018945,-0.041699,-0.129698
8.632035,5.196159,0.43606,0.749062,0.284589,-0.114038,0.018324,-0.040332,-0.125445
8.639527,5.199003,0.434913,0.749242,0.284192,-0.115271,0.017702,-0.038964,-0.121192
8.64702,5.201843,0.433754,0.749416,0.28381,-0.116462,0.017081,-0.037597,-0.116938
8.654515,5.204679,0.432584,0.749584,0.28344,-0.11761,0.01646,-0.036229,-0.112685
8.662011,5.207512,0.431402,0.749745,0.283085,-0.118715,0.015838,-0.034862,-0.108432
8.66951,5.210341,0.43021,0.749901,0.282743,-0.119778,0.015217,-0.033494,-0.104178
8.677009,5.213167,0.429007,0.75005,0.282415,-0.120799,0.014596,-0.032127,-0.099925
8.684511,5.215989,0.427794,0.750193,0.282101,-0.121777,0.013975,-0.030759,-0.095672
8.692013,5.218809,0.426571,0.750329,0.2818,-0.122712,0.013353,-0.029392,-0.091418
8.699517,5.221625,0.42534,0.75046,0.281513,-0.123605,0.012732,-0.028024,-0.087165
8.707022,5.224439,0.424099,0.750584,0.281239,-0.124456,0.012111,-0.026657,-0.082912
8.714529,5.22725,0.422851,0.750702,0.28098,-0.125263,0.011489,-0.025289,-0.078658
8.722036,5.230059,0.421594,0.750814,0.280734,-0.126029,0.010868,-0.023922,-0.074405
8.729545,5.232865,0.42033,0.750919,0.280501,-0.126752,0.010247,-0.022554,-0.070152
8.737055,5.235669,0.419059,0.751019,0.280283,-0.127432,0.009626,-0.021187,-0.065898
8.744566,5.238471,0.417782,0.751112,0.280078,-0.12807,0.009004,-0.019819,-0.061645
8.752077,5.241271,0.416498,0.751199,0.279886,-0.128665,0.008383,-0.018452,-0.057392
8.759589,5.244068,0.415209,0.751279,0.279709,-0.129217,0.007762,-0.017084,-0.053138
8.767103,5.246865,0.413914,0.751354,0.279545,-0.129728,0.007141,-0.015717,-0.048885
8.774617,5.249659,0.412614,0.751422,0.279394,-0.130195,0.006519,-0.014349,-0.044632
8.782131,5.252453,0.41131,0.751484,0.279258,-0.13062,0.005898,-0.012982,-0.040378
8.789646,5.255245,0.410002,0.75154,0.279135,-0.131003,0.005277,-0.011614,-0.036125
8.797162,5.258035,0.40869,0.75159,0.279025,-0.131343,0.004655,-0.010247,-0.031872
8.804678,5.260825,0.407375,0.751633,0.27893,-0.13164,0.004034,-0.00888,-0.027618
8.812194,5.263614,0.406058,0.75167,0.278848,-0.131895,0.003413,-0.007512,-0.023365
8.819711,5.266402,0.404738,0.751701,0.278779,-0.132107,0.002792,-0.006145,-0.019112
8.827228,5.26919,0.403416,0.751726,0.278725,-0.132277,0.00217,-0.004777,-0.014858
8.834746,5.271977,0.402092,0.751745,0.278684,-0.132405,0.001549,-0.00341,-0.010605
8.842263,5.274763,0.400768,0.751757,0.278657,-0.132489,0.000928,-0.002042,-0.006352
8.849781,5.27755,0.399442,0.751763,0.278643,-0.132532,0.000307,-0.000675,-0.002098
8.857299,5.280336,0.398117,0.751763,0.278643,-0.132531,-0.000315,0.000693,0.002155
8.85349,5.278925,0.398789,0.751763,0.278643,-0.132531,0,0,0
8.861007,5.281711,0.397465,0.75167,0.278601,-0.132002,-0.018714,-0.008407,0.105241
8.868523,5.284496,0.396152,0.75139,0.278475,-0.130437,-0.037093,-0.016645,0.207275
8.876034,5.28728,0.39486,0.750929,0.278269,-0.127868,-0.055138,-0.024714,0.306135
8.883541,5.290061,0.393598,0.750289,0.277982,-0.124325,-0.072852,-0.032616,0.401855
8.89104,5.292839,0.392376,0.749473,0.277617,-0.119841,-0.090237,-0.040352,0.494467
8.898529,5.295614,0.391204,0.748485,0.277175,-0.114446,-0.107295,-0.047923,0.584004
8.906009,5.298383,0.39009,0.747328,0.276659,-0.108171,-0.124029,-0.055331,0.670499
8.913476,5.301146,0.389044,0.746005,0.276069,-0.101046,-0.14044,-0.062576,0.753986
8.920928,5.303904,0.388072,0.74452,0.275408,-0.093101,-0.15653,-0.069661,0.834496
8.928365,5.306654,0.387184,0.742876,0.274677,-0.084366,-0.172303,-0.076586,0.912064
8.935785,5.309397,0.386387,0.741075,0.273877,-0.074869,-0.187761,-0.083354,0.986721
8.943186,5.312132,0.385689,0.739122,0.27301,-0.064641,-0.202904,-0.089964,1.058502
8.950567,5.314857,0.385097,0.737018,0.272078,-0.053709,-0.217736,-0.096418,1.127438
8.957926,5.317573,0.384617,0.734768,0.271082,-0.042102,-0.23226,-0.102719,1.193563
8.965262,5.320279,0.384257,0.732374,0.270024,-0.029847,-0.246476,-0.108866,1.25691
8.972573,5.322973,0.384022,0.729839,0.268905,-0.016973,-0.260388,-0.114861,1.317512
8.979858,5.325657,0.38392,0.727167,0.267727,-0.003506,-0.273997,-0.120706,1.375401
8.987116,5.328328,0.383954,0.724361,0.266492,0.010527,-0.287307,-0.126402,1.430611
8.994345,5.330986,0.384132,0.721422,0.2652,0.025098,-0.300318,-0.13195,1.483175
9.001544,5.333631,0.384458,0.718355,0.263853,0.040181,-0.313033,-0.137352,1.533125
9.008712,5.336263,0.384937,0.715162,0.262453,0.055752,-0.325455,-0.142608,1.580494
9.015847,5.33888,0.385574,0.711847,0.261001,0.071783,-0.337586,-0.14772,1.625316
9.022948,5.341483,0.386374,0.708412,0.259499,0.08825,-0.349427,-0.152689,1.667624
9.030015,5.34407,0.387341,0.704859,0.257948,0.105127,-0.360982,-0.157517,1.707449
9.037045,5.346642,0.388478,0.701193,0.256349,0.12239,-0.372252,-0.162205,1.744826
9.044038,5.349197,0.38979,0.697415,0.254705,0.140015,-0.38324,-0.166754,1.779788
9.050993,5.351736,0.391279,0.693529,0.253015,0.157978,-0.393947,-0.171166,1.812366
9.057909,5.354257,0.39295,0.689537,0.251282,0.176255,-0.404377,-0.175441,1.842594
9.064784,5.356761,0.394806,0.685443,0.249506,0.194822,-0.41453,-0.179582,1.870506
9.071617,5.359247,0.396848,0.681248,0.24769,0.213657,-0.42441,-0.183588,1.896134
9.078408,5.361715,0.39908,0.676955,0.245835,0.232737,-0.434019,-0.187463,1.91951
9.085156,5.364164,0.401503,0.672568,0.243942,0.25204,-0.443359,-0.191206,1.940669
9.091859,5.366594,0.404121,0.668089,0.242011,0.271544,-0.452432,-0.19482,1.959642
9.098517,5.369004,0.406935,0.66352,0.240046,0.291226,-0.46124,-0.198305,1.976464
9.105129,5.371394,0.409946,0.658865,0.238046,0.311066,-0.469786,-0.201663,1.991166
9.111694,5.373765,0.413156,0.654126,0.236013,0.331042,-0.478071,-0.204895,2.003781
9.118212,5.376114,0.416567,0.649304,0.233948,0.351135,-0.486099,-0.208002,2.014344
9.12468,5.378444,0.420179,0.644404,0.231853,0.371322,-0.493871,-0.210986,2.022886
9.131099,5.380751,0.423994,0.639428,0.229729,0.391586,-0.501389,-0.213848,2.029441
9.137469,5.383038,0.428011,0.634377,0.227577,0.411905,-0.508656,-0.21659,2.034041
9.143787,5.385303,0.432232,0.629256,0.225398,0.43226,-0.515674,-0.219212,2.03672
9.150053,5.387546,0.436657,0.624065,0.223193,0.452633,-0.522445,-0.221715,2.03751
9.156268,5.389767,0.441285,0.618808,0.220964,0.473004,-0.528971,-0.224102,2.036445
9.162429,5.391965,0.446117,0.613486,0.218711,0.493356,-0.535255,-0.226374,2.033556
9.168537,5.394141,0.451152,0.608103,0.216437,0.513669,-0.541298,-0.228531,2.028879
9.174591,5.396294,0.45639,0.602661,0.214141,0.533927,-0.547104,-0.230575,2.022444
9.18059,5.398424,0.46183,0.597162,0.211825,0.554112,-0.552673,-0.232508,2.014286
9.186534,5.40053,0.467472,0.591608,0.209491,0.574207,-0.55801,-0.23433,2.004437
9.192422,5.402613,0.473314,0.586003,0.207139,0.594196,-0.563115,-0.236043,1.99293
9.198254,5.404673,0.479355,0.580347,0.204771,0.614061,-0.56799,-0.237648,1.979797
9.204029,5.406709,0.485595,0.574644,0.202387,0.633786,-0.572639,-0.239147,1.965073
9.209747,5.408721,0.492031,0.568895,0.199988,0.653357,-0.577063,-0.240541,1.94879
9.215407,5.410708,0.498661,0.563103,0.197576,0.672757,-0.581265,-0.241831,1.930981
9.221009,5.412672,0.505485,0.55727,0.195152,0.691971,-0.585246,-0.243018,1.911679
9.226552,5.414611,0.5125,0.551399,0.192716,0.710986,-0.58901,-0.244104,1.890916
9.232037,5.416526,0.519704,0.545491,0.19027,0.729785,-0.592558,-0.245089,1.868726
9.237462,5.418417,0.527095,0.539548,0.187815,0.748356,-0.595892,-0.245976,1.845142
9.242828,5.420283,0.53467,0.533574,0.185351,0.766683,-0.599014,-0.246766,1.820197
9.248133,5.422124,0.542428,0.527569,0.18288,0.784755,-0.601928,-0.247459,1.793923
9.253379,5.42394,0.550365,0.521536,0.180402,0.802558,-0.604635,-0.248058,1.766353
9.258564,5.425732,0.558478,0.515477,0.177919,0.820078,-0.607137,-0.248563,1.737522
9.263688,5.427499,0.566765,0.509394,0.175431,0.837304,-0.609436,-0.248976,1.70746
9.268752,5.42924,0.575223,0.503289,0.17294,0.854223,-0.611535,-0.249297,1.676202
9.273754,5.430957,0.583849,0.497164,0.170445,0.870824,-0.613437,-0.249529,1.643781
9.278695,5.432649,0.592638,0.491021,0.167949,0.887095,-0.615142,-0.249673,1.610228
9.283574,5.434316,0.601589,0.484861,0.165452,0.903025,-0.616654,-0.24973,1.575578
9.288392,5.435958,0.610698,0.478688,0.162955,0.918603,-0.617974,-0.2497,1.539863
9.293148,5.437575,0.61996,0.472503,0.160458,0.933819,-0.619106,-0.249587,1.503117
9.297842,5.439168,0.629373,0.466307,0.157964,0.948662,-0.62005,-0.24939,1.465371
9.302474,5.440735,0.638932,0.460102,0.155471,0.963123,-0.62081,-0.249111,1.42666
9.307044,5.442277,0.648634,0.453891,0.152982,0.977192,-0.621387,-0.248751,1.387015
9.311552,5.443794,0.658475,0.447675,0.150496,0.99086,-0.621784,-0.248312,1.346471
9.315998,5.445287,0.66845,0.441456,0.148016,1.004119,-0.622003,-0.247795,1.305059
9.320381,5.446755,0.678556,0.435236,0.145541,1.016959,-0.622046,-0.247202,1.262813
9.324702,5.448198,0.688788,0.429016,0.143072,1.029372,-0.621915,-0.246532,1.219766
9.328961,5.449616,0.699142,0.422798,0.14061,1.041351,-0.621613,-0.245789,1.175951
9.333158,5.45101,0.709613,0.416584,0.138156,1.052889,-0.621142,-0.244973,1.1314
9.337293,5.452379,0.720198,0.410376,0.135711,1.063977,-0.620504,-0.244085,1.086148
9.341366,5.453724,0.730891,0.404174,0.133275,1.074609,-0.619702,-0.243127,1.040225
9.345377,5.455045,0.741688,0.397982,0.130849,1.084779,-0.618736,-0.2421,0.993667
9.349326,5.456341,0.752585,0.3918,0.128433,1.094481,-0.617611,-0.241005,0.946504
9.353213,5.457614,0.763577,0.38563,0.126029,1.103708,-0.616327,-0.239844,0.898772
9.357038,5.458862,0.774658,0.379474,0.123636,1.112454,-0.614888,-0.238618,0.850501
9.360802,5.460086,0.785824,0.373333,0.121257,1.120716,-0.613295,-0.237327,0.801727
9.364505,5.461287,0.79707,0.367209,0.11889,1.128487,-0.611551,-0.235975,0.75248
9.368146,5.462464,0.808392,0.361103,0.116537,1.135764,-0.609657,-0.234561,0.702795
9.371727,5.463618,0.819784,0.355016,0.114199,1.142542,-0.607617,-0.233087,0.652704
9.375247,5.464748,0.831241,0.348951,0.111876,1.148817,-0.605431,-0.231554,0.60224
9.378706,5.465855,0.842759,0.342908,0.109568,1.154586,-0.603104,-0.229964,0.551436
9.382105,5.46694,0.854331,0.336889,0.107277,1.159845,-0.600636,-0.228318,0.500325
9.385444,5.468001,0.865954,0.330896,0.105002,1.164591,-0.59803,-0.226618,0.44894
9.388723,5.46904,0.877621,0.324929,0.102745,1.168823,-0.595288,-0.224863,0.397314
9.391943,5.470056,0.889329,0.31899,0.100505,1.172537,-0.592412,-0.223057,0.345481
9.395103,5.47105,0.90107,0.313081,0.098284,1.175732,-0.589405,-0.2212,0.293472
9.398204,5.472022,0.912842,0.307203,0.096081,1.178406,-0.586269,-0.219293,0.24132
9.401247,5.472972,0.924637,0.301356,0.093898,1.180558,-0.583006,-0.217338,0.18906
9.404232,5.4739,0.936451,0.295543,0.091734,1.182187,-0.579618,-0.215335,0.136723
9.407158,5.474806,0.948279,0.289764,0.089591,1.183292,-0.576108,-0.213287,0.084343
9.410027,5.475692,0.960115,0.284021,0.087469,1.183874,-0.572477,-0.211195,0.031953
9.412839,5.476556,0.971954,0.278315,0.085368,1.183931,-0.568728,-0.209059,-0.020415
9.415593,5.477399,0.983792,0.272647,0.083288,1.183465,-0.564864,-0.206882,-0.072727
9.418292,5.478222,0.995622,0.267018,0.08123,1.182477,-0.560885,-0.204664,-0.124951
9.420934,5.479024,1.00744,0.26143,0.079195,1.180967,-0.556796,-0.202407,-0.177053
9.42352,5.479806,1.01924,0.255883,0.077182,1.178936,-0.552597,-0.200112,-0.229001
9.426052,5.480567,1.031017,0.250378,0.075193,1.176387,-0.548291,-0.19778,-0.280762
9.428528,5.481309,1.042766,0.244917,0.073227,1.173322,-0.54388,-0.195412,-0.332302
9.43095,5.482032,1.054481,0.239501,0.071284,1.169742,-0.539367,-0.193011,-0.383589
9.433318,5.482735,1.066159,0.23413,0.069366,1.165651,-0.534754,-0.190577,-0.43459
9.435633,5.483419,1.077793,0.228806,0.067473,1.161051,-0.530042,-0.188111,-0.485272
9.437895,5.484085,1.089378,0.22353,0.065604,1.155947,-0.525235,-0.185615,-0.535602
9.440104,5.484732,1.10091,0.218302,0.063761,1.150341,-0.520334,-0.183091,-0.585547
9.442261,5.48536,1.112383,0.213123,0.061943,1.144237,-0.515341,-0.180538,-0.635073
9.444366,5.485971,1.123793,0.207995,0.06015,1.137641,-0.51026,-0.17796,-0.684149
9.446421,5.486563,1.135134,0.202918,0.058383,1.130556,-0.505091,-0.175356,-0.732741
9.448425,5.487138,1.146403,0.197894,0.056643,1.122988,-0.499838,-0.172728,-0.780816
9.450379,5.487696,1.157593,0.192922,0.054929,1.114941,-0.494502,-0.170078,-0.828342
9.452284,5.488237,1.1687,0.188004,0.053242,1.106423,-0.489085,-0.167407,-0.875284
9.454139,5.488761,1.17972,0.183141,0.051581,1.097438,-0.483591,-0.164716,-0.921611
9.455947,5.489269,1.190647,0.178332,0.049947,1.087993,-0.47802,-0.162007,-0.967289
9.457706,5.48976,1.201478,0.17358,0.048341,1.078094,-0.472377,-0.15928,-1.012286
9.459418,5.490236,1.212207,0.168885,0.046762,1.067749,-0.466661,-0.156537,-1.056568
9.461084,5.490695,1.222831,0.164247,0.04521,1.056965,-0.460877,-0.15378,-1.100103
9.462703,5.49114,1.233345,0.159668,0.043686,1.04575,-0.455025,-0.151009,-1.142857
9.464278,5.491569,1.243745,0.155147,0.04219,1.034111,-0.449108,-0.148226,-1.184798
9.465807,5.491984,1.254026,0.150686,0.040722,1.022057,-0.44313,-0.145432,-1.225892
9.467291,5.492384,1.264185,0.146285,0.039281,1.009596,-0.43709,-0.142628,-1.266108
9.468733,5.492769,1.274217,0.141944,0.037869,0.996738,-0.430993,-0.139817,-1.305411
9.470131,5.493141,1.284118,0.137665,0.036485,0.983491,-0.42484,-0.136998,-1.343768
9.471486,5.493499,1.293885,0.133448,0.035129,0.969866,-0.418633,-0.134174,-1.381148
9.4728,5.493844,1.303514,0.129293,0.033802,0.955871,-0.412374,-0.131345,-1.417517
9.474072,5.494175,1.313002,0.1252,0.032502,0.941519,-0.406066,-0.128514,-1.452841
9.475304,5.494494,1.322344,0.121171,0.031231,0.926818,-0.399712,-0.12568,-1.487089
9.476496,5.4948,1.331537,0.117206,0.029989,0.911781,-0.393312,-0.122847,-1.520226
9.477648,5.495094,1.340578,0.113305,0.028774,0.896417,-0.38687,-0.120014,-1.552221
9.478762,5.495376,1.349464,0.109469,0.027588,0.88074,-0.380388,-0.117183,-1.58304
9.479838,5.495646,1.358192,0.105698,0.026431,0.864761,-0.373867,-0.114355,-1.61265
9.480876,5.495904,1.366758,0.101992,0.025301,0.848491,-0.367311,-0.111532,-1.641018
9.481878,5.496152,1.375161,0.098352,0.0242,0.831945,-0.360721,-0.108716,-1.668112
9.482843,5.496388,1.383396,0.094777,0.023127,0.815133,-0.354099,-0.105906,-1.693897
9.483774,5.496615,1.391463,0.09127,0.022082,0.798071,-0.347448,-0.103105,-1.718343
9.484669,5.49683,1.399357,0.087829,0.021065,0.780771,-0.340771,-0.100314,-1.741415
9.48553,5.497036,1.407077,0.084454,0.020076,0.763247,-0.334068,-0.097534,-1.76308
9.486358,5.497232,1.414621,0.081147,0.019114,0.745514,-0.327343,-0.094767,-1.783306
9.487154,5.497418,1.421987,0.077908,0.01818,0.727586,-0.320597,-0.092013,-1.802059
9.487917,5.497596,1.429172,0.074735,0.017274,0.709478,-0.313833,-0.089274,-1.819307
9.488649,5.497764,1.436176,0.071631,0.016395,0.691205,-0.307054,-0.086552,-1.835017
9.48935,5.497924,1.442996,0.068594,0.015543,0.672783,-0.30026,-0.083847,-1.849156
9.490021,5.498075,1.449631,0.065626,0.014718,0.654227,-0.293456,-0.081162,-1.86169
9.490662,5.498218,1.45608,0.062725,0.013919,0.635555,-0.286641,-0.078496,-1.872587
9.491275,5.498353,1.462342,0.059893,0.013148,0.616781,-0.27982,-0.075852,-1.881814
9.49186,5.498481,1.468415,0.057129,0.012402,0.597924,-0.272994,-0.073231,-1.889338
9.492418,5.498601,1.4743,0.054433,0.011683,0.579,-0.266166,-0.070634,-1.895126
9.492949,5.498715,1.479995,0.051806,0.01099,0.560027,-0.259337,-0.068062,-1.899145
9.493455,5.498821,1.485501,0.049246,0.010322,0.541023,-0.25251,-0.065517,-1.901362
9.493934,5.498921,1.490816,0.046755,0.009679,0.522006,-0.245687,-0.063,-1.901745
9.49439,5.499015,1.495941,0.044333,0.009062,0.502995,-0.23887,-0.060512,-1.900259
9.494821,5.499103,1.500876,0.041978,0.008469,0.484007,-0.232062,-0.058054,-1.896873
9.49523,5.499184,1.505621,0.039691,0.0079,0.465064,-0.225265,-0.055629,-1.891553
9.495615,5.499261,1.510177,0.037473,0.007356,0.446183,-0.21848,-0.053237,-1.884266
9.495979,5.499332,1.514545,0.035322,0.006836,0.427385,-0.211711,-0.050879,-1.87498
9.496322,5.499397,1.518725,0.033238,0.006338,0.40869,-0.204959,-0.048557,-1.863661
9.496644,5.499458,1.522719,0.031222,0.005864,0.390119,-0.198226,-0.046272,-1.850277
9.496947,5.499515,1.526528,0.029274,0.005413,0.371692,-0.191516,-0.044025,-1.834794
9.49723,5.499567,1.530154,0.027392,0.004984,0.35343,-0.184829,-0.041818,-1.81718
9.497495,5.499615,1.533597,0.025577,0.004576,0.335355,-0.178169,-0.039651,-1.797402
9.497742,5.499658,1.536861,0.023829,0.004191,0.317489,-0.171538,-0.037527,-1.775426
9.497972,5.499698,1.539948,0.022146,0.003826,0.299854,-0.164937,-0.035447,-1.75122
9.498185,5.499735,1.542859,0.02053,0.003481,0.282472,-0.158369,-0.033411,-1.72475
9.498382,5.499768,1.545598,0.018979,0.003157,0.265367,-0.151836,-0.031421,-1.695985
9.498565,5.499798,1.548168,0.017493,0.002853,0.24856,-0.14534,-0.029479,-1.66489
9.498732,5.499825,1.550571,0.016072,0.002568,0.232077,-0.138884,-0.027585,-1.631434
9.498886,5.49985,1.55281,0.014715,0.002301,0.21594,-0.13247,-0.025741,-1.595582
9.499027,5.499871,1.554891,0.013422,0.002053,0.200173,-0.1261,-0.023949,-1.557302
9.499155,5.499891,1.556815,0.012193,0.001822,0.184802,-0.119777,-0.022209,-1.516562
9.499271,5.499908,1.558588,0.011027,0.001608,0.16985,-0.113501,-0.020522,-1.473327
9.499376,5.499923,1.560214,0.009923,0.001411,0.155344,-0.107277,-0.018891,-1.427566
9.49947,5.499936,1.561696,0.008881,0.00123,0.141308,-0.101105,-0.017317,-1.379245
9.499554,5.499948,1.563041,0.0079,0.001065,0.127768,-0.094989,-0.0158,-1.328331
9.499628,5.499957,1.564254,0.006981,0.000914,0.11475,-0.08893,-0.014342,-1.274792
9.499693,5.499966,1.565338,0.006122,0.000778,0.102281,-0.08293,-0.012944,-1.218594
9.499751,5.499973,1.566301,0.005322,0.000655,0.090387,-0.076992,-0.011608,-1.159704
9.4998,5.499979,1.567148,0.004582,0.000545,0.079096,-0.071119,-0.010335,-1.09809
9.499842,5.499984,1.567885,0.003899,0.000448,0.068434,-0.065311,-0.009126,-1.033718
9.499878,5.499988,1.568519,0.003275,0.000363,0.05843,-0.059572,-0.007983,-0.966556
9.499908,5.499991,1.569056,0.002708,0.000288,0.049112,-0.053904,-0.006906,-0.896571
9.499933,5.499994,1.569503,0.002197,0.000224,0.040509,-0.048309,-0.005897,-0.823729
9.499952,5.499996,1.569869,0.001741,0.00017,0.032648,-0.042788,-0.004958,-0.747998
9.499968,5.499997,1.570159,0.001341,0.000125,0.025558,-0.037346,-0.004089,-0.669345
9.499979,5.499998,1.570382,0.000994,8.8e-05,0.01927,-0.031982,-0.003293,-0.587736
9.499988,5.499999,1.570547,0.000701,5.9e-05,0.013814,-0.026701,-0.002569,-0.50314
9.499993,5.5,1.570662,0.00046,3.6e-05,0.009218,-0.021503,-0.00192,-0.415522
9.499997,5.5,1.570735,0.00027,2e-05,0.005513,-0.016392,-0.001347,-0.324851
9.499999,5.5,1.570775,0.000132,9e-06,0.002731,-0.011369,-0.000851,-0.231092
9.5,5.5,1.570792,4.3e-05,3e-06,0.000902,-0.006437,-0.000433,-0.134213
9.5,5.5,1.570796,3e-06,0,5.7e-05,-0.001598,-9.5e-05,-0.034182
9.5,5.5,1.570797,1e-05,1e-06,0.000229,0.003146,0.000162,0.069035
