7.93617,-2.62774,-1.0726,2.04483e-05,1.69466e-05,3.33624e-05
7.93617,-2.62774,-1.0726,1.74838e-05,1.51852e-05,2.9587e-05
7.93617,-2.62774,-1.0726,-4.77806e-06,1.80828e-06,8.10146e-07
7.93617,-2.62774,-1.0726,-6.48106e-05,-3.4307e-05,-7.69224e-05
7.93616,-2.62774,-1.0726,-0.000180205,-0.000103756,-0.000226443
7.93616,-2.62774,-1.0726,-0.000367688,-0.000216618,-0.000469483
7.93616,-2.62774,-1.07261,-0.00064314,-0.000382464,-0.0008267
7.93615,-2.62775,-1.07262,-0.00102161,-0.000610372,-0.00131769
7.93614,-2.62776,-1.07264,-0.00151735,-0.000908933,-0.00196103
7.93612,-2.62777,-1.07266,-0.00214379,-0.00128626,-0.00277427
7.93609,-2.62778,-1.07269,-0.0029136,-0.00175001,-0.00377399
7.93606,-2.6278,-1.07273,-0.0038387,-0.00230737,-0.00497577
7.93602,-2.62783,-1.07279,-0.00493026,-0.0029651,-0.00639427
7.93596,-2.62786,-1.07286,-0.00619871,-0.00372951,-0.00804324
7.93589,-2.6279,-1.07295,-0.00765378,-0.0046065,-0.00993547
7.93581,-2.62795,-1.07306,-0.00930452,-0.00560153,-0.0120829
7.9357,-2.62802,-1.0732,-0.0111593,-0.00671969,-0.0144967
7.93558,-2.62809,-1.07335,-0.0132258,-0.00796563,-0.017187
7.93544,-2.62818,-1.07354,-0.015511,-0.00934366,-0.0201632
7.93527,-2.62828,-1.07376,-0.0180215,-0.0108577,-0.0234339
7.93508,-2.62839,-1.07401,-0.020763,-0.0125112,-0.0270071
7.93486,-2.62853,-1.0743,-0.0237408,-0.0143075,-0.0308897
7.9346,-2.62868,-1.07463,-0.0269595,-0.0162493,-0.035088
7.93432,-2.62885,-1.075,-0.030423,-0.0183391,-0.0396077
7.93399,-2.62905,-1.07542,-0.0341351,-0.0205792,-0.0444536
7.93363,-2.62926,-1.07589,-0.0380986,-0.0229713,-0.0496299
7.93323,-2.62951,-1.07642,-0.0423161,-0.0255169,-0.0551402
7.93278,-2.62978,-1.077,-0.0467894,-0.0282174,-0.0609874
7.93229,-2.63007,-1.07764,-0.05152,-0.0310735,-0.0671737
7.93175,-2.6304,-1.07834,-0.0565089,-0.034086,-0.0737007
7.93116,-2.63075,-1.07911,-0.0617567,-0.0372552,-0.0805694
7.93052,-2.63114,-1.07995,-0.0672633,-0.0405811,-0.0877804
7.92982,-2.63157,-1.08087,-0.0730285,-0.0440637,-0.0953336
7.92906,-2.63203,-1.08186,-0.0790514,-0.0477024,-0.103228
7.92823,-2.63252,-1.08293,-0.0853308,-0.0514965,-0.111463
7.92735,-2.63306,-1.08409,-0.0918652,-0.0554453,-0.120037
7.9264,-2.63363,-1.08534,-0.0986526,-0.0595474,-0.128947
7.92537,-2.63425,-1.08667,-0.105691,-0.0638015,-0.138191
7.92428,-2.63491,-1.0881,-0.112976,-0.0682061,-0.147766
7.92311,-2.63561,-1.08963,-0.120507,-0.0727593,-0.157667
7.92187,-2.63636,-1.09126,-0.128279,-0.0774591,-0.167893
7.92055,-2.63716,-1.09299,-0.136289,-0.0823034,-0.178436
7.91914,-2.63801,-1.09483,-0.144533,-0.0872897,-0.189294
7.91766,-2.63891,-1.09677,-0.153007,-0.0924155,-0.200461
7.91608,-2.63986,-1.09884,-0.161705,-0.097678,-0.211931
7.91442,-2.64086,-1.10101,-0.170624,-0.103074,-0.223699
7.91267,-2.64192,-1.10331,-0.179757,-0.108602,-0.235758
7.91083,-2.64303,-1.10573,-0.1891,-0.114257,-0.248102
7.90889,-2.64421,-1.10827,-0.198647,-0.120036,-0.260723
7.90685,-2.64544,-1.11094,-0.208393,-0.125935,-0.273615
7.90472,-2.64672,-1.11375,-0.218331,-0.131952,-0.286771
7.90249,-2.64807,-1.11668,-0.228455,-0.138083,-0.300182
7.90015,-2.64949,-1.11975,-0.238758,-0.144323,-0.313841
7.89771,-2.65096,-1.12296,-0.249235,-0.150669,-0.327739
7.89516,-2.6525,-1.12631,-0.259878,-0.157116,-0.341869
7.89251,-2.6541,-1.1298,-0.27068,-0.16366,-0.356221
7.88975,-2.65577,-1.13343,-0.281635,-0.170298,-0.370787
7.88688,-2.65751,-1.13721,-0.292735,-0.177024,-0.385558
7.88389,-2.65931,-1.14114,-0.303973,-0.183835,-0.400524
7.8808,-2.66119,-1.14522,-0.315341,-0.190725,-0.415677
7.87759,-2.66313,-1.14946,-0.326832,-0.197691,-0.431007
7.87426,-2.66514,-1.15385,-0.338439,-0.204727,-0.446504
7.87082,-2.66722,-1.15839,-0.350153,-0.211829,-0.462158
7.86726,-2.66938,-1.16309,-0.361966,-0.218993,-0.47796
7.86358,-2.6716,-1.16795,-0.373872,-0.226213,-0.4939
7.85978,-2.6739,-1.17297,-0.385861,-0.233484,-0.509968
7.85586,-2.67627,-1.17815,-0.397926,-0.240802,-0.526154
7.85182,-2.67872,-1.18349,-0.41006,-0.248161,-0.542446
7.84766,-2.68124,-1.189,-0.422253,-0.255558,-0.558837
7.84338,-2.68383,-1.19467,-0.434497,-0.262986,-0.575314
7.83897,-2.6865,-1.2005,-0.446785,-0.270442,-0.591868
7.83444,-2.68924,-1.20651,-0.459109,-0.277919,-0.608488
7.82979,-2.69206,-1.21267,-0.47146,-0.285413,-0.625165
7.82501,-2.69495,-1.21901,-0.48383,-0.292919,-0.641887
7.82011,-2.69791,-1.22551,-0.496211,-0.300432,-0.658644
7.81509,-2.70096,-1.23218,-0.508595,-0.307948,-0.675426
7.80994,-2.70407,-1.23902,-0.520974,-0.31546,-0.692223
7.80467,-2.70726,-1.24603,-0.53334,-0.322964,-0.709025
7.79927,-2.71053,-1.2532,-0.545685,-0.330455,-0.72582
7.79375,-2.71387,-1.26054,-0.558,-0.337929,-0.7426
7.78811,-2.71729,-1.26805,-0.570279,-0.34538,-0.759353
7.78235,-2.72078,-1.27573,-0.582512,-0.352803,-0.77607
7.77646,-2.72435,-1.28357,-0.594694,-0.360194,-0.792741
7.77045,-2.72799,-1.29158,-0.606814,-0.367548,-0.809355
7.76433,-2.7317,-1.29976,-0.618867,-0.37486,-0.825904
7.75808,-2.73548,-1.3081,-0.630845,-0.382126,-0.842376
7.75171,-2.73934,-1.31661,-0.64274,-0.38934,-0.858764
7.74522,-2.74327,-1.32528,-0.654544,-0.396499,-0.875056
7.73862,-2.74727,-1.33411,-0.666251,-0.403597,-0.891244
7.7319,-2.75134,-1.3431,-0.677854,-0.410631,-0.907318
7.72506,-2.75548,-1.35225,-0.689344,-0.417595,-0.92327
7.71811,-2.75969,-1.36157,-0.700717,-0.424486,-0.93909
7.71105,-2.76397,-1.37104,-0.711964,-0.431299,-0.954769
7.70387,-2.76832,-1.38066,-0.723079,-0.438029,-0.970299
7.69659,-2.77273,-1.39044,-0.734056,-0.444674,-0.985671
7.68919,-2.77721,-1.40037,-0.744888,-0.451228,-1.00088
7.68169,-2.78176,-1.41046,-0.75557,-0.457689,-1.01591
7.67408,-2.78636,-1.42069,-0.766094,-0.464051,-1.03076
7.66637,-2.79104,-1.43107,-0.776455,-0.470311,-1.04541
7.65855,-2.79577,-1.4416,-0.786647,-0.476465,-1.05987
7.65064,-2.80057,-1.45227,-0.796664,-0.48251,-1.07413
7.64262,-2.80542,-1.46308,-0.806502,-0.488442,-1.08817
7.63451,-2.81033,-1.47403,-0.816155,-0.494258,-1.10199
7.6263,-2.81531,-1.48512,-0.825617,-0.499954,-1.11558
7.618,-2.82033,-1.49634,-0.834884,-0.505527,-1.12894
7.6096,-2.82542,-1.5077,-0.843951,-0.510973,-1.14206
7.60112,-2.83055,-1.51918,-0.852812,-0.516291,-1.15493
7.59255,-2.83574,-1.5308,-0.861465,-0.521476,-1.16755
7.58389,-2.84098,-1.54253,-0.869905,-0.526526,-1.17991
7.57515,-2.84627,-1.55439,-0.878126,-0.531438,-1.192
7.56633,-2.85161,-1.56637,-0.886127,-0.53621,-1.20382
7.55743,-2.85699,-1.57847,-0.893902,-0.540838,-1.21537
7.54845,-2.86243,-1.59068,-0.901448,-0.545321,-1.22664
7.5394,-2.8679,-1.603,-0.908763,-0.549655,-1.23763
7.53027,-2.87342,-1.61543,-0.915842,-0.55384,-1.24832
7.52108,-2.87898,-1.62797,-0.922683,-0.557872,-1.25872
7.51182,-2.88457,-1.6406,-0.929284,-0.56175,-1.26882
7.5025,-2.89021,-1.65334,-0.935641,-0.565471,-1.27862
7.49311,-2.89588,-1.66618,-0.941752,-0.569035,-1.28812
7.48366,-2.90159,-1.6791,-0.947616,-0.572439,-1.2973
7.47416,-2.90733,-1.69212,-0.95323,-0.575681,-1.30618
7.4646,-2.9131,-1.70523,-0.958592,-0.57876,-1.31474
7.45499,-2.91891,-1.71841,-0.963701,-0.581676,-1.32298
7.44533,-2.92474,-1.73168,-0.968555,-0.584426,-1.3309
7.43562,-2.93059,-1.74503,-0.973154,-0.587009,-1.3385
7.42586,-2.93648,-1.75845,-0.977496,-0.589425,-1.34577
7.41607,-2.94238,-1.77195,-0.981581,-0.591672,-1.35272
7.40623,-2.94831,-1.78551,-0.985408,-0.59375,-1.35934
7.39636,-2.95426,-1.79913,-0.988977,-0.595659,-1.36563
7.38645,-2.96022,-1.81282,-0.992287,-0.597397,-1.37159
7.37652,-2.9662,-1.82656,-0.995339,-0.598964,-1.37722
7.36655,-2.9722,-1.84036,-0.998133,-0.600359,-1.38253
7.35655,-2.97821,-1.85421,-1.00067,-0.601583,-1.38749
7.34654,-2.98423,-1.86811,-1.00295,-0.602636,-1.39213
7.3365,-2.99026,-1.88205,-1.00497,-0.603517,-1.39644
7.32644,-2.9963,-1.89604,-1.00674,-0.604227,-1.40042
7.31636,-3.00235,-1.91006,-1.00825,-0.604765,-1.40406
7.30627,-3.0084,-1.92412,-1.00951,-0.605132,-1.40738
7.29617,-3.01445,-1.93821,-1.01052,-0.605329,-1.41037
7.28606,-3.0205,-1.95232,-1.01128,-0.605356,-1.41303
7.27595,-3.02656,-1.96647,-1.01179,-0.605213,-1.41537
7.26583,-3.03261,-1.98063,-1.01206,-0.604901,-1.41738
7.25571,-3.03865,-1.99481,-1.01208,-0.604422,-1.41907
7.24559,-3.04469,-2.00901,-1.01186,-0.603775,-1.42044
7.23547,-3.05073,-2.02322,-1.01141,-0.602963,-1.42149
7.22536,-3.05675,-2.03744,-1.01072,-0.601986,-1.42223
7.21526,-3.06277,-2.05166,-1.0098,-0.600845,-1.42266
7.20517,-3.06877,-2.06589,-1.00865,-0.599541,-1.42278
7.19509,-3.07476,-2.08012,-1.00727,-0.598077,-1.42259
7.18502,-3.08073,-2.09434,-1.00567,-0.596453,-1.4221
7.17497,-3.08669,-2.10856,-1.00385,-0.594671,-1.4213
7.16494,-3.09262,-2.12277,-1.00181,-0.592733,-1.42022
7.15494,-3.09854,-2.13696,-0.999568,-0.59064,-1.41884
7.14495,-3.10444,-2.15114,-0.997115,-0.588394,-1.41717
7.135,-3.11031,-2.1653,-0.994459,-0.585997,-1.41522
7.12507,-3.11615,-2.17945,-0.991604,-0.583451,-1.41299
7.11516,-3.12198,-2.19356,-0.988554,-0.580757,-1.41048
7.10529,-3.12777,-2.20765,-0.985314,-0.577919,-1.40771
7.09546,-3.13353,-2.22172,-0.981889,-0.574937,-1.40466
7.08566,-3.13927,-2.23575,-0.978283,-0.571815,-1.40136
7.07589,-3.14497,-2.24974,-0.9745,-0.568554,-1.3978
7.06617,-3.15064,-2.2637,-0.970547,-0.565157,-1.39399
7.05648,-3.15627,-2.27762,-0.966428,-0.561625,-1.38993
7.04684,-3.16187,-2.2915,-0.962147,-0.557962,-1.38563
7.03724,-3.16743,-2.30533,-0.957711,-0.55417,-1.38109
7.02769,-3.17295,-2.31912,-0.953125,-0.550251,-1.37633
7.01818,-3.17844,-2.33286,-0.948393,-0.546208,-1.37133
7.00872,-3.18388,-2.34655,-0.943521,-0.542043,-1.36612
6.99931,-3.18928,-2.36018,-0.938515,-0.537758,-1.3607
6.98995,-3.19463,-2.37376,-0.93338,-0.533357,-1.35506
6.98064,-3.19994,-2.38728,-0.928121,-0.528842,-1.34923
6.97139,-3.20521,-2.40074,-0.922744,-0.524216,-1.3432
6.96219,-3.21043,-2.41415,-0.917255,-0.51948,-1.33697
6.95304,-3.2156,-2.42748,-0.91166,-0.514638,-1.33056
6.94395,-3.22072,-2.44076,-0.905963,-0.509693,-1.32397
6.93492,-3.22579,-2.45396,-0.90017,-0.504647,-1.31721
6.92595,-3.23081,-2.4671,-0.894288,-0.499502,-1.31027
6.91704,-3.23578,-2.48017,-0.888321,-0.494261,-1.30318
6.90818,-3.2407,-2.49316,-0.882275,-0.488927,-1.29592
6.89939,-3.24556,-2.50608,-0.876156,-0.483503,-1.28852
6.89066,-3.25037,-2.51893,-0.869969,-0.47799,-1.28097
6.88199,-3.25512,-2.5317,-0.86372,-0.472392,-1.27327
6.87339,-3.25981,-2.5444,-0.857414,-0.46671,-1.26545
6.86485,-3.26445,-2.55701,-0.851057,-0.460948,-1.25749
6.85637,-3.26903,-2.56955,-0.844653,-0.455107,-1.24941
6.84795,-3.27355,-2.582,-0.838208,-0.44919,-1.24121
6.8396,-3.27802,-2.59437,-0.831728,-0.443199,-1.23289
6.83132,-3.28242,-2.60666,-0.825216,-0.437137,-1.22446
6.8231,-3.28676,-2.61886,-0.818678,-0.431005,-1.21593
6.81494,-3.29104,-2.63098,-0.812119,-0.424806,-1.2073
6.80686,-3.29525,-2.643,-0.805543,-0.418541,-1.19857
6.79883,-3.29941,-2.65495,-0.798955,-0.412213,-1.18974
6.79088,-3.3035,-2.6668,-0.792359,-0.405822,-1.18083
6.78299,-3.30753,-2.67856,-0.78576,-0.399372,-1.17184
6.77516,-3.31149,-2.69024,-0.779161,-0.392863,-1.16276
6.7674,-3.31538,-2.70182,-0.772566,-0.386297,-1.15361
6.75971,-3.31921,-2.71331,-0.76598,-0.379676,-1.14438
6.75208,-3.32298,-2.72471,-0.759405,-0.373,-1.13507
6.74452,-3.32667,-2.73601,-0.752844,-0.36627,-1.1257
6.73703,-3.3303,-2.74722,-0.746302,-0.359489,-1.11626
6.7296,-3.33386,-2.75833,-0.739779,-0.352655,-1.10676
6.72223,-3.33735,-2.76935,-0.73328,-0.345771,-1.09719
6.71493,-3.34078,-2.78028,-0.726807,-0.338836,-1.08756
6.70769,-3.34413,-2.7911,-0.72036,-0.331852,-1.07786
6.70052,-3.34741,-2.80183,-0.713943,-0.324817,-1.06811
6.69342,-3.35063,-2.81247,-0.707556,-0.317733,-1.05829
6.68637,-3.35377,-2.823,-0.701201,-0.310598,-1.04841
6.67939,-3.35684,-2.83343,-0.694879,-0.303413,-1.03847
6.67247,-3.35984,-2.84377,-0.688589,-0.296177,-1.02846
6.66562,-3.36276,-2.854,-0.682333,-0.288889,-1.01839
6.65883,-3.36561,-2.86414,-0.67611,-0.281549,-1.00826
6.6521,-3.36839,-2.87417,-0.669918,-0.274154,-0.998049
6.64543,-3.3711,-2.8841,-0.663759,-0.266704,-0.987769
6.63882,-3.37373,-2.89392,-0.657629,-0.259196,-0.977413
6.63228,-3.37628,-2.90365,-0.651528,-0.25163,-0.966977
6.62579,-3.37876,-2.91326,-0.645452,-0.244002,-0.956455
6.61937,-3.38116,-2.92277,-0.6394,-0.23631,-0.945844
6.61291,-3.3835,-2.9323,-0.633282,-0.22844,-0.934988
6.6066,-3.38574,-2.9416,-0.627272,-0.220613,-0.924183
6.60036,-3.38791,-2.95079,-0.621298,-0.212727,-0.913298
6.59418,-3.39,-2.95986,-0.615377,-0.204792,-0.902354
6.58805,-3.39201,-2.96883,-0.609527,-0.196816,-0.89137
6.58199,-3.39393,-2.97769,-0.603763,-0.188808,-0.880365
6.57598,-3.39578,-2.98644,-0.598099,-0.180777,-0.869356
6.57002,-3.39755,-2.99508,-0.59255,-0.172729,-0.858358
6.56413,-3.39924,-3.00361,-0.587128,-0.164672,-0.847386
6.55828,-3.40084,-3.01203,-0.581844,-0.156612,-0.836453
6.55249,-3.40237,-3.02034,-0.576709,-0.148554,-0.825572
6.54675,-3.40381,-3.02854,-0.571732,-0.140505,-0.814754
6.54105,-3.40518,-3.03663,-0.566924,-0.13247,-0.804011
6.53541,-3.40646,-3.04462,-0.562291,-0.124453,-0.793351
6.52981,-3.40767,-3.0525,-0.557842,-0.116458,-0.782784
6.52425,-3.40879,-3.06027,-0.553583,-0.10849,-0.772318
6.51873,-3.40984,-3.06795,-0.549521,-0.100553,-0.761959
6.51326,-3.4108,-3.07551,-0.54566,-0.0926483,-0.751716
6.50782,-3.41169,-3.08298,-0.542006,-0.0847806,-0.741594
6.50242,-3.4125,-3.09035,-0.538563,-0.0769523,-0.731598
6.49705,-3.41323,-3.09761,-0.535334,-0.0691659,-0.721734
6.49171,-3.41388,-3.10478,-0.532324,-0.0614238,-0.712005
6.4864,-3.41446,-3.11185,-0.529535,-0.0537281,-0.702416
6.48112,-3.41496,-3.11883,-0.526969,-0.0460807,-0.692971
6.47586,-3.41538,-3.12571,-0.524628,-0.0384832,-0.683671
6.47063,-3.41573,-3.1325,-0.522514,-0.0309374,-0.674521
6.46541,-3.416,-3.1392,-0.520628,-0.0234445,-0.665522
6.46021,-3.4162,-3.14582,-0.518971,-0.016006,-0.656676
6.45503,-3.41632,-3.15234,-0.517543,-0.00862293,-0.647986
6.44986,-3.41637,-3.15878,-0.516345,-0.00129641,-0.639452
6.4447,-3.41635,-3.16513,-0.515377,0.00597259,-0.631076
6.43955,-3.41625,-3.1714,-0.514638,0.0131832,-0.622859
6.43441,-3.41608,-3.17759,-0.514129,0.0203346,-0.614802
6.42927,-3.41584,-3.18369,-0.513847,0.027426,-0.606906
6.42413,-3.41553,-3.18972,-0.513793,0.0344567,-0.59917
6.41899,-3.41516,-3.19568,-0.513966,0.0414261,-0.591596
6.41385,-3.41471,-3.20156,-0.514363,0.0483335,-0.584184
6.4087,-3.41419,-3.20736,-0.514984,0.0551784,-0.576934
6.40355,-3.4136,-3.2131,-0.515827,0.0619601,-0.569846
6.39839,-3.41295,-3.21876,-0.516891,0.0686782,-0.562921
6.39321,-3.41223,-3.22436,-0.518172,0.075332,-0.556157
6.38802,-3.41144,-3.22988,-0.519671,0.081921,-0.549557
6.38282,-3.41059,-3.23535,-0.521384,0.0884447,-0.543118
6.3776,-3.40967,-3.24075,-0.523309,0.0949025,-0.536842
6.37235,-3.40869,-3.24608,-0.525444,0.101294,-0.530728
6.36709,-3.40765,-3.25136,-0.527786,0.107618,-0.524776
6.3618,-3.40654,-3.25658,-0.530334,0.113875,-0.518986
6.35648,-3.40537,-3.26174,-0.533084,0.120064,-0.513358
6.35113,-3.40414,-3.26685,-0.536034,0.126184,-0.507892
6.34576,-3.40285,-3.2719,-0.539181,0.132235,-0.502587
6.34035,-3.4015,-3.2769,-0.542523,0.138216,-0.497444
6.33491,-3.40008,-3.28185,-0.546055,0.144126,-0.492461
6.32943,-3.39861,-3.28675,-0.549776,0.149965,-0.48764
6.32391,-3.39709,-3.2916,-0.553681,0.155733,-0.48298
6.31835,-3.3955,-3.29641,-0.557768,0.161428,-0.478479
6.31275,-3.39386,-3.30117,-0.562033,0.167051,-0.474139
6.30711,-3.39216,-3.30589,-0.566472,0.1726,-0.469959
6.30142,-3.3904,-3.31057,-0.571082,0.178075,-0.465937
6.29569,-3.3886,-3.31521,-0.575859,0.183475,-0.462074
6.28991,-3.38674,-3.31981,-0.580799,0.1888,-0.458369
6.28407,-3.38482,-3.32438,-0.585897,0.19405,-0.454821
6.27819,-3.38285,-3.32891,-0.591148,0.199224,-0.451429
6.27225,-3.38084,-3.33341,-0.59655,0.204322,-0.448191
6.26626,-3.37877,-3.33788,-0.602095,0.209344,-0.445108
6.26021,-3.37665,-3.34231,-0.60778,0.214289,-0.442176
6.2541,-3.37448,-3.34672,-0.613598,0.219157,-0.439394
6.24793,-3.37227,-3.3511,-0.619544,0.223948,-0.436761
6.24171,-3.37,-3.35546,-0.625612,0.228664,-0.434274
6.23542,-3.36769,-3.35979,-0.631795,0.233303,-0.431929
6.22907,-3.36534,-3.36409,-0.638087,0.237866,-0.429725
6.22266,-3.36294,-3.36838,-0.64448,0.242354,-0.427658
6.21618,-3.36049,-3.37265,-0.650967,0.246768,-0.425724
6.20964,-3.358,-3.3769,-0.65754,0.251108,-0.423918
6.20303,-3.35547,-3.38113,-0.66419,0.255377,-0.422237
6.19636,-3.3529,-3.38534,-0.670908,0.259574,-0.420674
6.18961,-3.35028,-3.38954,-0.677686,0.263703,-0.419225
6.1828,-3.34762,-3.39373,-0.684511,0.267764,-0.417882
6.17592,-3.34492,-3.3979,-0.691375,0.271761,-0.416639
6.16897,-3.34219,-3.40206,-0.698266,0.275695,-0.415487
6.16196,-3.33941,-3.40621,-0.705171,0.27957,-0.414419
6.15487,-3.3366,-3.41036,-0.712086,0.283376,-0.413445
6.14771,-3.33375,-3.41449,-0.718982,0.287141,-0.412516
6.14049,-3.33086,-3.41861,-0.725859,0.290855,-0.411647
6.1332,-3.32793,-3.42272,-0.732706,0.294517,-0.410834
6.12584,-3.32497,-3.42683,-0.739517,0.298129,-0.410074
6.11841,-3.32197,-3.43093,-0.746282,0.301692,-0.409361
6.11091,-3.31893,-3.43502,-0.752994,0.305206,-0.408691
6.10335,-3.31586,-3.4391,-0.759644,0.308672,-0.408062
6.09572,-3.31276,-3.44318,-0.766226,0.312092,-0.407468
6.08802,-3.30962,-3.44725,-0.772731,0.315467,-0.406906
6.08026,-3.30645,-3.45132,-0.779153,0.318797,-0.406371
6.07244,-3.30325,-3.45538,-0.785482,0.322083,-0.40586
6.06455,-3.30001,-3.45943,-0.791714,0.325326,-0.405368
6.05661,-3.29674,-3.46348,-0.79784,0.328529,-0.404893
6.0486,-3.29344,-3.46753,-0.803855,0.33169,-0.404429
6.04053,-3.29011,-3.47157,-0.809751,0.334813,-0.403973
6.0324,-3.28674,-3.47561,-0.815522,0.337897,-0.403522
6.02422,-3.28335,-3.47964,-0.821162,0.340944,-0.403072
6.01598,-3.27992,-3.48367,-0.826665,0.343954,-0.402618
6.00769,-3.27647,-3.4877,-0.832026,0.34693,-0.402158
5.99934,-3.27299,-3.49172,-0.837238,0.349872,-0.401689
5.99094,-3.26947,-3.49573,-0.842297,0.352781,-0.401205
5.98249,-3.26593,-3.49974,-0.847197,0.355658,-0.400706
5.974,-3.26236,-3.50374,-0.851934,0.358504,-0.400186
5.96546,-3.25876,-3.50774,-0.856503,0.36132,-0.399643
5.95687,-3.25513,-3.51174,-0.860898,0.364108,-0.399074
5.94824,-3.25148,-3.51572,-0.865117,0.366868,-0.398476
5.93957,-3.2478,-3.51971,-0.869155,0.369602,-0.397846
5.93086,-3.24409,-3.52368,-0.873008,0.37231,-0.397182
5.92211,-3.24035,-3.52765,-0.876672,0.374993,-0.396479
5.91332,-3.23659,-3.53161,-0.880145,0.377652,-0.395738
5.90451,-3.2328,-3.53556,-0.883423,0.380289,-0.394953
5.89566,-3.22898,-3.53951,-0.886504,0.382904,-0.394124
5.88678,-3.22514,-3.54345,-0.889384,0.385498,-0.393248
5.87787,-3.22127,-3.54737,-0.892061,0.388072,-0.392323
5.86894,-3.21738,-3.55129,-0.894534,0.390627,-0.391347
5.85998,-3.21346,-3.5552,-0.8968,0.393164,-0.390318
5.851,-3.20951,-3.5591,-0.898857,0.395683,-0.389234
5.842,-3.20555,-3.56299,-0.900704,0.398185,-0.388094
5.83299,-3.20155,-3.56686,-0.902341,0.400671,-0.386896
5.82396,-3.19753,-3.57072,-0.903765,0.403143,-0.385639
5.81491,-3.19349,-3.57457,-0.904977,0.405599,-0.384321
5.80586,-3.18942,-3.57841,-0.905975,0.408042,-0.382942
5.79679,-3.18533,-3.58223,-0.906761,0.410472,-0.3815
5.78772,-3.18121,-3.58604,-0.907332,0.412889,-0.379995
5.77865,-3.17707,-3.58983,-0.907691,0.415294,-0.378425
5.76957,-3.1729,-3.59361,-0.907838,0.417688,-0.376791
5.76049,-3.16872,-3.59737,-0.907772,0.420071,-0.375091
5.75142,-3.1645,-3.60111,-0.907497,0.422444,-0.373325
5.74234,-3.16027,-3.60483,-0.907011,0.424807,-0.371493
5.73328,-3.15601,-3.60854,-0.906318,0.427161,-0.369595
5.72422,-3.15172,-3.61223,-0.905419,0.429506,-0.367631
5.71517,-3.14742,-3.61589,-0.904316,0.431842,-0.365601
5.70613,-3.14309,-3.61954,-0.903011,0.43417,-0.363505
5.69711,-3.13873,-3.62316,-0.901507,0.436491,-0.361344
5.6881,-3.13436,-3.62676,-0.899807,0.438804,-0.359118
5.67911,-3.12996,-3.63034,-0.897913,0.44111,-0.356828
5.67014,-3.12554,-3.6339,-0.895829,0.443409,-0.354474
5.6612,-3.12109,-3.63743,-0.893559,0.445701,-0.352058
5.65227,-3.11662,-3.64094,-0.891105,0.447987,-0.34958
5.64338,-3.11213,-3.64442,-0.888473,0.450267,-0.347041
5.6345,-3.10762,-3.64788,-0.885666,0.452541,-0.344444
5.62566,-3.10308,-3.65131,-0.882689,0.454809,-0.341788
5.61685,-3.09852,-3.65472,-0.879546,0.457072,-0.339076
5.60807,-3.09394,-3.65809,-0.876242,0.459329,-0.336309
5.59933,-3.08933,-3.66144,-0.872783,0.461581,-0.333489
5.59062,-3.08471,-3.66476,-0.869174,0.463827,-0.330617
5.58194,-3.08006,-3.66806,-0.865421,0.466068,-0.327695
5.57331,-3.07538,-3.67132,-0.861528,0.468304,-0.324726
5.56471,-3.07069,-3.67455,-0.857504,0.470535,-0.321711
5.55616,-3.06597,-3.67775,-0.853352,0.472761,-0.318652
5.54765,-3.06124,-3.68092,-0.849081,0.474981,-0.315553
5.53918,-3.05647,-3.68406,-0.844697,0.477197,-0.312414
5.53075,-3.05169,-3.68717,-0.840207,0.479408,-0.309239
5.52237,-3.04689,-3.69025,-0.835617,0.481613,-0.306029
5.51404,-3.04206,-3.69329,-0.830936,0.483814,-0.302788
5.50576,-3.03721,-3.6963,-0.82617,0.48601,-0.299518
5.49752,-3.03234,-3.69928,-0.821328,0.488201,-0.296222
5.48933,-3.02745,-3.70223,-0.816417,0.490387,-0.292902
5.48119,-3.02253,-3.70514,-0.811446,0.492568,-0.289562
5.47309,-3.01759,-3.70802,-0.806429,0.494739,-0.286205
5.46505,-3.01263,-3.71087,-0.801362,0.496911,-0.282832
5.45707,-3.00765,-3.71368,-0.79626,0.499077,-0.279447
5.44913,-3.00265,-3.71646,-0.791132,0.501239,-0.276054
5.44124,-2.99763,-3.7192,-0.785986,0.503394,-0.272656
5.43341,-2.99259,-3.72191,-0.780832,0.505545,-0.269256
5.42563,-2.98752,-3.72458,-0.775677,0.507689,-0.265859
5.4179,-2.98243,-3.72723,-0.770529,0.509827,-0.262465
5.41022,-2.97732,-3.72983,-0.765396,0.511959,-0.25908
5.40259,-2.97219,-3.73241,-0.760285,0.514085,-0.255705
5.39501,-2.96704,-3.73495,-0.755205,0.516204,-0.252343
5.38748,-2.96187,-3.73745,-0.750163,0.518317,-0.248998
5.38001,-2.95667,-3.73993,-0.745164,0.520423,-0.245671
5.37258,-2.95146,-3.74237,-0.740217,0.522522,-0.242365
5.3652,-2.94622,-3.74478,-0.735328,0.524614,-0.239083
5.35787,-2.94097,-3.74715,-0.730504,0.5267,-0.235827
5.35059,-2.93569,-3.74949,-0.72575,0.528778,-0.2326
5.34336,-2.93039,-3.7518,-0.721073,0.530849,-0.229403
5.33617,-2.92507,-3.75408,-0.716479,0.532914,-0.226238
5.32903,-2.91973,-3.75633,-0.711973,0.534971,-0.223108
5.32193,-2.91437,-3.75854,-0.707561,0.537021,-0.220015
5.31488,-2.90899,-3.76073,-0.703249,0.539064,-0.21696
5.30786,-2.90359,-3.76288,-0.699041,0.541099,-0.213946
5.30089,-2.89817,-3.76501,-0.694943,0.543128,-0.210974
5.29397,-2.89273,-3.7671,-0.690959,0.54515,-0.208045
5.28708,-2.88727,-3.76917,-0.687094,0.547164,-0.205162
5.28022,-2.88179,-3.7712,-0.683352,0.549172,-0.202325
5.27341,-2.87629,-3.77321,-0.679738,0.551173,-0.199536
5.26663,-2.87076,-3.7752,-0.676255,0.553167,-0.196796
5.25988,-2.86522,-3.77715,-0.672908,0.555154,-0.194107
5.25317,-2.85966,-3.77908,-0.6697,0.557134,-0.19147
5.24649,-2.85408,-3.78098,-0.666634,0.559108,-0.188886
5.23984,-2.84848,-3.78286,-0.663714,0.561076,-0.186355
5.23321,-2.84286,-3.78471,-0.660943,0.563037,-0.183879
5.22662,-2.83722,-3.78653,-0.658324,0.564992,-0.181459
5.22005,-2.83156,-3.78834,-0.65586,0.56694,-0.179094
5.2135,-2.82588,-3.79012,-0.653553,0.568883,-0.176787
5.20697,-2.82018,-3.79187,-0.651405,0.57082,-0.174537
5.20047,-2.81446,-3.79361,-0.649419,0.572751,-0.172346
5.19399,-2.80873,-3.79532,-0.647597,0.574677,-0.170212
5.18752,-2.80297,-3.79701,-0.645941,0.576598,-0.168138
5.18107,-2.79719,-3.79868,-0.644452,0.578513,-0.166123
5.17463,-2.7914,-3.80033,-0.643131,0.580424,-0.164167
5.1682,-2.78558,-3.80197,-0.64198,0.58233,-0.162271
5.16179,-2.77975,-3.80358,-0.641,0.584231,-0.160434
5.15538,-2.7739,-3.80517,-0.640192,0.586128,-0.158657
5.14898,-2.76803,-3.80675,-0.639557,0.588021,-0.15694
5.14259,-2.76214,-3.80831,-0.639095,0.58991,-0.155281
5.1362,-2.75623,-3.80986,-0.638806,0.591795,-0.153682
5.12981,-2.7503,-3.81139,-0.638691,0.593678,-0.152141
5.12343,-2.74436,-3.8129,-0.638749,0.595557,-0.150659
5.11704,-2.73839,-3.8144,-0.638981,0.597433,-0.149234
5.11065,-2.73241,-3.81589,-0.639385,0.599307,-0.147867
5.10425,-2.72641,-3.81736,-0.639962,0.601179,-0.146556
5.09785,-2.72039,-3.81882,-0.640711,0.603048,-0.145301
5.09144,-2.71435,-3.82026,-0.641631,0.604916,-0.144102
5.08501,-2.70829,-3.8217,-0.64272,0.606783,-0.142956
5.07858,-2.70221,-3.82312,-0.643977,0.608649,-0.141864
5.07213,-2.69611,-3.82454,-0.645401,0.610514,-0.140824
5.06567,-2.69,-3.82594,-0.64699,0.612379,-0.139835
5.05919,-2.68387,-3.82733,-0.648742,0.614243,-0.138896
5.0527,-2.67771,-3.82872,-0.650655,0.616109,-0.138006
5.04618,-2.67154,-3.83009,-0.652727,0.617975,-0.137164
5.03964,-2.66536,-3.83146,-0.654956,0.619842,-0.136367
5.03308,-2.65915,-3.83282,-0.657338,0.62171,-0.135615
5.02649,-2.65292,-3.83417,-0.659871,0.62358,-0.134905
5.01988,-2.64668,-3.83552,-0.662553,0.625453,-0.134237
5.01324,-2.64041,-3.83686,-0.665379,0.627329,-0.133609
5.00657,-2.63413,-3.83819,-0.668347,0.629207,-0.133018
4.99988,-2.62783,-3.83952,-0.671453,0.631089,-0.132463
4.99314,-2.62151,-3.84084,-0.674693,0.632975,-0.131942
4.98638,-2.61517,-3.84216,-0.678063,0.634866,-0.131452
4.97958,-2.60881,-3.84347,-0.68156,0.636761,-0.130992
4.97275,-2.60243,-3.84478,-0.685178,0.638662,-0.13056
4.96588,-2.59604,-3.84608,-0.688914,0.640569,-0.130153
4.95897,-2.58962,-3.84738,-0.692763,0.642482,-0.129768
4.95202,-2.58319,-3.84868,-0.696719,0.644402,-0.129404
4.94504,-2.57673,-3.84997,-0.700779,0.64633,-0.129058
4.93801,-2.57026,-3.85126,-0.704936,0.648265,-0.128726
4.93094,-2.56377,-3.85254,-0.709185,0.650209,-0.128407
4.92382,-2.55726,-3.85382,-0.713516,0.652154,-0.128096
4.91667,-2.55073,-3.8551,-0.717933,0.654117,-0.127793
4.90947,-2.54418,-3.85638,-0.722424,0.65609,-0.127494
4.90222,-2.53761,-3.85765,-0.726985,0.658073,-0.127196
4.89493,-2.53102,-3.85892,-0.731609,0.660068,-0.126896
4.88759,-2.52441,-3.86019,-0.736291,0.662074,-0.126592
4.8802,-2.51778,-3.86145,-0.741026,0.664092,-0.126281
4.87277,-2.51113,-3.86272,-0.745808,0.666122,-0.125961
4.86528,-2.50446,-3.86397,-0.750632,0.668166,-0.125627
4.85775,-2.49777,-3.86523,-0.755492,0.670222,-0.125279
4.85017,-2.49105,-3.86648,-0.760384,0.672292,-0.124914
4.84254,-2.48432,-3.86773,-0.765303,0.674375,-0.124529
4.83487,-2.47756,-3.86897,-0.770243,0.676473,-0.124122
4.82714,-2.47079,-3.87021,-0.7752,0.678585,-0.12369
4.81936,-2.46399,-3.87144,-0.780169,0.680711,-0.123231
4.81154,-2.45718,-3.87267,-0.785145,0.682853,-0.122743
4.80366,-2.45034,-3.8739,-0.790124,0.685009,-0.122224
4.79573,-2.44348,-3.87512,-0.795101,0.68718,-0.121671
4.78776,-2.43659,-3.87633,-0.800071,0.689366,-0.121082
4.77973,-2.42969,-3.87754,-0.805031,0.691568,-0.120456
4.77166,-2.42276,-3.87874,-0.809976,0.693785,-0.119789
4.76353,-2.41581,-3.87994,-0.814903,0.696017,-0.119081
4.75536,-2.40884,-3.88112,-0.819806,0.698265,-0.118329
4.74714,-2.40185,-3.8823,-0.824681,0.700528,-0.117532
4.73887,-2.39483,-3.88347,-0.829526,0.702806,-0.116686
4.73055,-2.38779,-3.88464,-0.834337,0.7051,-0.115792
4.72218,-2.38073,-3.88579,-0.839108,0.707409,-0.114846
4.71376,-2.37364,-3.88693,-0.843838,0.709734,-0.113847
4.7053,-2.36653,-3.88807,-0.848522,0.712073,-0.112794
4.69679,-2.3594,-3.88919,-0.853156,0.714427,-0.111684
4.68824,-2.35224,-3.8903,-0.857738,0.716796,-0.110517
4.67964,-2.34506,-3.8914,-0.862265,0.71918,-0.10929
4.67099,-2.33786,-3.89248,-0.866732,0.721577,-0.108002
4.66231,-2.33063,-3.89356,-0.871137,0.723989,-0.106652
4.65357,-2.32338,-3.89462,-0.875477,0.726414,-0.105238
4.6448,-2.3161,-3.89566,-0.879749,0.728853,-0.103759
4.63598,-2.3088,-3.89669,-0.88395,0.731304,-0.102213
4.62712,-2.30148,-3.89771,-0.888077,0.733769,-0.100599
4.61822,-2.29413,-3.8987,-0.892128,0.736245,-0.0989169
4.60928,-2.28675,-3.89968,-0.896099,0.738734,-0.0971641
4.60029,-2.27935,-3.90065,-0.89999,0.741234,-0.0953399
4.59128,-2.27193,-3.90159,-0.903796,0.743745,-0.0934433
4.58222,-2.26448,-3.90252,-0.907516,0.746267,-0.0914731
4.57313,-2.257,-3.90342,-0.911148,0.748798,-0.0894283
4.564,-2.2495,-3.9043,-0.914689,0.751339,-0.0873079
4.55483,-2.24198,-3.90517,-0.918138,0.753889,-0.0851112
4.54563,-2.23443,-3.90601,-0.921491,0.756447,-0.082837
4.5364,-2.22685,-3.90682,-0.924749,0.759013,-0.0804847
4.52714,-2.21924,-3.90762,-0.927908,0.761586,-0.0780534
4.51784,-2.21162,-3.90838,-0.930967,0.764165,-0.0755424
4.50852,-2.20396,-3.90913,-0.933924,0.76675,-0.0729509
4.49917,-2.19628,-3.90984,-0.936778,0.769339,-0.0702784
4.48979,-2.18857,-3.91053,-0.939527,0.771933,-0.0675242
4.48038,-2.18084,-3.91119,-0.94217,0.774531,-0.0646877
4.47094,-2.17308,-3.91182,-0.944706,0.777131,-0.0617685
4.46148,-2.1653,-3.91243,-0.947134,0.779733,-0.0587659
4.452,-2.15749,-3.913,-0.949452,0.782336,-0.0556797
4.44249,-2.14965,-3.91354,-0.951659,0.784939,-0.0525095
4.43297,-2.14179,-3.91405,-0.953755,0.787541,-0.0492548
4.42342,-2.1339,-3.91453,-0.955738,0.790141,-0.0459154
4.41385,-2.12599,-3.91497,-0.957608,0.792739,-0.042491
4.40427,-2.11805,-3.91537,-0.959365,0.795333,-0.0389814
4.39467,-2.11008,-3.91575,-0.961007,0.797922,-0.0353866
4.38505,-2.10209,-3.91608,-0.962534,0.800506,-0.0317062
4.37542,-2.09407,-3.91638,-0.963946,0.803083,-0.0279404
4.36577,-2.08603,-3.91664,-0.965242,0.805652,-0.024089
4.35611,-2.07796,-3.91686,-0.966423,0.808212,-0.020152
4.34644,-2.06986,-3.91704,-0.967488,0.810762,-0.0161296
4.33676,-2.06174,-3.91718,-0.968436,0.813301,-0.0120218
4.32707,-2.0536,-3.91728,-0.969269,0.815827,-0.00782885
4.31738,-2.04543,-3.91734,-0.969986,0.81834,-0.00355087
4.30767,-2.03723,-3.91735,-0.970587,0.820838,0.000811885
4.29797,-2.02901,-3.91732,-0.971073,0.82332,0.00525912
4.28825,-2.02076,-3.91725,-0.971444,0.825784,0.00979049
4.27854,-2.01249,-3.91713,-0.9717,0.82823,0.0144056
4.26882,-2.0042,-3.91696,-0.971842,0.830656,0.0191041
4.2591,-1.99588,-3.91675,-0.971872,0.83306,0.0238855
4.24938,-1.98754,-3.91648,-0.971788,0.835442,0.0287492
4.23966,-1.97917,-3.91617,-0.971594,0.837799,0.0336947
4.22995,-1.97078,-3.91581,-0.971288,0.840131,0.0387215
4.22024,-1.96237,-3.9154,-0.970872,0.842436,0.0438287
4.21053,-1.95393,-3.91493,-0.970348,0.844712,0.0490159
4.20083,-1.94548,-3.91442,-0.969716,0.846958,0.0542821
4.19114,-1.937,-3.91385,-0.968978,0.849173,0.0596267
4.18145,-1.92849,-3.91322,-0.968135,0.851354,0.0650489
4.17178,-1.91997,-3.91254,-0.967189,0.8535,0.0705476
4.16211,-1.91142,-3.91181,-0.96614,0.85561,0.0761221
4.15245,-1.90286,-3.91102,-0.964991,0.857682,0.0817713
4.14281,-1.89427,-3.91018,-0.963744,0.859714,0.0874942
4.13318,-1.88566,-3.90927,-0.962399,0.861705,0.0932899
4.12356,-1.87704,-3.90831,-0.96096,0.863653,0.0991572
4.11396,-1.86839,-3.90729,-0.959428,0.865555,0.105095
4.10437,-1.85972,-3.90621,-0.957804,0.867412,0.111102
4.09481,-1.85104,-3.90507,-0.956092,0.869219,0.117177
4.08525,-1.84234,-3.90386,-0.954293,0.870976,0.123319
4.07572,-1.83362,-3.9026,-0.95241,0.872682,0.129526
4.06621,-1.82489,-3.90127,-0.950445,0.874333,0.135797
4.05671,-1.81614,-3.89988,-0.9484,0.875928,0.142131
4.04724,-1.80737,-3.89843,-0.946279,0.877466,0.148526
4.03779,-1.79859,-3.89691,-0.944083,0.878943,0.154981
4.02836,-1.78979,-3.89533,-0.941816,0.880359,0.161494
4.01895,-1.78098,-3.89368,-0.93948,0.881711,0.168063
4.00957,-1.77216,-3.89197,-0.937079,0.882998,0.174687
4.00021,-1.76332,-3.89019,-0.934615,0.884216,0.181365
3.99087,-1.75447,-3.88834,-0.932091,0.885365,0.188094
3.98157,-1.74561,-3.88643,-0.929511,0.886442,0.194873
3.97228,-1.73674,-3.88444,-0.926878,0.887444,0.2017
3.96303,-1.72786,-3.88239,-0.924195,0.88837,0.208572
3.9538,-1.71898,-3.88027,-0.921465,0.889218,0.215489
3.9446,-1.71008,-3.87808,-0.918693,0.889984,0.222448
3.93543,-1.70118,-3.87582,-0.915882,0.890668,0.229447
3.92628,-1.69227,-3.87349,-0.913035,0.891267,0.236485
3.91717,-1.68335,-3.87109,-0.910157,0.891778,0.243558
3.90808,-1.67443,-3.86862,-0.90725,0.8922,0.250666
3.89902,-1.66551,-3.86608,-0.90432,0.892529,0.257805
3.88999,-1.65658,-3.86347,-0.901371,0.892764,0.264973
3.88099,-1.64765,-3.86078,-0.898405,0.892902,0.272169
3.87203,-1.63872,-3.85802,-0.895428,0.892941,0.27939
3.86309,-1.62979,-3.85519,-0.892445,0.892877,0.286633
3.85418,-1.62087,-3.85229,-0.889458,0.89271,0.293897
3.8453,-1.61194,-3.84931,-0.886474,0.892436,0.301178
3.83645,-1.60302,-3.84627,-0.883496,0.892053,0.308475
3.82763,-1.5941,-3.84314,-0.880528,0.891558,0.315784
3.81884,-1.58519,-3.83995,-0.877577,0.890949,0.323103
3.81007,-1.57628,-3.83668,-0.874647,0.890223,0.33043
3.80134,-1.56738,-3.83334,-0.871742,0.889377,0.337762
3.79264,-1.55849,-3.82993,-0.868868,0.888409,0.345096
3.78397,-1.54961,-3.82644,-0.86603,0.887317,0.352429
3.77532,-1.54075,-3.82288,-0.863233,0.886097,0.359758
3.7667,-1.53189,-3.81924,-0.860482,0.884746,0.367082
3.75811,-1.52305,-3.81554,-0.857782,0.883263,0.374396
3.74954,-1.51423,-3.81176,-0.85514,0.881644,0.381698
3.74101,-1.50542,-3.8079,-0.85256,0.879886,0.388985
3.73249,-1.49663,-3.80398,-0.850049,0.877987,0.396254
3.72401,-1.48786,-3.79998,-0.847611,0.875943,0.403501
3.71554,-1.47911,-3.79591,-0.845254,0.873753,0.410724
3.7035,-1.4667,-3.78999,-0.842027,0.870414,0.42096
3.69509,-1.458,-3.78575,-0.839888,0.867855,0.428111
3.6867,-1.44934,-3.78143,-0.837849,0.865138,0.435226
3.67833,-1.4407,-3.77704,-0.835916,0.862262,0.442304
3.66998,-1.43209,-3.77259,-0.834094,0.859223,0.449339
3.66165,-1.42352,-3.76806,-0.83239,0.856019,0.45633
3.65333,-1.41498,-3.76346,-0.830807,0.852648,0.463272
3.64503,-1.40647,-3.75879,-0.829352,0.849108,0.470164
3.63674,-1.39799,-3.75406,-0.828028,0.845395,0.477002
3.62847,-1.38956,-3.74925,-0.826841,0.841509,0.483783
3.62021,-1.38116,-3.74438,-0.825794,0.837448,0.490504
3.61195,-1.37281,-3.73944,-0.824892,0.833208,0.497163
3.60371,-1.3645,-3.73444,-0.824139,0.82879,0.503756
3.59547,-1.35624,-3.72937,-0.823539,0.824192,0.510281
3.58724,-1.34802,-3.72423,-0.823095,0.819411,0.516735
3.57901,-1.33985,-3.71903,-0.82281,0.814448,0.523114
3.57078,-1.33173,-3.71377,-0.822688,0.8093,0.529418
3.56255,-1.32366,-3.70844,-0.822731,0.803967,0.535642
3.55433,-1.31565,-3.70306,-0.822943,0.798448,0.541785
3.54609,-1.30769,-3.69761,-0.823326,0.792742,0.547843
3.53786,-1.2998,-3.6921,-0.823882,0.786849,0.553815
3.52962,-1.29196,-3.68653,-0.824613,0.780767,0.559697
3.52137,-1.28418,-3.68091,-0.825522,0.774498,0.565487
3.5131,-1.27647,-3.67522,-0.82661,0.768039,0.571184
3.50483,-1.26882,-3.66948,-0.827878,0.761393,0.576784
3.49655,-1.26124,-3.66369,-0.829329,0.754557,0.582285
3.48825,-1.25373,-3.65784,-0.830962,0.747533,0.587685
3.47993,-1.24629,-3.65194,-0.83278,0.740321,0.592981
3.47159,-1.23892,-3.64598,-0.834783,0.732921,0.598172
3.46323,-1.23163,-3.63997,-0.836971,0.725334,0.603256
3.45485,-1.22442,-3.63391,-0.839344,0.71756,0.608229
3.44644,-1.21728,-3.62781,-0.841904,0.7096,0.613091
3.43801,-1.21023,-3.62165,-0.844649,0.701455,0.617838
3.42955,-1.20325,-3.61545,-0.847581,0.693126,0.62247
3.42106,-1.19637,-3.6092,-0.850697,0.684614,0.626983
3.41253,-1.18956,-3.60291,-0.853997,0.675921,0.631377
3.40398,-1.18285,-3.59658,-0.857482,0.667048,0.635649
3.39538,-1.17622,-3.5902,-0.861148,0.657996,0.639797
3.38675,-1.16969,-3.58378,-0.864996,0.648767,0.64382
3.37808,-1.16325,-3.57732,-0.869024,0.639363,0.647716
3.36937,-1.1569,-3.57083,-0.87323,0.629785,0.651482
3.36062,-1.15065,-3.56429,-0.877613,0.620036,0.655118
3.35182,-1.1445,-3.55773,-0.882169,0.610119,0.658622
3.34297,-1.13845,-3.55112,-0.886898,0.600034,0.661992
3.33408,-1.1325,-3.54449,-0.891796,0.589785,0.665226
3.32514,-1.12666,-3.53782,-0.896861,0.579375,0.668323
3.31614,-1.12091,-3.53112,-0.90209,0.568805,0.671282
3.3071,-1.11528,-3.52439,-0.90748,0.558078,0.674101
3.29799,-1.10975,-3.51764,-0.913027,0.547199,0.676779
3.28883,-1.10434,-3.51086,-0.918729,0.536168,0.679313
3.27962,-1.09903,-3.50405,-0.924581,0.524991,0.681704
3.27034,-1.09384,-3.49722,-0.93058,0.51367,0.683949
3.26101,-1.08876,-3.49037,-0.936722,0.502208,0.686048
3.25161,-1.08379,-3.4835,-0.943002,0.490609,0.687998
3.24215,-1.07895,-3.47662,-0.949415,0.478876,0.6898
3.23262,-1.07422,-3.46971,-0.955958,0.467015,0.691451
3.22303,-1.06961,-3.46279,-0.962625,0.455027,0.692951
3.21337,-1.06512,-3.45585,-0.969412,0.442918,0.694299
3.20364,-1.06075,-3.4489,-0.976312,0.430692,0.695494
3.19384,-1.0565,-3.44194,-0.983321,0.418353,0.696534
3.18397,-1.05238,-3.43497,-0.990432,0.405905,0.697418
3.17403,-1.04838,-3.42799,-0.997641,0.393353,0.698147
3.16402,-1.04451,-3.42101,-1.00494,0.380701,0.698718
3.15393,-1.04077,-3.41402,-1.01232,0.367955,0.699132
3.14377,-1.03716,-3.40703,-1.01979,0.35512,0.699387
3.13354,-1.03367,-3.40003,-1.02732,0.342199,0.699482
3.12322,-1.03031,-3.39304,-1.03492,0.3292,0.699417
3.11284,-1.02709,-3.38604,-1.04257,0.316126,0.699192
3.10237,-1.02399,-3.37905,-1.05028,0.302983,0.698805
3.09183,-1.02103,-3.37207,-1.05803,0.289778,0.698256
3.08121,-1.01819,-3.36509,-1.06581,0.276515,0.697545
3.07051,-1.0155,-3.35812,-1.07362,0.263201,0.69667
3.05974,-1.01293,-3.35116,-1.08145,0.249841,0.695632
3.04889,-1.0105,-3.34421,-1.08929,0.236441,0.69443
3.03795,-1.0082,-3.33727,-1.09714,0.223008,0.693064
3.02694,-1.00604,-3.33035,-1.10497,0.209548,0.691533
3.01585,-1.00401,-3.32344,-1.11279,0.196068,0.689837
3.00469,-1.00212,-3.31655,-1.12059,0.182573,0.687976
2.99344,-1.00036,-3.30968,-1.12835,0.169071,0.685949
2.98212,-0.998736,-3.30283,-1.13607,0.155569,0.683756
2.97073,-0.997228,-3.29601,-1.14374,0.142097,0.681401
2.95926,-0.995875,-3.28921,-1.15134,0.128614,0.678877
2.9477,-0.994656,-3.28244,-1.15888,0.115152,0.676186
2.93608,-0.993572,-3.27569,-1.16633,0.101718,0.67333
2.92438,-0.992621,-3.26897,-1.17368,0.0883184,0.670308
2.91261,-0.991805,-3.26228,-1.18094,0.0749598,0.66712
2.90076,-0.991122,-3.25563,-1.18809,0.0616492,0.663766
2.88884,-0.990572,-3.24901,-1.19512,0.048393,0.660246
2.87686,-0.990154,-3.24242,-1.20202,0.0351976,0.656561
2.8648,-0.989868,-3.23588,-1.20878,0.0220695,0.652712
2.85268,-0.989712,-3.22937,-1.21541,0.00901475,0.648697
2.8405,-0.989687,-3.2229,-1.22188,-0.00396045,0.644518
2.82825,-0.989791,-3.21648,-1.22819,-0.0168501,0.640175
2.81593,-0.990024,-3.2101,-1.23433,-0.0296484,0.635669
2.80356,-0.990384,-3.20377,-1.2403,-0.0423494,0.631
2.79113,-0.990871,-3.19748,-1.24608,-0.0549476,0.626168
2.77864,-0.991483,-3.19124,-1.25168,-0.0674373,0.621175
2.7661,-0.992219,-3.18506,-1.25708,-0.0798131,0.616022
2.7535,-0.993078,-3.17892,-1.26228,-0.0920697,0.610708
2.74085,-0.99406,-3.17284,-1.26727,-0.104202,0.605235
2.72815,-0.995162,-3.16682,-1.27205,-0.116204,0.599603
2.71541,-0.996384,-3.16085,-1.27661,-0.128072,0.593814
2.70262,-0.997723,-3.15494,-1.28094,-0.1398,0.587868
2.68979,-0.999179,-3.1491,-1.28504,-0.151384,0.581767
2.67692,-1.00075,-3.14331,-1.2889,-0.162819,0.575511
2.66401,-1.00243,-3.13759,-1.29252,-0.1741,0.569101
2.65107,-1.00423,-3.13193,-1.2959,-0.185223,0.56254
2.6381,-1.00614,-3.12634,-1.29902,-0.196184,0.555827
2.62509,-1.00815,-3.12081,-1.30189,-0.206977,0.548965
2.61206,-1.01028,-3.11536,-1.3045,-0.2176,0.541954
2.599,-1.01251,-3.10997,-1.30684,-0.228048,0.534797
2.58593,-1.01484,-3.10466,-1.30892,-0.238317,0.527493
2.57283,-1.01727,-3.09942,-1.31073,-0.248403,0.520046
2.55971,-1.01981,-3.09426,-1.31226,-0.258303,0.512455
2.54658,-1.02244,-3.08918,-1.31351,-0.268013,0.504724
2.53344,-1.02517,-3.08417,-1.31449,-0.277529,0.496854
2.52029,-1.02799,-3.07924,-1.31518,-0.286848,0.488845
2.50714,-1.0309,-3.07439,-1.31559,-0.295967,0.480701
2.49398,-1.03391,-3.06963,-1.31571,-0.304883,0.472422
2.48083,-1.037,-3.06494,-1.31553,-0.313592,0.464011
2.46767,-1.04018,-3.06035,-1.31507,-0.322092,0.455469
2.45453,-1.04344,-3.05583,-1.31431,-0.330379,0.446799
2.44139,-1.04678,-3.05141,-1.31326,-0.338452,0.438002
2.42826,-1.05021,-3.04707,-1.31191,-0.346307,0.429081
2.41515,-1.05371,-3.04283,-1.31027,-0.353941,0.420037
2.40206,-1.05729,-3.03867,-1.30833,-0.361353,0.410873
2.38898,-1.06094,-3.03461,-1.30609,-0.368541,0.401591
2.37594,-1.06466,-3.03064,-1.30355,-0.375501,0.392193
2.36291,-1.06844,-3.02677,-1.30071,-0.382232,0.382681
2.34992,-1.0723,-3.02299,-1.29757,-0.388732,0.373058
2.33696,-1.07622,-3.01931,-1.29413,-0.394998,0.363327
2.32404,-1.0802,-3.01572,-1.29039,-0.40103,0.353488
2.31116,-1.08424,-3.01224,-1.28636,-0.406826,0.343546
2.29832,-1.08833,-3.00885,-1.28203,-0.412384,0.333503
2.28552,-1.09249,-3.00557,-1.2774,-0.417702,0.323361
2.27277,-1.09669,-3.00239,-1.27248,-0.422779,0.313123
2.26007,-1.10094,-2.99931,-1.26727,-0.427615,0.302791
2.24742,-1.10524,-2.99633,-1.26177,-0.432207,0.292369
2.23484,-1.10958,-2.99346,-1.25597,-0.436556,0.281859
2.22231,-1.11397,-2.99069,-1.24989,-0.440659,0.271264
2.20984,-1.1184,-2.98803,-1.24352,-0.444517,0.260587
2.19744,-1.12286,-2.98548,-1.23687,-0.448128,0.249831
2.1851,-1.12736,-2.98304,-1.22995,-0.451493,0.238999
2.17284,-1.13189,-2.9807,-1.22274,-0.454609,0.228094
2.16065,-1.13645,-2.97848,-1.21526,-0.457479,0.217119
2.14853,-1.14104,-2.97636,-1.20752,-0.4601,0.206077
2.1365,-1.14565,-2.97435,-1.1995,-0.462473,0.194972
2.12454,-1.15029,-2.97246,-1.19123,-0.464598,0.183807
2.11267,-1.15494,-2.97068,-1.18269,-0.466474,0.172585
2.10089,-1.15961,-2.96901,-1.1739,-0.468103,0.161309
2.0892,-1.1643,-2.96745,-1.16486,-0.469484,0.149984
2.0776,-1.169,-2.96601,-1.15558,-0.470618,0.138611
2.06609,-1.17371,-2.96468,-1.14606,-0.471506,0.127196
2.05467,-1.17843,-2.96347,-1.1363,-0.472147,0.115741
2.04336,-1.18316,-2.96237,-1.12631,-0.472544,0.10425
2.03215,-1.18788,-2.96138,-1.11609,-0.472695,0.0927273
2.02104,-1.19261,-2.96051,-1.10566,-0.472604,0.0811759
2.01004,-1.19733,-2.95976,-1.09502,-0.472269,0.0695999
1.99914,-1.20205,-2.95912,-1.08417,-0.471694,0.0580031
1.98835,-1.20677,-2.9586,-1.07312,-0.470879,0.0463893
1.97768,-1.21147,-2.95819,-1.06187,-0.469825,0.0347626
1.96712,-1.21616,-2.9579,-1.05044,-0.468534,0.0231269
1.95667,-1.22084,-2.95773,-1.03883,-0.467008,0.0114862
1.94634,-1.2255,-2.95767,-1.02705,-0.465248,-0.000155326
1.93613,-1.23014,-2.95773,-1.0151,-0.463256,-0.0117936
1.92604,-1.23477,-2.95791,-1.00299,-0.461034,-0.0234243
1.91607,-1.23936,-2.9582,-0.990736,-0.458584,-0.0350434
1.90623,-1.24394,-2.95861,-0.978339,-0.455908,-0.0466464
1.8965,-1.24848,-2.95913,-0.965808,-0.453009,-0.058229
1.88691,-1.253,-2.95977,-0.953152,-0.449889,-0.0697868
1.87744,-1.25748,-2.96053,-0.94038,-0.44655,-0.0813154
1.8681,-1.26193,-2.9614,-0.927501,-0.442995,-0.0928103
1.85889,-1.26634,-2.96239,-0.914524,-0.439227,-0.104267
1.84981,-1.27071,-2.96349,-0.901458,-0.435248,-0.11568
1.84086,-1.27504,-2.9647,-0.888312,-0.431061,-0.127046
1.83205,-1.27933,-2.96603,-0.875096,-0.42667,-0.13836
1.82336,-1.28358,-2.96747,-0.861821,-0.422077,-0.149617
1.81481,-1.28777,-2.96902,-0.848497,-0.417286,-0.160812
1.80639,-1.29192,-2.97068,-0.835133,-0.412301,-0.17194
1.79811,-1.29602,-2.97246,-0.82174,-0.407123,-0.182997
1.78996,-1.30006,-2.97434,-0.80833,-0.401758,-0.193977
1.78194,-1.30405,-2.97634,-0.794913,-0.396209,-0.204875
1.77406,-1.30799,-2.97844,-0.7815,-0.390479,-0.215686
1.76631,-1.31186,-2.98065,-0.768103,-0.384573,-0.226406
1.7587,-1.31568,-2.98297,-0.754733,-0.378494,-0.237029
1.74803,-1.32101,-2.98644,-0.735743,-0.369543,-0.251987
1.74073,-1.32468,-2.98901,-0.722489,-0.363063,-0.262352
1.73357,-1.32827,-2.99169,-0.709304,-0.356425,-0.272603
1.72655,-1.3318,-2.99446,-0.6962,-0.349633,-0.282733
1.71965,-1.33527,-2.99734,-0.683188,-0.342691,-0.292739
1.71288,-1.33866,-3.00032,-0.67028,-0.335604,-0.302614
1.70624,-1.34198,-3.00339,-0.657485,-0.328376,-0.312354
1.69973,-1.34522,-3.00656,-0.644817,-0.321011,-0.321956
1.69335,-1.3484,-3.00983,-0.632284,-0.313513,-0.331413
1.68709,-1.35149,-3.01319,-0.619898,-0.305886,-0.340722
1.68095,-1.35451,-3.01665,-0.607668,-0.298135,-0.349879
1.67493,-1.35746,-3.02019,-0.595604,-0.290262,-0.35888
1.66904,-1.36032,-3.02382,-0.583716,-0.282273,-0.36772
1.66326,-1.3631,-3.02754,-0.572013,-0.274171,-0.376397
1.6576,-1.3658,-3.03135,-0.560504,-0.26596,-0.384905
1.65205,-1.36842,-3.03524,-0.549198,-0.257645,-0.393242
1.64661,-1.37095,-3.03921,-0.538103,-0.249228,-0.401405
1.64128,-1.3734,-3.04327,-0.527228,-0.240714,-0.409389
1.63607,-1.37577,-3.0474,-0.516581,-0.232106,-0.417192
1.63095,-1.37805,-3.05161,-0.506169,-0.223408,-0.424812
1.62594,-1.38024,-3.0559,-0.496,-0.214625,-0.432244
1.62103,-1.38234,-3.06026,-0.486081,-0.205759,-0.439486
1.61622,-1.38435,-3.06469,-0.47642,-0.196815,-0.446536
1.6115,-1.38627,-3.06919,-0.467023,-0.187796,-0.453391
1.60688,-1.38811,-3.07375,-0.457896,-0.178705,-0.460049
1.60234,-1.38985,-3.07839,-0.449045,-0.169547,-0.466508
1.5979,-1.3915,-3.08308,-0.440478,-0.160324,-0.472765
1.59353,-1.39305,-3.08784,-0.432198,-0.15104,-0.478819
1.58925,-1.39452,-3.09266,-0.424213,-0.1417,-0.484667
1.58505,-1.39589,-3.09753,-0.416526,-0.132305,-0.490308
1.58092,-1.39716,-3.10246,-0.409143,-0.122861,-0.495741
1.57686,-1.39835,-3.10745,-0.402069,-0.113369,-0.500964
1.57288,-1.39943,-3.11248,-0.395308,-0.103833,-0.505976
1.56896,-1.40042,-3.11757,-0.388865,-0.0942576,-0.510775
1.5651,-1.40132,-3.1227,-0.382742,-0.084645,-0.515361
1.5613,-1.40211,-3.12787,-0.376944,-0.0749986,-0.519733
1.55756,-1.40282,-3.13309,-0.371475,-0.0653216,-0.52389
1.55387,-1.40342,-3.13835,-0.366336,-0.0556174,-0.527831
1.55023,-1.40393,-3.14365,-0.361532,-0.0458891,-0.531556
1.54664,-1.40434,-3.14898,-0.357065,-0.0361397,-0.535064
1.54309,-1.40465,-3.15435,-0.352937,-0.0263725,-0.538355
1.53958,-1.40487,-3.15975,-0.349151,-0.0165905,-0.54143
1.5361,-1.40498,-3.16518,-0.345708,-0.00679666,-0.544288
1.53266,-1.405,-3.17063,-0.342609,0.00300591,-0.546929
1.52925,-1.40492,-3.17611,-0.339857,0.0128143,-0.549354
1.52586,-1.40475,-3.18162,-0.337452,0.0226255,-0.551563
1.5225,-1.40447,-3.18714,-0.335395,0.0324366,-0.553557
1.51916,-1.4041,-3.19269,-0.333687,0.0422447,-0.555336
1.51583,-1.40363,-3.19825,-0.332328,0.052047,-0.556901
1.51251,-1.40306,-3.20383,-0.331318,0.0618407,-0.558253
1.5092,-1.40239,-3.20941,-0.330657,0.0716229,-0.559393
1.50589,-1.40162,-3.21501,-0.330345,0.081391,-0.560323
1.50259,-1.40076,-3.22062,-0.33038,0.0911421,-0.561044
1.49928,-1.3998,-3.22623,-0.330762,0.100874,-0.561557
1.49597,-1.39874,-3.23185,-0.33149,0.110583,-0.561864
1.49265,-1.39759,-3.23747,-0.332562,0.120267,-0.561967
1.48932,-1.39634,-3.24309,-0.333977,0.129924,-0.561867
1.48597,-1.39499,-3.24871,-0.335731,0.139551,-0.561566
1.48261,-1.39355,-3.25432,-0.337825,0.149145,-0.561068
1.47922,-1.39201,-3.25993,-0.340253,0.158704,-0.560373
1.4758,-1.39037,-3.26553,-0.343015,0.168225,-0.559485
1.47235,-1.38864,-3.27112,-0.346107,0.177706,-0.558406
1.46888,-1.38682,-3.27669,-0.349525,0.187145,-0.557139
1.46536,-1.3849,-3.28226,-0.353267,0.196539,-0.555686
1.46181,-1.38289,-3.28781,-0.357328,0.205886,-0.55405
1.45822,-1.38078,-3.29334,-0.361704,0.215184,-0.552235
1.45457,-1.37859,-3.29885,-0.366392,0.224429,-0.550244
1.45089,-1.3763,-3.30434,-0.371386,0.233621,-0.548079
1.44715,-1.37391,-3.30981,-0.376682,0.242756,-0.545745
1.44335,-1.37144,-3.31526,-0.382274,0.251833,-0.543246
1.4395,-1.36888,-3.32068,-0.388158,0.260849,-0.540584
1.43559,-1.36622,-3.32607,-0.394328,0.269802,-0.537764
1.43161,-1.36348,-3.33143,-0.400778,0.278691,-0.534789
1.42757,-1.36065,-3.33676,-0.407501,0.287512,-0.531665
1.42346,-1.35773,-3.34206,-0.414492,0.296265,-0.528394
1.41928,-1.35472,-3.34733,-0.421745,0.304947,-0.524983
1.41503,-1.35163,-3.35256,-0.429251,0.313556,-0.521434
1.41069,-1.34845,-3.35776,-0.437004,0.32209,-0.517753
1.40628,-1.34519,-3.36292,-0.444997,0.330547,-0.513944
1.40179,-1.34184,-3.36804,-0.453222,0.338925,-0.510013
1.39723,-1.33842,-3.37312,-0.461657,0.347206,-0.50597
1.39257,-1.33491,-3.37816,-0.470322,0.355422,-0.501809
1.38782,-1.33131,-3.38316,-0.479195,0.363554,-0.497541
1.38298,-1.32764,-3.38811,-0.488267,0.3716,-0.493172
1.37805,-1.32388,-3.39302,-0.497531,0.379558,-0.488705
1.37303,-1.32005,-3.39788,-0.506979,0.387427,-0.484147
1.36791,-1.31613,-3.4027,-0.516602,0.395206,-0.479502
1.3627,-1.31214,-3.40747,-0.526394,0.402892,-0.474776
1.35739,-1.30808,-3.4122,-0.536345,0.410484,-0.469972
1.35197,-1.30393,-3.41687,-0.54645,0.417981,-0.465096
1.34646,-1.29972,-3.4215,-0.556699,0.425382,-0.460152
1.34084,-1.29543,-3.42608,-0.567086,0.432684,-0.455145
1.33511,-1.29106,-3.4306,-0.577602,0.439887,-0.45008
1.32928,-1.28663,-3.43508,-0.588242,0.446989,-0.444962
1.32335,-1.28213,-3.4395,-0.598997,0.453989,-0.439794
1.3173,-1.27755,-3.44387,-0.609861,0.460886,-0.434581
1.31115,-1.27291,-3.44819,-0.620826,0.467678,-0.429327
1.30489,-1.2682,-3.45246,-0.631886,0.474365,-0.424037
1.29851,-1.26342,-3.45667,-0.643033,0.480946,-0.418715
1.29203,-1.25858,-3.46083,-0.654261,0.487418,-0.413364
1.28543,-1.25367,-3.46494,-0.665563,0.493782,-0.40799
1.27872,-1.2487,-3.46899,-0.676932,0.500037,-0.402596
1.27189,-1.24367,-3.47299,-0.688361,0.506181,-0.397185
1.26495,-1.23858,-3.47694,-0.699845,0.512213,-0.391763
1.25789,-1.23343,-3.48083,-0.711377,0.518134,-0.386332
1.25072,-1.22822,-3.48466,-0.722951,0.523941,-0.380897
1.24343,-1.22295,-3.48844,-0.734559,0.529635,-0.37546
1.23603,-1.21763,-3.49217,-0.746197,0.535214,-0.370027
1.22851,-1.21225,-3.49585,-0.757858,0.540679,-0.364599
1.22087,-1.20681,-3.49946,-0.769536,0.546027,-0.359182
1.21312,-1.20133,-3.50303,-0.781225,0.551259,-0.353777
1.20525,-1.19579,-3.50654,-0.79292,0.556375,-0.348389
1.19726,-1.1902,-3.51,-0.804614,0.561373,-0.343021
1.18915,-1.18456,-3.5134,-0.816302,0.566254,-0.337676
1.18093,-1.17887,-3.51675,-0.827978,0.571017,-0.332357
1.1726,-1.17314,-3.52005,-0.839637,0.575661,-0.327067
1.16414,-1.16736,-3.52329,-0.851274,0.580186,-0.32181
1.15557,-1.16154,-3.52648,-0.862882,0.584593,-0.316588
1.14688,-1.15567,-3.52962,-0.874458,0.58888,-0.311404
1.13808,-1.14976,-3.53271,-0.885995,0.593048,-0.306261
1.12916,-1.14381,-3.53575,-0.897489,0.597097,-0.301162
1.12013,-1.13782,-3.53874,-0.908934,0.601025,-0.29611
1.11098,-1.13179,-3.54167,-0.920326,0.604835,-0.291107
1.10172,-1.12572,-3.54456,-0.931661,0.608524,-0.286155
1.09235,-1.11962,-3.54739,-0.942932,0.612094,-0.281258
1.08287,-1.11348,-3.55018,-0.954135,0.615544,-0.276418
1.07327,-1.10731,-3.55292,-0.965267,0.618875,-0.271637
1.06356,-1.1011,-3.55562,-0.976321,0.622087,-0.266917
1.05374,-1.09487,-3.55826,-0.987295,0.62518,-0.262261
1.04382,-1.0886,-3.56086,-0.998183,0.628154,-0.257671
1.03378,-1.0823,-3.56342,-1.00898,0.63101,-0.253149
1.02364,-1.07598,-3.56592,-1.01969,0.633747,-0.248697
1.01339,-1.06963,-3.56839,-1.03029,0.636367,-0.244318
1.00303,-1.06325,-3.57081,-1.0408,0.638869,-0.240012
0.992571,-1.05685,-3.57319,-1.0512,0.641255,-0.235783
0.982007,-1.05043,-3.57553,-1.06149,0.643524,-0.231631
0.971341,-1.04398,-3.57782,-1.07166,0.645677,-0.227559
0.960574,-1.03752,-3.58008,-1.08172,0.647716,-0.223567
0.949707,-1.03103,-3.58229,-1.09166,0.64964,-0.219659
0.938742,-1.02452,-3.58447,-1.10147,0.65145,-0.215835
0.927678,-1.018,-3.58661,-1.11116,0.653146,-0.212097
0.916519,-1.01146,-3.58871,-1.12071,0.654731,-0.208446
0.905265,-1.00491,-3.59078,-1.13013,0.656204,-0.204884
0.893917,-0.998337,-3.59281,-1.13942,0.657567,-0.201412
0.882477,-0.991755,-3.59481,-1.14856,0.658819,-0.198031
0.870946,-0.985161,-3.59677,-1.15756,0.659963,-0.194743
0.859326,-0.978556,-3.5987,-1.16641,0.661,-0.191547
0.847618,-0.971942,-3.6006,-1.17511,0.661929,-0.188447
0.835824,-0.965318,-3.60247,-1.18367,0.662753,-0.185442
0.823945,-0.958687,-3.60431,-1.19206,0.663472,-0.182533
0.811984,-0.952049,-3.60613,-1.2003,0.664088,-0.179721
0.79994,-0.945406,-3.60791,-1.20838,0.664601,-0.177007
0.787817,-0.938757,-3.60967,-1.21629,0.665014,-0.174392
0.775615,-0.932106,-3.6114,-1.22405,0.665327,-0.171877
0.763336,-0.925451,-3.6131,-1.23163,0.665542,-0.169461
0.750983,-0.918795,-3.61479,-1.23904,0.66566,-0.167146
0.738556,-0.912138,-3.61645,-1.24629,0.665682,-0.164931
0.726057,-0.905482,-3.61809,-1.25336,0.66561,-0.162818
0.713489,-0.898826,-3.6197,-1.26025,0.665446,-0.160807
0.700853,-0.892173,-3.6213,-1.26697,0.665191,-0.158898
0.68815,-0.885523,-3.62288,-1.27351,0.664846,-0.15709
0.675383,-0.878877,-3.62444,-1.27987,0.664414,-0.155385
0.662554,-0.872235,-3.62599,-1.28604,0.663895,-0.153782
0.649663,-0.865599,-3.62752,-1.29204,0.663292,-0.152282
0.636714,-0.858969,-3.62904,-1.29784,0.662607,-0.150884
0.623707,-0.852347,-3.63054,-1.30346,0.661841,-0.149587
0.610645,-0.845733,-3.63203,-1.3089,0.660996,-0.148393
0.59753,-0.839127,-3.63351,-1.31414,0.660074,-0.147301
0.584363,-0.832532,-3.63497,-1.31919,0.659077,-0.14631
0.571146,-0.825946,-3.63643,-1.32405,0.658007,-0.14542
0.557882,-0.819372,-3.63788,-1.32872,0.656866,-0.14463
0.544573,-0.812809,-3.63933,-1.3332,0.655656,-0.143941
0.531219,-0.806259,-3.64076,-1.33748,0.654379,-0.143351
0.517824,-0.799722,-3.64219,-1.34157,0.653038,-0.142859
0.504388,-0.793198,-3.64362,-1.34546,0.651633,-0.142466
0.490915,-0.786689,-3.64504,-1.34916,0.650169,-0.142171
0.477406,-0.780195,-3.64646,-1.35266,0.648647,-0.141971
0.463862,-0.773716,-3.64788,-1.35596,0.647069,-0.141868
0.450287,-0.767254,-3.6493,-1.35907,0.645438,-0.141859
0.436682,-0.760808,-3.65072,-1.36198,0.643756,-0.141944
0.423048,-0.754379,-3.65214,-1.36469,0.642025,-0.142121
0.409388,-0.747968,-3.65356,-1.36721,0.640249,-0.14239
0.395705,-0.741574,-3.65499,-1.36953,0.63843,-0.142749
0.381999,-0.735199,-3.65642,-1.37165,0.636569,-0.143196
0.368272,-0.728843,-3.65785,-1.37357,0.634671,-0.143732
0.354528,-0.722506,-3.65929,-1.3753,0.632737,-0.144353
0.340767,-0.716188,-3.66074,-1.37683,0.63077,-0.145059
0.326992,-0.70989,-3.66219,-1.37817,0.628774,-0.145849
0.313204,-0.703613,-3.66366,-1.37931,0.62675,-0.146719
0.299406,-0.697356,-3.66513,-1.38026,0.624702,-0.14767
0.2856,-0.691119,-3.66661,-1.38101,0.622633,-0.148699
0.271787,-0.684903,-3.6681,-1.38157,0.620545,-0.149804
0.257969,-0.678708,-3.66961,-1.38193,0.618442,-0.150983
0.244149,-0.672534,-3.67112,-1.38211,0.616327,-0.152235
0.230327,-0.666381,-3.67265,-1.38209,0.614202,-0.153558
0.216507,-0.66025,-3.67419,-1.38189,0.61207,-0.154949
0.20269,-0.65414,-3.67575,-1.3815,0.609936,-0.156406
0.188878,-0.648051,-3.67732,-1.38092,0.607801,-0.157928
0.175072,-0.641984,-3.67891,-1.38015,0.60567,-0.159511
0.161276,-0.635938,-3.68051,-1.37921,0.603546,-0.161154
0.147489,-0.629913,-3.68213,-1.37808,0.601431,-0.162854
0.133402,-0.623764,-3.68381,-1.37674,0.599293,-0.164652
0.119642,-0.617782,-3.68546,-1.37524,0.597209,-0.16646
0.105898,-0.61182,-3.68714,-1.37357,0.595145,-0.168319
0.0921711,-0.605879,-3.68883,-1.37172,0.593105,-0.170224
0.0784638,-0.599958,-3.69054,-1.3697,0.591091,-0.172174
0.0647777,-0.594057,-3.69227,-1.36751,0.589108,-0.174167
0.0511143,-0.588175,-3.69402,-1.36514,0.587157,-0.176199
0.0374754,-0.582313,-3.6958,-1.36261,0.585243,-0.178269
0.0238626,-0.57647,-3.69759,-1.35991,0.583368,-0.180373
0.0102777,-0.570646,-3.6994,-1.35705,0.581535,-0.182511
-0.00327784,-0.56484,-3.70124,-1.35402,0.579747,-0.184678
-0.0168023,-0.559051,-3.7031,-1.35084,0.578007,-0.186874
-0.030294,-0.553279,-3.70498,-1.34749,0.576318,-0.189096
-0.0437515,-0.547524,-3.70688,-1.34399,0.574682,-0.191341
-0.0571732,-0.541785,-3.7088,-1.34033,0.573102,-0.193608
-0.0705575,-0.536062,-3.71075,-1.33651,0.57158,-0.195894
-0.083903,-0.530354,-3.71272,-1.33255,0.570119,-0.198196
-0.097208,-0.524659,-3.71471,-1.32844,0.568721,-0.200514
-0.110471,-0.518979,-3.71673,-1.32417,0.567389,-0.202844
-0.123691,-0.513311,-3.71877,-1.31977,0.566125,-0.205185
-0.136866,-0.507656,-3.72084,-1.31522,0.564931,-0.207535
-0.149995,-0.502013,-3.72292,-1.31053,0.56381,-0.209891
-0.163076,-0.49638,-3.72503,-1.30569,0.562763,-0.212251
-0.176108,-0.490757,-3.72717,-1.30072,0.561792,-0.214615
-0.18909,-0.485144,-3.72933,-1.29562,0.5609,-0.216978
-0.20202,-0.479539,-3.73151,-1.29038,0.560088,-0.219341
-0.214897,-0.473942,-3.73371,-1.28501,0.559358,-0.2217
-0.22772,-0.468351,-3.73594,-1.27951,0.558712,-0.224054
-0.240487,-0.462767,-3.73819,-1.27389,0.558151,-0.226401
-0.253197,-0.457188,-3.74047,-1.26814,0.557678,-0.228739
-0.26585,-0.451613,-3.74277,-1.26226,0.557293,-0.231066
-0.278442,-0.446042,-3.74509,-1.25627,0.556999,-0.233381
-0.290974,-0.440473,-3.74744,-1.25016,0.556797,-0.235682
-0.303445,-0.434906,-3.7498,-1.24393,0.556687,-0.237967
-0.315853,-0.429339,-3.75219,-1.23758,0.556672,-0.240234
-0.328196,-0.423772,-3.75461,-1.23113,0.556752,-0.242482
-0.340475,-0.418204,-3.75704,-1.22456,0.55693,-0.24471
-0.352687,-0.412633,-3.7595,-1.21789,0.557205,-0.246914
-0.364832,-0.407059,-3.76198,-1.21111,0.557578,-0.249094
-0.376909,-0.401481,-3.76448,-1.20423,0.558052,-0.251249
-0.388917,-0.395898,-3.76701,-1.19725,0.558627,-0.253377
-0.400854,-0.390308,-3.76955,-1.19017,0.559303,-0.255475
-0.41272,-0.384711,-3.77212,-1.18299,0.560082,-0.257543
-0.424513,-0.379106,-3.7747,-1.17572,0.560963,-0.25958
-0.436234,-0.373492,-3.77731,-1.16836,0.561949,-0.261583
-0.44788,-0.367867,-3.77993,-1.16091,0.563039,-0.263552
-0.459452,-0.362231,-3.78258,-1.15337,0.564233,-0.265484
-0.470947,-0.356582,-3.78524,-1.14575,0.565533,-0.26738
-0.482366,-0.35092,-3.78793,-1.13804,0.566939,-0.269236
-0.493708,-0.345243,-3.79063,-1.13026,0.56845,-0.271053
-0.504971,-0.33955,-3.79335,-1.1224,0.570068,-0.272828
-0.516156,-0.333841,-3.79608,-1.11446,0.571792,-0.27456
-0.52726,-0.328114,-3.79884,-1.10646,0.573623,-0.276249
-0.538284,-0.322368,-3.80161,-1.09838,0.57556,-0.277893
-0.549228,-0.316603,-3.8044,-1.09023,0.577604,-0.27949
-0.560089,-0.310816,-3.8072,-1.08202,0.579754,-0.28104
-0.570868,-0.305007,-3.81002,-1.07375,0.582011,-0.282542
-0.581564,-0.299175,-3.81285,-1.06542,0.584374,-0.283994
-0.592176,-0.293319,-3.8157,-1.05703,0.586842,-0.285395
-0.602704,-0.287438,-3.81856,-1.04858,0.589417,-0.286744
-0.613147,-0.281531,-3.82143,-1.04009,0.592096,-0.288041
-0.623506,-0.275596,-3.82432,-1.03154,0.59488,-0.289283
-0.633778,-0.269633,-3.82722,-1.02295,0.597768,-0.290471
-0.643964,-0.26364,-3.83013,-1.01431,0.60076,-0.291604
-0.654064,-0.257617,-3.83305,-1.00563,0.603854,-0.292679
-0.664077,-0.251563,-3.83598,-0.996908,0.607051,-0.293697
-0.674002,-0.245476,-3.83892,-0.988152,0.610348,-0.294657
-0.68384,-0.239355,-3.84187,-0.979363,0.613747,-0.295557
-0.693589,-0.2332,-3.84483,-0.970542,0.617244,-0.296397
-0.70325,-0.22701,-3.8478,-0.961692,0.620841,-0.297176
-0.712823,-0.220783,-3.85078,-0.952817,0.624534,-0.297894
-0.722307,-0.214519,-3.85376,-0.943918,0.628324,-0.298549
-0.731701,-0.208217,-3.85675,-0.935,0.632209,-0.299141
-0.741007,-0.201875,-3.85974,-0.926063,0.636188,-0.299669
-0.750222,-0.195492,-3.86274,-0.917112,0.64026,-0.300132
-0.759349,-0.189069,-3.86574,-0.908148,0.644423,-0.300531
-0.768385,-0.182604,-3.86875,-0.899175,0.648675,-0.300863
-0.777332,-0.176095,-3.87176,-0.890196,0.653015,-0.301129
-0.786189,-0.169543,-3.87477,-0.881212,0.657442,-0.301329
-0.794956,-0.162946,-3.87779,-0.872228,0.661954,-0.30146
-0.803634,-0.156304,-3.8808,-0.863246,0.666549,-0.301524
-0.812221,-0.149615,-3.88382,-0.854269,0.671226,-0.301519
-0.820719,-0.142879,-3.88683,-0.845299,0.675982,-0.301446
-0.829127,-0.136095,-3.88985,-0.83634,0.680816,-0.301303
-0.837446,-0.129262,-3.89286,-0.827394,0.685725,-0.30109
-0.845675,-0.12238,-3.89587,-0.818465,0.690708,-0.300807
-0.853815,-0.115448,-3.89887,-0.809555,0.695762,-0.300453
-0.861867,-0.108465,-3.90188,-0.800667,0.700886,-0.300029
-0.869829,-0.10143,-3.90487,-0.791804,0.706077,-0.299533
-0.877703,-0.0943431,-3.90787,-0.78297,0.711333,-0.298966
-0.885488,-0.0872032,-3.91085,-0.774166,0.716651,-0.298327
-0.893186,-0.0800099,-3.91383,-0.765397,0.722029,-0.297616
-0.900796,-0.0727625,-3.91681,-0.756665,0.727464,-0.296833
-0.90832,-0.0654604,-3.91977,-0.747973,0.732954,-0.295978
-0.915756,-0.0581032,-3.92273,-0.739324,0.738497,-0.29505
-0.923106,-0.0506903,-3.92567,-0.730722,0.744089,-0.29405
-0.930371,-0.0432213,-3.92861,-0.722169,0.749727,-0.292977
-0.93755,-0.0356956,-3.93153,-0.713668,0.75541,-0.291831
-0.944644,-0.0281129,-3.93444,-0.705223,0.761133,-0.290613
-0.951654,-0.0204728,-3.93734,-0.696836,0.766895,-0.289321
-0.958581,-0.0127749,-3.94023,-0.688512,0.772692,-0.287957
-0.965425,-0.00501888,-3.9431,-0.680252,0.77852,-0.286519
-0.972186,0.00279558,-3.94596,-0.67206,0.784377,-0.285009
-0.978866,0.0106687,-3.9488,-0.663939,0.79026,-0.283427
-0.985465,0.0186009,-3.95163,-0.655893,0.796165,-0.281771
-0.991984,0.0265921,-3.95444,-0.647924,0.802089,-0.280044
-0.998424,0.0346427,-3.95723,-0.640037,0.808028,-0.278244
-1.00479,0.0427527,-3.96,-0.632233,0.813979,-0.276372
-1.01107,0.0509223,-3.96275,-0.624516,0.819939,-0.274427
-1.01728,0.0591515,-3.96549,-0.61689,0.825903,-0.272412
-1.02341,0.0674404,-3.9682,-0.609358,0.831869,-0.270325
-1.02946,0.0757889,-3.9709,-0.601923,0.837831,-0.268166
-1.03545,0.084197,-3.97357,-0.594588,0.843788,-0.265937
-1.04136,0.0926646,-3.97621,-0.587357,0.849733,-0.263638
-1.04719,0.101192,-3.97884,-0.580233,0.855665,-0.261268
-1.05296,0.109778,-3.98144,-0.57322,0.861578,-0.258829
-1.05866,0.118423,-3.98401,-0.56632,0.867468,-0.25632
-1.06429,0.127127,-3.98657,-0.559537,0.873332,-0.253743
-1.06985,0.13589,-3.98909,-0.552874,0.879165,-0.251097
-1.07535,0.14471,-3.99159,-0.546335,0.884963,-0.248383
-1.08515,0.160797,-3.99603,-0.534871,0.895339,-0.243316
-1.09046,0.169779,-3.99844,-0.528698,0.901015,-0.240415
-1.09572,0.178817,-4.00083,-0.522662,0.906639,-0.237447
-1.10092,0.187911,-4.00319,-0.516766,0.912207,-0.234415
-1.10606,0.197061,-4.00552,-0.511013,0.917715,-0.231317
-1.11114,0.206266,-4.00782,-0.505407,0.923158,-0.228156
-1.11616,0.215524,-4.01009,-0.49995,0.928532,-0.224932
-1.12114,0.224836,-4.01232,-0.494646,0.933833,-0.221645
-1.12606,0.2342,-4.01452,-0.489496,0.939058,-0.218296
-1.13093,0.243617,-4.01668,-0.484504,0.944203,-0.214886
-1.13575,0.253084,-4.01882,-0.479672,0.949265,-0.211415
-1.14052,0.262602,-4.02091,-0.475003,0.954239,-0.207884
-1.14525,0.272169,-4.02297,-0.470499,0.959122,-0.204294
-1.14993,0.281784,-4.025,-0.466162,0.963911,-0.200646
-1.15457,0.291447,-4.02699,-0.461995,0.968603,-0.196941
-1.15917,0.301156,-4.02894,-0.457999,0.973194,-0.193178
-1.16373,0.31091,-4.03085,-0.454176,0.977682,-0.18936
-1.16826,0.320709,-4.03272,-0.450529,0.982064,-0.185486
-1.17274,0.330551,-4.03456,-0.447059,0.986337,-0.181558
-1.1772,0.340435,-4.03635,-0.443768,0.990497,-0.177576
-1.18162,0.350361,-4.03811,-0.440656,0.994544,-0.173542
-1.18601,0.360326,-4.03982,-0.437727,0.998473,-0.169456
-1.19038,0.37033,-4.0415,-0.43498,1.00228,-0.165319
-1.19471,0.380371,-4.04313,-0.432418,1.00597,-0.161132
-1.19902,0.390449,-4.04472,-0.43004,1.00954,-0.156896
-1.20331,0.400561,-4.04627,-0.42785,1.01298,-0.152612
-1.20758,0.410708,-4.04777,-0.425846,1.01629,-0.148281
-1.21183,0.420887,-4.04923,-0.42403,1.01947,-0.143903
-1.21606,0.431097,-4.05065,-0.422404,1.02252,-0.13948
-1.22028,0.441337,-4.05202,-0.420966,1.02544,-0.135013
-1.22448,0.451605,-4.05335,-0.419718,1.02822,-0.130503
-1.22867,0.461901,-4.05463,-0.418661,1.03086,-0.12595
-1.23286,0.472222,-4.05587,-0.417794,1.03337,-0.121356
-1.23703,0.482568,-4.05706,-0.417118,1.03574,-0.116722
-1.2412,0.492936,-4.0582,-0.416633,1.03797,-0.112049
-1.24536,0.503326,-4.0593,-0.416339,1.04006,-0.107338
-1.24953,0.513737,-4.06035,-0.416235,1.04201,-0.10259
-1.25369,0.524166,-4.06135,-0.416322,1.04381,-0.0978058
-1.25785,0.534613,-4.06231,-0.416599,1.04547,-0.0929873
-1.26202,0.545075,-4.06321,-0.417066,1.04699,-0.0881353
-1.2662,0.555552,-4.06407,-0.417722,1.04836,-0.0832509
-1.27038,0.566042,-4.06488,-0.418566,1.04958,-0.0783353
-1.27457,0.576543,-4.06564,-0.419599,1.05066,-0.0733897
-1.27877,0.587054,-4.06635,-0.420818,1.0516,-0.0684154
-1.28299,0.597574,-4.067,-0.422224,1.05238,-0.0634134
-1.28722,0.608102,-4.06761,-0.423814,1.05303,-0.0583851
-1.29146,0.618634,-4.06817,-0.425589,1.05352,-0.0533317
-1.29573,0.629172,-4.06868,-0.427546,1.05387,-0.0482545
-1.30001,0.639711,-4.06914,-0.429684,1.05408,-0.0431547
-1.30432,0.650253,-4.06954,-0.432003,1.05414,-0.0380336
-1.30865,0.660794,-4.0699,-0.434499,1.05405,-0.0328926
-1.31301,0.671333,-4.0702,-0.437172,1.05382,-0.0277329
-1.3174,0.68187,-4.07045,-0.44002,1.05345,-0.022556
-1.32181,0.692402,-4.07065,-0.443041,1.05293,-0.0173631
-1.32626,0.702928,-4.0708,-0.446233,1.05228,-0.0121556
-1.33074,0.713447,-4.0709,-0.449594,1.05148,-0.00693499
-1.33525,0.723957,-4.07094,-0.453122,1.05054,-0.00170255
-1.3398,0.734457,-4.07093,-0.456814,1.04947,0.00354026
-1.34439,0.744946,-4.07087,-0.460668,1.04826,0.00879201
-1.34902,0.755422,-4.07075,-0.464682,1.04691,0.0140513
-1.35368,0.765884,-4.07059,-0.468853,1.04542,0.0193166
-1.35839,0.77633,-4.07037,-0.473178,1.04381,0.0245865
-1.36315,0.786759,-4.07009,-0.477654,1.04206,0.0298594
-1.36795,0.797171,-4.06977,-0.48228,1.04019,0.0351339
-1.37279,0.807563,-4.06939,-0.487051,1.03819,0.0404085
-1.37769,0.817934,-4.06896,-0.491964,1.03606,0.0456816
-1.38263,0.828283,-4.06848,-0.497017,1.03381,0.0509517
-1.38763,0.83861,-4.06794,-0.502206,1.03144,0.0562172
-1.39268,0.848912,-4.06735,-0.507527,1.02895,0.0614765
-1.39778,0.859188,-4.06671,-0.512977,1.02634,0.0667281
-1.40294,0.869438,-4.06602,-0.518553,1.02362,0.0719703
-1.40815,0.87966,-4.06527,-0.524251,1.02079,0.0772015
-1.41342,0.889854,-4.06448,-0.530066,1.01786,0.0824201
-1.41875,0.900017,-4.06363,-0.535996,1.01481,0.0876243
-1.42414,0.91015,-4.06272,-0.542035,1.01167,0.0928126
-1.42959,0.92025,-4.06177,-0.54818,1.00842,0.0979833
-1.43511,0.930318,-4.06076,-0.554427,1.00508,0.103135
-1.44068,0.940352,-4.05971,-0.560771,1.00165,0.108265
-1.44632,0.950351,-4.0586,-0.567208,0.998126,0.113372
-1.45203,0.960314,-4.05744,-0.573733,0.994517,0.118455
-1.4578,0.970241,-4.05624,-0.580336,0.990829,0.123504
-1.46363,0.980131,-4.05498,-0.587023,0.987059,0.128533
-1.46954,0.989982,-4.05367,-0.593784,0.983213,0.133532
-1.47551,0.999795,-4.05231,-0.600615,0.979296,0.138499
-1.48155,1.00957,-4.0509,-0.60751,0.97531,0.143433
-1.48766,1.0193,-4.04944,-0.614466,0.971261,0.148332
-1.49384,1.02899,-4.04793,-0.621477,0.96715,0.153195
-1.50009,1.03864,-4.04637,-0.628539,0.962982,0.158019
-1.50641,1.04825,-4.04477,-0.635647,0.95876,0.162803
-1.5128,1.05782,-4.04312,-0.642799,0.954487,0.167546
-1.51927,1.06734,-4.04142,-0.649988,0.950167,0.172246
-1.5258,1.07682,-4.03967,-0.657211,0.945803,0.176902
-1.53241,1.08626,-4.03788,-0.664464,0.941397,0.181511
-1.53909,1.09565,-4.03604,-0.671743,0.936954,0.186074
-1.54585,1.105,-4.03416,-0.679043,0.932476,0.190587
-1.55267,1.1143,-4.03223,-0.686361,0.927967,0.195051
-1.55957,1.12356,-4.03026,-0.693692,0.923429,0.199463
-1.56655,1.13277,-4.02824,-0.701034,0.918865,0.203822
-1.57359,1.14193,-4.02618,-0.708381,0.914278,0.208127
-1.58071,1.15105,-4.02408,-0.715731,0.909671,0.212377
-1.58791,1.16013,-4.02193,-0.72308,0.905048,0.21657
-1.59518,1.16915,-4.01975,-0.730424,0.90041,0.220705
-1.60252,1.17813,-4.01752,-0.73776,0.89576,0.224781
-1.60993,1.18707,-4.01525,-0.745084,0.891101,0.228797
-1.61742,1.19596,-4.01294,-0.752392,0.886436,0.232751
-1.62498,1.2048,-4.0106,-0.759683,0.881767,0.236644
-1.63261,1.21359,-4.00821,-0.766951,0.877097,0.240473
-1.64032,1.22234,-4.00579,-0.774194,0.872427,0.244237
-1.6481,1.23104,-4.00333,-0.781409,0.867762,0.247936
-1.65595,1.2397,-4.00083,-0.788593,0.863102,0.251568
-1.66387,1.2483,-3.9983,-0.795742,0.858451,0.255133
-1.67186,1.25686,-3.99573,-0.802854,0.85381,0.258629
-1.67992,1.26538,-3.99312,-0.809926,0.849182,0.262057
-1.68806,1.27385,-3.99049,-0.816954,0.844569,0.265414
-1.69626,1.28227,-3.98782,-0.823937,0.839973,0.2687
-1.70454,1.29065,-3.98511,-0.830871,0.835396,0.271915
-1.71288,1.29898,-3.98238,-0.837754,0.83084,0.275057
-1.72129,1.30726,-3.97961,-0.844584,0.826307,0.278126
-1.72977,1.3155,-3.97682,-0.851357,0.821799,0.281121
-1.73832,1.3237,-3.97399,-0.858071,0.817319,0.284042
-1.74693,1.33185,-3.97113,-0.864724,0.812867,0.286887
-1.75561,1.33996,-3.96825,-0.871313,0.808445,0.289656
-1.76436,1.34802,-3.96534,-0.877836,0.804056,0.292349
-1.77317,1.35604,-3.96241,-0.884292,0.799701,0.294965
-1.78204,1.36401,-3.95944,-0.890677,0.795381,0.297503
-1.79098,1.37195,-3.95646,-0.89699,0.791099,0.299963
-1.79998,1.37984,-3.95344,-0.903228,0.786855,0.302345
-1.80905,1.38768,-3.95041,-0.90939,0.782651,0.304647
-1.81817,1.39549,-3.94735,-0.915474,0.778489,0.30687
-1.82736,1.40325,-3.94427,-0.921478,0.77437,0.309013
-1.8366,1.41098,-3.94117,-0.9274,0.770296,0.311076
-1.8459,1.41866,-3.93805,-0.933238,0.766267,0.313059
-1.85527,1.4263,-3.93491,-0.938991,0.762285,0.314961
-1.86468,1.43391,-3.93175,-0.944658,0.758351,0.316782
-1.87416,1.44147,-3.92858,-0.950236,0.754466,0.318521
-1.88369,1.449,-3.92538,-0.955724,0.750632,0.320179
-1.89327,1.45648,-3.92217,-0.96112,0.746849,0.321755
-1.90291,1.46393,-3.91895,-0.966424,0.743118,0.323249
-1.9126,1.47135,-3.91571,-0.971635,0.739441,0.324661
-1.92234,1.47872,-3.91245,-0.97675,0.735818,0.325992
-1.93214,1.48606,-3.90919,-0.981769,0.73225,0.32724
-1.94198,1.49337,-3.90591,-0.98669,0.728738,0.328405
-1.95187,1.50064,-3.90262,-0.991513,0.725282,0.329489
-1.96181,1.50787,-3.89932,-0.996237,0.721884,0.33049
-1.97179,1.51507,-3.89601,-1.00086,0.718544,0.33141
-1.98182,1.52224,-3.89269,-1.00538,0.715263,0.332247
-1.9919,1.52938,-3.88937,-1.0098,0.71204,0.333002
-2.00202,1.53648,-3.88603,-1.01412,0.708877,0.333676
-2.01218,1.54356,-3.88269,-1.01834,0.705775,0.334268
-2.02239,1.5506,-3.87935,-1.02245,0.702733,0.334778
-2.03263,1.55761,-3.876,-1.02645,0.699751,0.335208
-2.04292,1.5646,-3.87264,-1.03035,0.696831,0.335556
-2.05324,1.57155,-3.86929,-1.03415,0.693973,0.335824
-2.0636,1.57848,-3.86593,-1.03784,0.691176,0.336011
-2.07399,1.58537,-3.86257,-1.04142,0.688441,0.336118
-2.08443,1.59224,-3.8592,-1.0449,0.685768,0.336146
-2.09489,1.59909,-3.85584,-1.04827,0.683157,0.336094
-2.10539,1.60591,-3.85248,-1.05154,0.680608,0.335964
-2.11592,1.6127,-3.84912,-1.0547,0.678121,0.335755
-2.12648,1.61947,-3.84577,-1.05775,0.675696,0.335469
-2.13708,1.62622,-3.84242,-1.06069,0.673333,0.335105
-2.1477,1.63294,-3.83907,-1.06353,0.671032,0.334664
-2.15835,1.63964,-3.83572,-1.06627,0.668791,0.334148
-2.16902,1.64631,-3.83238,-1.06889,0.666612,0.333555
-2.17972,1.65297,-3.82905,-1.07142,0.664494,0.332888
-2.19045,1.6596,-3.82573,-1.07383,0.662437,0.332146
-2.2012,1.66622,-3.82241,-1.07615,0.660439,0.331331
-2.21197,1.67281,-3.8191,-1.07836,0.658501,0.330443
-2.22277,1.67939,-3.8158,-1.08046,0.656622,0.329483
-2.23358,1.68594,-3.81251,-1.08246,0.654801,0.328452
-2.24442,1.69248,-3.80923,-1.08436,0.653039,0.32735
-2.25527,1.69901,-3.80596,-1.08616,0.651333,0.326178
-2.26614,1.70551,-3.80271,-1.08786,0.649684,0.324938
-2.27703,1.712,-3.79947,-1.08946,0.64809,0.32363
-2.28793,1.71847,-3.79624,-1.09096,0.646552,0.322254
-2.29885,1.72493,-3.79302,-1.09236,0.645068,0.320813
-2.30978,1.73137,-3.78982,-1.09367,0.643636,0.319307
-2.32072,1.7378,-3.78663,-1.09488,0.642257,0.317737
-2.33167,1.74422,-3.78347,-1.096,0.640929,0.316104
-2.34264,1.75062,-3.78031,-1.09702,0.639651,0.314409
-2.35361,1.75701,-3.77718,-1.09795,0.638422,0.312654
-2.3646,1.76339,-3.77406,-1.09879,0.637241,0.310838
-2.37559,1.76976,-3.77096,-1.09955,0.636106,0.308965
-2.38659,1.77611,-3.76788,-1.10021,0.635017,0.307034
-2.39759,1.78246,-3.76482,-1.10079,0.633972,0.305047
-2.4086,1.78879,-3.76178,-1.10129,0.63297,0.303005
-2.41962,1.79512,-3.75876,-1.1017,0.632009,0.30091
-2.43064,1.80143,-3.75576,-1.10204,0.631088,0.298763
-2.44166,1.80774,-3.75279,-1.10229,0.630205,0.296565
-2.45268,1.81404,-3.74983,-1.10247,0.629359,0.294317
-2.46371,1.82033,-3.7469,-1.10257,0.628548,0.292022
-2.47473,1.82661,-3.74399,-1.1026,0.627771,0.28968
-2.48576,1.83288,-3.74111,-1.10256,0.627026,0.287292
-2.49678,1.83915,-3.73824,-1.10245,0.626311,0.284861
-2.50781,1.84541,-3.73541,-1.10228,0.625624,0.282388
-2.52363,1.85439,-3.73138,-1.1019,0.624694,0.278781
-2.53465,1.86063,-3.7286,-1.10157,0.624069,0.276212
-2.54567,1.86687,-3.72585,-1.10119,0.623465,0.273606
-2.55668,1.8731,-3.72313,-1.10074,0.622881,0.270965
-2.56768,1.87933,-3.72043,-1.10025,0.622316,0.268291
-2.57868,1.88555,-3.71777,-1.0997,0.621767,0.265584
-2.58967,1.89177,-3.71512,-1.0991,0.621232,0.262847
-2.60066,1.89798,-3.71251,-1.09846,0.62071,0.260081
-2.61164,1.90418,-3.70992,-1.09777,0.620199,0.257287
-2.62262,1.91038,-3.70736,-1.09704,0.619698,0.254468
-2.63358,1.91657,-3.70483,-1.09627,0.619204,0.251623
-2.64454,1.92276,-3.70233,-1.09546,0.618717,0.248755
-2.65549,1.92895,-3.69986,-1.09461,0.618234,0.245866
-2.66643,1.93513,-3.69741,-1.09373,0.617754,0.242956
-2.67737,1.9413,-3.695,-1.09281,0.617276,0.240027
-2.68829,1.94747,-3.69261,-1.09187,0.616798,0.237081
-2.6992,1.95364,-3.69026,-1.0909,0.616319,0.234118
-2.71011,1.9598,-3.68793,-1.0899,0.615836,0.23114
-2.721,1.96596,-3.68563,-1.08888,0.61535,0.228149
-2.73189,1.97211,-3.68337,-1.08784,0.614858,0.225145
-2.74276,1.97825,-3.68113,-1.08677,0.614359,0.22213
-2.75362,1.98439,-3.67893,-1.08569,0.613852,0.219105
-2.76447,1.99053,-3.67675,-1.08459,0.613336,0.216072
-2.77531,1.99666,-3.6746,-1.08347,0.61281,0.213031
-2.78614,2.00279,-3.67249,-1.08234,0.612272,0.209983
-2.79696,2.00891,-3.6704,-1.0812,0.611721,0.206931
-2.80777,2.01502,-3.66835,-1.08004,0.611156,0.203875
-2.81856,2.02113,-3.66633,-1.07888,0.610576,0.200816
-2.82934,2.02723,-3.66433,-1.07771,0.60998,0.197755
-2.84012,2.03333,-3.66237,-1.07654,0.609367,0.194694
-2.85087,2.03942,-3.66044,-1.07536,0.608736,0.191634
-2.86162,2.0455,-3.65854,-1.07418,0.608087,0.188575
-2.87236,2.05158,-3.65667,-1.073,0.607417,0.185519
-2.88308,2.05765,-3.65483,-1.07182,0.606727,0.182466
-2.89379,2.06372,-3.65302,-1.07064,0.606016,0.179419
-2.9045,2.06977,-3.65124,-1.06946,0.605282,0.176377
-2.91518,2.07582,-3.64949,-1.06829,0.604525,0.173342
-2.92586,2.08186,-3.64777,-1.06713,0.603745,0.170314
-2.93653,2.0879,-3.64609,-1.06597,0.60294,0.167295
-2.94718,2.09392,-3.64443,-1.06482,0.60211,0.164286
-2.95782,2.09994,-3.6428,-1.06368,0.601254,0.161287
-2.96845,2.10595,-3.6412,-1.06255,0.600372,0.158299
-2.97907,2.11195,-3.63963,-1.06143,0.599464,0.155324
-2.98968,2.11794,-3.63809,-1.06033,0.598527,0.152362
-3.00028,2.12392,-3.63659,-1.05924,0.597564,0.149413
-3.01087,2.12989,-3.63511,-1.05816,0.596571,0.14648
-3.02144,2.13585,-3.63366,-1.05711,0.595551,0.143562
-3.03201,2.1418,-3.63224,-1.05607,0.594501,0.14066
-3.04257,2.14774,-3.63084,-1.05505,0.593421,0.137775
-3.05311,2.15367,-3.62948,-1.05404,0.592312,0.134908
-3.06365,2.15958,-3.62814,-1.05306,0.591173,0.13206
-3.07417,2.16549,-3.62684,-1.0521,0.590004,0.129231
-3.08469,2.17138,-3.62556,-1.05117,0.588804,0.126421
-3.0952,2.17726,-3.62431,-1.05025,0.587574,0.123633
-3.10569,2.18313,-3.62309,-1.04936,0.586312,0.120865
-3.11618,2.18899,-3.62189,-1.0485,0.58502,0.11812
-3.12666,2.19483,-3.62072,-1.04766,0.583697,0.115397
-3.13714,2.20066,-3.61958,-1.04685,0.582343,0.112697
-3.1476,2.20648,-3.61847,-1.04606,0.580958,0.11002
-3.15806,2.21228,-3.61738,-1.0453,0.579542,0.107368
-3.16851,2.21807,-3.61632,-1.04457,0.578096,0.104741
-3.17895,2.22385,-3.61529,-1.04387,0.576618,0.102139
-3.18938,2.2296,-3.61428,-1.0432,0.57511,0.099563
-3.19981,2.23535,-3.6133,-1.04256,0.573571,0.0970131
-3.21024,2.24108,-3.61234,-1.04195,0.572002,0.09449
-3.22065,2.24679,-3.61141,-1.04137,0.570403,0.0919941
-3.23106,2.25248,-3.6105,-1.04082,0.568774,0.0895259
-3.24147,2.25816,-3.60962,-1.0403,0.567115,0.0870857
-3.25187,2.26383,-3.60876,-1.03982,0.565428,0.0846739
-3.26226,2.26947,-3.60792,-1.03937,0.563711,0.082291
-3.27266,2.2751,-3.60711,-1.03896,0.561967,0.0799373
-3.28304,2.28071,-3.60632,-1.03857,0.560194,0.0776131
-3.29343,2.2863,-3.60556,-1.03822,0.558394,0.0753188
-3.30381,2.29188,-3.60482,-1.03791,0.556567,0.0730547
-3.31419,2.29743,-3.6041,-1.03763,0.554713,0.070821
-3.32456,2.30297,-3.6034,-1.03739,0.552834,0.068618
-3.33493,2.30849,-3.60273,-1.03717,0.55093,0.066446
-3.3453,2.31399,-3.60207,-1.037,0.549001,0.0643052
-3.35567,2.31947,-3.60144,-1.03686,0.547048,0.0621959
-3.36604,2.32493,-3.60083,-1.03676,0.545072,0.0601181
-3.37641,2.33037,-3.60024,-1.03669,0.543073,0.0580722
-3.38678,2.33579,-3.59967,-1.03665,0.541053,0.0560582
-3.39714,2.34119,-3.59912,-1.03665,0.539012,0.0540763
-3.40751,2.34657,-3.59859,-1.03669,0.536952,0.0521266
-3.41788,2.35193,-3.59807,-1.03676,0.534872,0.0502093
-3.42824,2.35727,-3.59758,-1.03687,0.532774,0.0483244
-3.43861,2.36259,-3.59711,-1.03701,0.530658,0.0464719
-3.44899,2.36788,-3.59665,-1.03719,0.528527,0.0446521
-3.45936,2.37316,-3.59621,-1.0374,0.52638,0.0428648
-3.46973,2.37841,-3.59579,-1.03765,0.524219,0.0411101
-3.48011,2.38364,-3.59539,-1.03793,0.522045,0.0393879
-3.49049,2.38885,-3.59501,-1.03825,0.519859,0.0376984
-3.50088,2.39404,-3.59464,-1.0386,0.517663,0.0360414
-3.51126,2.39921,-3.59429,-1.03898,0.515457,0.0344169
-3.52166,2.40435,-3.59395,-1.0394,0.513242,0.0328248
-3.53205,2.40947,-3.59363,-1.03984,0.511021,0.031265
-3.54245,2.41457,-3.59332,-1.04033,0.508793,0.0297374
-3.55286,2.41965,-3.59303,-1.04084,0.506561,0.0282419
-3.56327,2.4247,-3.59276,-1.04138,0.504326,0.0267784
-3.57369,2.42973,-3.5925,-1.04196,0.50209,0.0253466
-3.58411,2.43474,-3.59225,-1.04256,0.499853,0.0239464
-3.59454,2.43973,-3.59202,-1.0432,0.497617,0.0225776
-3.60497,2.4447,-3.5918,-1.04386,0.495384,0.02124
-3.61542,2.44964,-3.59159,-1.04455,0.493155,0.0199334
-3.62586,2.45456,-3.5914,-1.04527,0.490932,0.0186575
-3.63632,2.45946,-3.59122,-1.04602,0.488716,0.017412
-3.64678,2.46433,-3.59105,-1.0468,0.486509,0.0161966
-3.65726,2.46919,-3.5909,-1.0476,0.484313,0.0150111
-3.66774,2.47402,-3.59075,-1.04842,0.482129,0.0138551
-3.67823,2.47883,-3.59062,-1.04927,0.479959,0.0127283
-3.68872,2.48362,-3.5905,-1.05014,0.477806,0.0116304
-3.69923,2.48839,-3.59039,-1.05103,0.47567,0.0105609
-3.70974,2.49313,-3.59029,-1.05195,0.473553,0.00951944
-3.72027,2.49786,-3.5902,-1.05288,0.471458,0.00850566
-3.7308,2.50256,-3.59012,-1.05384,0.469386,0.00751912
-3.74134,2.50724,-3.59005,-1.05481,0.467339,0.00655938
-3.7519,2.51191,-3.58999,-1.0558,0.46532,0.00562596
-3.76246,2.51655,-3.58993,-1.0568,0.463329,0.0047184
-3.77303,2.52117,-3.58989,-1.05783,0.46137,0.0038362
-3.78674,2.52714,-3.58985,-1.05915,0.458874,0.00274209
-3.79734,2.53172,-3.58982,-1.0602,0.456994,0.0019161
-3.80794,2.53628,-3.58981,-1.06127,0.455153,0.00111366
-3.81856,2.54082,-3.5898,-1.06234,0.453351,0.000334155
-3.82919,2.54534,-3.5898,-1.06342,0.451593,-0.000423004
-3.83983,2.54985,-3.58981,-1.06451,0.449878,-0.0011584
-3.85048,2.55434,-3.58982,-1.06561,0.448209,-0.00187262
-3.86114,2.55882,-3.58985,-1.06671,0.446589,-0.00256622
-3.87181,2.56327,-3.58987,-1.06782,0.445019,-0.00323976
-3.8825,2.56772,-3.58991,-1.06894,0.4435,-0.00389379
-3.89319,2.57214,-3.58995,-1.07006,0.442035,-0.00452886
-3.9039,2.57656,-3.59,-1.07118,0.440624,-0.00514548
-3.91462,2.58096,-3.59006,-1.07231,0.439271,-0.00574419
-3.92535,2.58534,-3.59012,-1.07344,0.437975,-0.0063255
-3.93609,2.58972,-3.59018,-1.07456,0.43674,-0.00688993
-3.94684,2.59408,-3.59025,-1.07569,0.435565,-0.00743798
-3.9576,2.59843,-3.59033,-1.07681,0.434453,-0.00797013
-3.96837,2.60277,-3.59041,-1.07794,0.433404,-0.00848689
-3.97916,2.6071,-3.5905,-1.07906,0.432421,-0.00898874
-3.98995,2.61142,-3.59059,-1.08017,0.431504,-0.00947615
-4.00076,2.61573,-3.59069,-1.08128,0.430655,-0.00994959
-4.01158,2.62003,-3.59079,-1.08239,0.429874,-0.0104095
-4.02241,2.62432,-3.5909,-1.08348,0.429163,-0.0108564
-4.03325,2.62861,-3.59101,-1.08457,0.428522,-0.0112908
-4.0441,2.63289,-3.59112,-1.08565,0.427953,-0.011713
-4.05496,2.63717,-3.59124,-1.08673,0.427457,-0.0121235
-4.06583,2.64144,-3.59137,-1.08779,0.427034,-0.0125227
-4.07672,2.64571,-3.59149,-1.08884,0.426685,-0.0129112
-4.08761,2.64998,-3.59162,-1.08988,0.426411,-0.0132893
-4.09852,2.65424,-3.59176,-1.09091,0.426212,-0.0136574
-4.10943,2.6585,-3.5919,-1.09192,0.42609,-0.014016
-4.12035,2.66276,-3.59204,-1.09292,0.426045,-0.0143655
-4.13129,2.66702,-3.59218,-1.09391,0.426077,-0.0147063
-4.14223,2.67129,-3.59233,-1.09488,0.426187,-0.0150389
-4.15319,2.67555,-3.59249,-1.09583,0.426375,-0.0153636
-4.16415,2.67981,-3.59264,-1.09677,0.426642,-0.0156808
-4.17512,2.68408,-3.5928,-1.09769,0.426987,-0.015991
-4.1861,2.68835,-3.59296,-1.0986,0.427412,-0.0162946
-4.19709,2.69263,-3.59313,-1.09949,0.427917,-0.0165919
-4.20809,2.69691,-3.59329,-1.10035,0.428501,-0.0168833
-4.2191,2.7012,-3.59346,-1.1012,0.429165,-0.0171692
-4.23012,2.70549,-3.59364,-1.10203,0.429908,-0.0174501
-4.24114,2.7098,-3.59381,-1.10284,0.430732,-0.0177263
-4.25217,2.71411,-3.59399,-1.10362,0.431636,-0.0179982
-4.26321,2.71843,-3.59417,-1.10439,0.432619,-0.0182661
-4.27426,2.72276,-3.59436,-1.10514,0.433681,-0.0185305
-4.28532,2.7271,-3.59454,-1.10586,0.434824,-0.0187917
-4.29638,2.73146,-3.59473,-1.10656,0.436045,-0.0190502
-4.30745,2.73583,-3.59492,-1.10724,0.437345,-0.0193061
-4.31852,2.74021,-3.59512,-1.1079,0.438724,-0.01956
-4.3296,2.7446,-3.59531,-1.10853,0.440181,-0.0198122
-4.34069,2.74901,-3.59551,-1.10914,0.441716,-0.0200631
-4.35179,2.75344,-3.59572,-1.10973,0.443328,-0.0203129
-4.36289,2.75788,-3.59592,-1.11029,0.445016,-0.0205621
-4.37399,2.76234,-3.59613,-1.11083,0.446781,-0.0208111
-4.3851,2.76681,-3.59634,-1.11134,0.448621,-0.0210601
-4.39622,2.77131,-3.59655,-1.11183,0.450536,-0.0213095
-4.40734,2.77582,-3.59676,-1.1123,0.452525,-0.0215597
-4.41847,2.78036,-3.59698,-1.11274,0.454587,-0.021811
-4.4296,2.78492,-3.5972,-1.11316,0.456721,-0.0220637
-4.44073,2.78949,-3.59742,-1.11355,0.458927,-0.0223182
-4.45187,2.79409,-3.59765,-1.11392,0.461203,-0.0225748
-4.46301,2.79872,-3.59787,-1.11426,0.463549,-0.0228339
-4.47415,2.80337,-3.5981,-1.11458,0.465963,-0.0230956
-4.4853,2.80804,-3.59833,-1.11488,0.468444,-0.0233605
-4.49645,2.81274,-3.59857,-1.11515,0.470992,-0.0236287
-4.5076,2.81746,-3.59881,-1.1154,0.473604,-0.0239007
-4.51876,2.82221,-3.59905,-1.11562,0.47628,-0.0241766
-4.52991,2.82698,-3.59929,-1.11582,0.479018,-0.0244569
-4.54107,2.83179,-3.59954,-1.11599,0.481817,-0.0247418
-4.55223,2.83662,-3.59979,-1.11615,0.484676,-0.0250316
-4.5634,2.84148,-3.60004,-1.11627,0.487592,-0.0253265
-4.57456,2.84637,-3.60029,-1.11638,0.490565,-0.025627
-4.58572,2.85129,-3.60055,-1.11646,0.493593,-0.0259332
-4.59689,2.85624,-3.60081,-1.11652,0.496674,-0.0262454
-4.60805,2.86123,-3.60107,-1.11655,0.499807,-0.026564
-4.61922,2.86624,-3.60134,-1.11656,0.502989,-0.0268891
-4.63038,2.87129,-3.60161,-1.11655,0.50622,-0.027221
-4.64155,2.87637,-3.60189,-1.11652,0.509496,-0.02756
-4.65271,2.88148,-3.60216,-1.11647,0.512817,-0.0279063
-4.66388,2.88662,-3.60244,-1.11639,0.51618,-0.0282601
-4.67504,2.8918,-3.60273,-1.11629,0.519584,-0.0286217
-4.68621,2.89701,-3.60302,-1.11618,0.523025,-0.0289913
-4.69737,2.90226,-3.60331,-1.11604,0.526503,-0.0293692
-4.70853,2.90754,-3.6036,-1.11588,0.530014,-0.0297554
-4.71968,2.91286,-3.6039,-1.1157,0.533557,-0.0301503
-4.73084,2.91821,-3.60421,-1.1155,0.537129,-0.0305539
-4.74199,2.9236,-3.60451,-1.11527,0.540729,-0.0309666
-4.75315,2.92903,-3.60483,-1.11503,0.544353,-0.0313884
-4.76429,2.93449,-3.60514,-1.11477,0.547999,-0.0318195
-4.77544,2.93999,-3.60546,-1.1145,0.551664,-0.0322601
-4.78658,2.94552,-3.60579,-1.1142,0.555347,-0.0327103
-4.79772,2.9511,-3.60612,-1.11388,0.559044,-0.0331703
-4.80886,2.95671,-3.60645,-1.11355,0.562753,-0.0336401
-4.82,2.96235,-3.60679,-1.11319,0.56647,-0.0341199
-4.83113,2.96803,-3.60713,-1.11282,0.570194,-0.0346098
-4.84225,2.97376,-3.60748,-1.11243,0.573922,-0.0351098
-4.85337,2.97951,-3.60784,-1.11202,0.577649,-0.0356201
-4.86449,2.98531,-3.60819,-1.11159,0.581374,-0.0361406
-4.87561,2.99114,-3.60856,-1.11115,0.585094,-0.0366715
-4.88671,2.99701,-3.60893,-1.11068,0.588804,-0.0372128
-4.89782,3.00292,-3.6093,-1.1102,0.592503,-0.0377645
-4.90892,3.00886,-3.60968,-1.1097,0.596187,-0.0383265
-4.92001,3.01484,-3.61007,-1.10919,0.599852,-0.038899
-4.9311,3.02086,-3.61046,-1.10865,0.603496,-0.0394818
-4.94219,3.02691,-3.61086,-1.1081,0.607115,-0.040075
-4.95495,3.03393,-3.61132,-1.10742,0.611237,-0.0407699
-4.96602,3.04006,-3.61173,-1.10683,0.61479,-0.0413853
-4.97709,3.04622,-3.61215,-1.10622,0.618307,-0.0420115
-4.98814,3.05242,-3.61257,-1.1056,0.621786,-0.0426491
-4.9992,3.05866,-3.613,-1.10497,0.625224,-0.0432985
-5.01024,3.06493,-3.61344,-1.10433,0.628617,-0.0439602
-5.02128,3.07123,-3.61388,-1.10369,0.631962,-0.0446346
-5.03232,3.07756,-3.61433,-1.10304,0.635257,-0.045322
-5.04335,3.08393,-3.61479,-1.10239,0.638499,-0.0460227
-5.05437,3.09033,-3.61525,-1.10173,0.641685,-0.0467371
-5.06538,3.09677,-3.61572,-1.10108,0.644812,-0.0474651
-5.07639,3.10323,-3.6162,-1.10043,0.647878,-0.0482071
-5.08739,3.10972,-3.61669,-1.09978,0.650879,-0.0489631
-5.09838,3.11625,-3.61718,-1.09913,0.653814,-0.0497332
-5.10937,3.1228,-3.61768,-1.09849,0.656679,-0.0505175
-5.12035,3.12938,-3.61819,-1.09785,0.659472,-0.0513158
-5.13133,3.13599,-3.61871,-1.09722,0.662191,-0.0521283
-5.1423,3.14262,-3.61923,-1.09659,0.664832,-0.0529548
-5.15326,3.14929,-3.61977,-1.09596,0.667394,-0.0537952
-5.16422,3.15597,-3.62031,-1.09534,0.669874,-0.0546494
-5.17517,3.16268,-3.62086,-1.09472,0.67227,-0.0555173
-5.18611,3.16942,-3.62142,-1.0941,0.67458,-0.0563987
-5.19705,3.17617,-3.62199,-1.09349,0.676801,-0.0572933
-5.20798,3.18295,-3.62257,-1.09287,0.678931,-0.0582009
-5.21891,3.18975,-3.62315,-1.09226,0.680968,-0.0591213
-5.22983,3.19657,-3.62375,-1.09165,0.68291,-0.0600543
-5.24074,3.20341,-3.62435,-1.09104,0.684754,-0.0609995
-5.25165,3.21027,-3.62497,-1.09043,0.6865,-0.0619566
-5.26255,3.21714,-3.62559,-1.08982,0.688145,-0.0629253
-5.27344,3.22403,-3.62623,-1.0892,0.689687,-0.0639053
-5.28433,3.23093,-3.62687,-1.08858,0.691125,-0.0648961
-5.29521,3.23785,-3.62753,-1.08796,0.692456,-0.0658975
-5.30609,3.24478,-3.62819,-1.08732,0.693679,-0.0669091
-5.31696,3.25173,-3.62886,-1.08669,0.694793,-0.0679305
-5.32782,3.25868,-3.62955,-1.08604,0.695796,-0.0689612
-5.33868,3.26564,-3.63024,-1.08538,0.696686,-0.0700009
-5.34953,3.27261,-3.63095,-1.08471,0.697462,-0.0710492
-5.36038,3.27959,-3.63166,-1.08403,0.698123,-0.0721056
-5.37121,3.28657,-3.63239,-1.08333,0.698667,-0.0731696
-5.38204,3.29356,-3.63313,-1.08262,0.699093,-0.074241
-5.39286,3.30055,-3.63388,-1.08189,0.699401,-0.0753191
-5.40368,3.30755,-3.63463,-1.08115,0.699588,-0.0764037
-5.41449,3.31455,-3.6354,-1.08038,0.699654,-0.0774941
-5.42529,3.32154,-3.63618,-1.0796,0.699598,-0.07859
-5.43608,3.32854,-3.63698,-1.07879,0.69942,-0.0796909
-5.44686,3.33553,-3.63778,-1.07796,0.699117,-0.0807963
-5.45764,3.34252,-3.63859,-1.0771,0.69869,-0.0819058
-5.46841,3.3495,-3.63942,-1.07622,0.698137,-0.0830189
-5.47916,3.35648,-3.64025,-1.07532,0.697459,-0.0841351
-5.48991,3.36345,-3.6411,-1.07438,0.696654,-0.085254
-5.50065,3.37041,-3.64196,-1.07341,0.695722,-0.0863751
-5.51138,3.37737,-3.64283,-1.07241,0.694663,-0.0874979
-5.5221,3.38431,-3.64371,-1.07138,0.693476,-0.0886219
-5.53281,3.39124,-3.6446,-1.07032,0.692161,-0.0897467
-5.54351,3.39815,-3.6455,-1.06922,0.690718,-0.0908718
-5.55419,3.40505,-3.64642,-1.06809,0.689146,-0.0919968
-5.56487,3.41193,-3.64734,-1.06691,0.687446,-0.093121
-5.57553,3.4188,-3.64828,-1.0657,0.685617,-0.0942441
-5.58618,3.42564,-3.64923,-1.06445,0.68366,-0.0953656
-5.59682,3.43247,-3.65019,-1.06316,0.681575,-0.0964849
-5.60744,3.43928,-3.65116,-1.06182,0.679362,-0.0976017
-5.61806,3.44606,-3.65214,-1.06045,0.67702,-0.0987154
-5.62865,3.45282,-3.65313,-1.05902,0.674551,-0.0998255
-5.63924,3.45955,-3.65413,-1.05755,0.671955,-0.100932
-5.6498,3.46625,-3.65515,-1.05604,0.669232,-0.102033
-5.66036,3.47293,-3.65617,-1.05447,0.666383,-0.103129
-5.67089,3.47958,-3.65721,-1.05286,0.663408,-0.10422
-5.68141,3.4862,-3.65826,-1.05119,0.660308,-0.105305
-5.69192,3.49279,-3.65932,-1.04947,0.657084,-0.106383
-5.7024,3.49934,-3.66039,-1.0477,0.653736,-0.107454
-5.71287,3.50586,-3.66147,-1.04588,0.650266,-0.108518
-5.72332,3.51235,-3.66256,-1.044,0.646674,-0.109573
-5.73375,3.51879,-3.66366,-1.04206,0.642961,-0.11062
-5.74416,3.52521,-3.66477,-1.04006,0.639128,-0.111657
-5.75455,3.53158,-3.66589,-1.03801,0.635177,-0.112685
-5.76492,3.53791,-3.66702,-1.03589,0.631108,-0.113702
-5.77527,3.5442,-3.66817,-1.03371,0.626923,-0.114708
-5.78559,3.55045,-3.66932,-1.03147,0.622622,-0.115702
-5.7959,3.55665,-3.67048,-1.02916,0.618208,-0.116685
-5.80618,3.56281,-3.67165,-1.02678,0.613682,-0.117654
-5.81643,3.56892,-3.67283,-1.02434,0.609045,-0.11861
-5.82666,3.57499,-3.67402,-1.02182,0.604298,-0.119552
-5.83687,3.58101,-3.67522,-1.01923,0.599443,-0.120479
-5.84705,3.58698,-3.67643,-1.01657,0.594483,-0.121391
-5.8572,3.5929,-3.67765,-1.01383,0.589417,-0.122286
-5.86732,3.59877,-3.67888,-1.01101,0.584249,-0.123164
-5.87742,3.60458,-3.68011,-1.00812,0.57898,-0.124025
-5.88749,3.61035,-3.68136,-1.00514,0.573612,-0.124867
-5.89752,3.61606,-3.68261,-1.00207,0.568146,-0.12569
-5.90753,3.62171,-3.68387,-0.998922,0.562585,-0.126492
-5.9175,3.62731,-3.68514,-0.99568,0.55693,-0.127274
-5.92744,3.63285,-3.68642,-0.992346,0.551184,-0.128033
-5.93735,3.63833,-3.6877,-0.988916,0.545348,-0.12877
-5.94722,3.64375,-3.68899,-0.985387,0.539426,-0.129482
-5.95705,3.64912,-3.69029,-0.981757,0.533418,-0.13017
-5.96685,3.65442,-3.6916,-0.978021,0.527327,-0.130831
-5.97661,3.65966,-3.69291,-0.974176,0.521155,-0.131466
-5.98634,3.66485,-3.69423,-0.970219,0.514905,-0.132072
-5.99602,3.66996,-3.69555,-0.966146,0.508578,-0.132649
-6.00566,3.67502,-3.69688,-0.961951,0.502178,-0.133195
-6.01526,3.68001,-3.69821,-0.957632,0.495706,-0.133709
-6.02481,3.68493,-3.69955,-0.953183,0.489166,-0.13419
-6.03432,3.68979,-3.7009,-0.9486,0.482558,-0.134636
-6.04378,3.69458,-3.70225,-0.943877,0.475887,-0.135045
-6.0532,3.69931,-3.7036,-0.93901,0.469154,-0.135418
-6.06256,3.70396,-3.70495,-0.933992,0.462362,-0.135751
-6.07188,3.70855,-3.70631,-0.928817,0.455513,-0.136043
-6.08114,3.71307,-3.70767,-0.92348,0.44861,-0.136293
-6.09035,3.71753,-3.70904,-0.917975,0.441656,-0.136498
-6.0995,3.72191,-3.7104,-0.912293,0.434653,-0.136657
-6.10859,3.72622,-3.71177,-0.906429,0.427605,-0.136769
-6.11763,3.73046,-3.71314,-0.900374,0.420512,-0.13683
-6.1266,3.73463,-3.71451,-0.894121,0.413379,-0.136839
-6.13551,3.73873,-3.71588,-0.887662,0.406208,-0.136794
-6.14435,3.74275,-3.71724,-0.880988,0.399001,-0.136693
-6.15313,3.74671,-3.71861,-0.87409,0.391762,-0.136533
-6.16183,3.75059,-3.71997,-0.866959,0.384492,-0.136312
-6.17046,3.7544,-3.72134,-0.859585,0.377196,-0.136027
-6.17902,3.75813,-3.72269,-0.851958,0.369875,-0.135676
-6.1875,3.76179,-3.72405,-0.844067,0.362532,-0.135256
-6.19828,3.76639,-3.72578,-0.833586,0.353103,-0.134623
-6.20657,3.76988,-3.72712,-0.825058,0.345721,-0.134037
-6.21478,3.7733,-3.72846,-0.816276,0.338334,-0.133383
-6.2229,3.77665,-3.72979,-0.807269,0.330949,-0.132667
-6.23092,3.77992,-3.73112,-0.798065,0.323575,-0.131893
-6.23886,3.78312,-3.73243,-0.788683,0.316218,-0.131067
-6.2467,3.78625,-3.73374,-0.77914,0.308885,-0.13019
-6.25444,3.7893,-3.73503,-0.769449,0.301582,-0.129265
-6.26208,3.79228,-3.73632,-0.759618,0.294313,-0.128294
-6.26963,3.79519,-3.7376,-0.749655,0.287083,-0.127278
-6.27708,3.79802,-3.73887,-0.739562,0.279895,-0.126217
-6.28442,3.80078,-3.74012,-0.72934,0.272754,-0.125112
-6.29166,3.80348,-3.74137,-0.718988,0.265663,-0.12396
-6.2988,3.8061,-3.7426,-0.708504,0.258623,-0.122763
-6.30583,3.80865,-3.74382,-0.697882,0.251638,-0.121518
-6.31276,3.81113,-3.74503,-0.687118,0.244709,-0.120224
-6.31958,3.81354,-3.74623,-0.676205,0.237839,-0.11888
-6.32628,3.81589,-3.74741,-0.665137,0.231028,-0.117484
-6.33288,3.81816,-3.74858,-0.653905,0.224278,-0.116033
-6.33936,3.82037,-3.74973,-0.642503,0.217591,-0.114528
-6.34573,3.82252,-3.75087,-0.630923,0.210967,-0.112965
-6.35198,3.82459,-3.75199,-0.619158,0.204408,-0.111343
-6.35811,3.8266,-3.75309,-0.607201,0.197915,-0.109661
-6.36412,3.82855,-3.75418,-0.595047,0.191489,-0.107918
-6.37001,3.83043,-3.75525,-0.582691,0.18513,-0.106111
-6.37577,3.83225,-3.7563,-0.570128,0.178841,-0.104241
-6.38141,3.83401,-3.75734,-0.557357,0.172622,-0.102306
-6.38692,3.83571,-3.75835,-0.544374,0.166473,-0.100307
-6.3923,3.83734,-3.75934,-0.531182,0.160398,-0.0982422
-6.39754,3.83891,-3.76032,-0.517779,0.154396,-0.0961133
-6.40265,3.84043,-3.76127,-0.504171,0.148469,-0.0939205
-6.40763,3.84188,-3.76219,-0.490361,0.14262,-0.0916649
-6.41246,3.84328,-3.7631,-0.476356,0.136849,-0.0893477
-6.41715,3.84462,-3.76398,-0.462164,0.131159,-0.0869708
-6.4217,3.8459,-3.76484,-0.447796,0.125551,-0.0845365
-6.42611,3.84713,-3.76567,-0.433262,0.120028,-0.0820472
-6.43037,3.84831,-3.76648,-0.418578,0.114593,-0.079506
-6.43448,3.84942,-3.76726,-0.403759,0.109247,-0.0769163
-6.43844,3.85049,-3.76802,-0.388822,0.103993,-0.074282
-6.44226,3.8515,-3.76875,-0.373787,0.0988342,-0.0716073
-6.44592,3.85247,-3.76945,-0.358674,0.0937734,-0.0688968
-6.44943,3.85338,-3.77012,-0.343508,0.0888136,-0.0661555
-6.45279,3.85424,-3.77077,-0.328311,0.083958,-0.0633887
-6.45599,3.85506,-3.77139,-0.313112,0.0792098,-0.0606023
-6.45905,3.85583,-3.77198,-0.297936,0.0745725,-0.0578022
-6.46195,3.85655,-3.77255,-0.282814,0.0700495,-0.0549948
-6.46471,3.85723,-3.77308,-0.267775,0.0656442,-0.0521866
-6.46731,3.85787,-3.77359,-0.252851,0.0613603,-0.0493847
-6.46976,3.85846,-3.77407,-0.238074,0.0572014,-0.0465961
-6.47207,3.85901,-3.77452,-0.223477,0.053171,-0.0438281
-6.47423,3.85952,-3.77495,-0.209094,0.0492726,-0.041088
-6.47625,3.86,-3.77535,-0.194959,0.0455099,-0.0383836
-6.47813,3.86043,-3.77572,-0.181107,0.0418861,-0.0357222
-6.47988,3.86083,-3.77606,-0.167572,0.0384046,-0.0331117
-6.48149,3.8612,-3.77638,-0.154388,0.0350684,-0.0305596
-6.48297,3.86154,-3.77667,-0.14159,0.0318807,-0.0280734
-6.48432,3.86184,-3.77694,-0.12921,0.0288441,-0.0256605
-6.48555,3.86211,-3.77719,-0.11728,0.025961,-0.023328
-6.48667,3.86236,-3.77741,-0.105832,0.0232338,-0.0210831
-6.48767,3.86258,-3.77761,-0.0948941,0.0206641,-0.0189322
-6.48857,3.86277,-3.77779,-0.0844947,0.0182535,-0.0168817
-6.48936,3.86294,-3.77795,-0.0746588,0.0160029,-0.0149373
-6.49006,3.86309,-3.77809,-0.0654092,0.0139129,-0.0131045
-6.49067,3.86322,-3.77821,-0.0567659,0.0119835,-0.0113878
-6.4912,3.86333,-3.77831,-0.0487455,0.010214,-0.00979135
-6.49165,3.86343,-3.7784,-0.0413613,0.00860332,-0.00831846
-6.49203,3.86351,-3.77848,-0.0346223,0.0071494,-0.00697161
-6.49234,3.86357,-3.77854,-0.0285332,0.0058496,-0.00575236
-6.4926,3.86362,-3.7786,-0.0230941,0.0047004,-0.00466127
-6.49281,3.86367,-3.77864,-0.0182996,0.00369741,-0.00369785
-6.49297,3.8637,-3.77867,-0.0141388,0.00283531,-0.00286038
-6.49309,3.86372,-3.77869,-0.0105945,0.00210777,-0.00214589
-6.49318,3.86374,-3.77871,-0.00764318,0.00150737,-0.00155002
-6.49325,3.86375,-3.77873,-0.00525395,0.00102555,-0.00106695
-6.49329,3.86376,-3.77873,-0.00338851,0.000652534,-0.000689256
-6.49332,3.86377,-3.77874,-0.00200043,0.00037726,-0.000407837
-6.49333,3.86377,-3.77874,-0.0010347,0.000187292,-0.000211786
-6.49334,3.86377,-3.77874,-0.000427148,6.87496e-05,-8.82845e-05
-6.49334,3.86377,-3.77875,-0.000103934,6.22995e-06,-2.24864e-05
-6.49334,3.86377,-3.77875,1.90393e-05,-1.7276e-05,2.60315e-06
