50,50,0.7854,0,0,0
50,50,0.7854,0,0,-0.0001
50.0001,50,0.7854,0.0001,0.0001,-0.0004
50.0003,50.0001,0.7854,0.0004,0.0002,-0.0015
50.0009,50.0004,0.7854,0.0009,0.0004,-0.0034
50.0021,50.001,0.7853,0.0016,0.0008,-0.0064
50.0043,50.0021,0.7852,0.0028,0.0013,-0.0107
50.0078,50.0037,0.7851,0.0043,0.002,-0.0165
50.0131,50.0061,0.7849,0.0063,0.0028,-0.0239
50.0206,50.0094,0.7846,0.0089,0.0039,-0.033
50.031,50.0139,0.7842,0.0119,0.0051,-0.0438
50.0447,50.0196,0.7837,0.0156,0.0064,-0.0565
50.0624,50.0268,0.7831,0.0199,0.008,-0.071
50.0846,50.0357,0.7823,0.0248,0.0097,-0.0874
50.1122,50.0462,0.7813,0.0304,0.0115,-0.1056
50.1456,50.0587,0.7802,0.0366,0.0135,-0.1256
50.1856,50.0733,0.7788,0.0436,0.0156,-0.1473
50.233,50.0899,0.7772,0.0513,0.0177,-0.1707
50.2884,50.1088,0.7754,0.0597,0.02,-0.1957
50.3526,50.1299,0.7733,0.0688,0.0223,-0.2222
50.4262,50.1534,0.771,0.0787,0.0246,-0.2501
50.5101,50.1792,0.7683,0.0892,0.027,-0.2793
50.605,50.2073,0.7654,0.1006,0.0293,-0.3096
50.7115,50.2377,0.7621,0.1126,0.0316,-0.341
50.8304,50.2704,0.7585,0.1253,0.0338,-0.3731
50.9623,50.3053,0.7546,0.1387,0.036,-0.406
51.1081,50.3423,0.7504,0.1529,0.038,-0.4395
51.2683,50.3813,0.7459,0.1676,0.0399,-0.4733
51.4436,50.4221,0.741,0.1831,0.0417,-0.5074
51.6346,50.4646,0.7357,0.1991,0.0433,-0.5416
51.8421,50.5086,0.7301,0.2158,0.0447,-0.5756
52.0664,50.5539,0.7242,0.233,0.0459,-0.6094
52.3083,50.6004,0.7179,0.2508,0.0469,-0.6428
52.5683,50.6478,0.7113,0.2692,0.0477,-0.6756
52.8468,50.6958,0.7044,0.288,0.0483,-0.7076
53.1444,50.7442,0.6972,0.3073,0.0485,-0.7387
53.4615,50.7928,0.6897,0.327,0.0486,-0.7688
53.7986,50.8412,0.6818,0.3472,0.0483,-0.7976
54.1559,50.8893,0.6737,0.3677,0.0478,-0.8251
54.534,50.9368,0.6653,0.3885,0.047,-0.8511
54.9331,50.9833,0.6567,0.4097,0.046,-0.8755
55.3535,51.0286,0.6478,0.4311,0.0446,-0.8981
55.7954,51.0724,0.6387,0.4528,0.043,-0.9189
56.2592,51.1145,0.6294,0.4747,0.0412,-0.9377
56.7448,51.1547,0.62,0.4967,0.0391,-0.9543
57.2526,51.1926,0.6104,0.5189,0.0367,-0.9688
57.7826,51.228,0.6006,0.5411,0.0341,-0.9811
58.3348,51.2607,0.5908,0.5634,0.0313,-0.991
58.9094,51.2906,0.5808,0.5857,0.0284,-0.9985
59.5062,51.3174,0.5708,0.608,0.0252,-1.0035
60.1254,51.341,0.5607,0.6302,0.0219,-1.006
60.7667,51.3612,0.5507,0.6524,0.0185,-1.006
61.4301,51.378,0.5406,0.6744,0.015,-1.0034
62.1154,51.3912,0.5306,0.6962,0.0114,-0.9983
62.8225,51.4008,0.5207,0.7179,0.0078,-0.9905
63.551,51.4068,0.5108,0.7393,0.0042,-0.9801
64.3009,51.4092,0.5011,0.7604,0.0006,-0.9672
65.0717,51.408,0.4915,0.7812,-0.0029,-0.9518
65.8632,51.4033,0.4821,0.8017,-0.0064,-0.9338
66.675,51.3953,0.4728,0.8218,-0.0097,-0.9134
67.5068,51.3841,0.4638,0.8416,-0.0128,-0.8905
68.358,51.3698,0.455,0.8608,-0.0157,-0.8654
69.2283,51.3528,0.4465,0.8797,-0.0183,-0.838
70.1172,51.3332,0.4383,0.898,-0.0207,-0.8084
71.0241,51.3115,0.4303,0.9158,-0.0227,-0.7767
71.9487,51.288,0.4227,0.9331,-0.0243,-0.7431
72.8902,51.2631,0.4155,0.9498,-0.0255,-0.7076
73.8482,51.2371,0.4086,0.966,-0.0262,-0.6703
74.822,51.2107,0.4021,0.9815,-0.0265,-0.6315
75.8109,51.1844,0.396,0.9964,-0.0262,-0.5911
76.8145,51.1586,0.3903,1.0106,-0.0253,-0.5495
77.832,51.134,0.385,1.0242,-0.0238,-0.5066
78.8626,51.1113,0.3801,1.0371,-0.0216,-0.4628
79.017,51.1081,0.3794,1.0389,-0.0212,-0.4562
80.062,51.0883,0.3751,1.051,-0.0183,-0.4113
81.1187,51.0718,0.3712,1.0623,-0.0146,-0.3657
82.1864,51.0594,0.3678,1.073,-0.0101,-0.3194
83.2644,51.0519,0.3648,1.0828,-0.0048,-0.2727
84.3519,51.0501,0.3623,1.092,0.0013,-0.2256
85.4481,51.0549,0.3603,1.1003,0.0084,-0.1784
86.5523,51.0672,0.3588,1.108,0.0164,-0.1311
87.6637,51.0879,0.3577,1.1148,0.0253,-0.0838
88.7816,51.1181,0.3571,1.1209,0.0352,-0.0369
89.9053,51.1586,0.357,1.1262,0.0461,0.0097
91.0338,51.2106,0.3573,1.1308,0.058,0.0557
92.1666,51.275,0.3581,1.1346,0.071,0.101
93.3027,51.3529,0.3593,1.1376,0.085,0.1454
94.4415,51.4454,0.361,1.1399,0.1,0.1888
95.5823,51.5534,0.3631,1.1415,0.1162,0.231
96.7242,51.678,0.3656,1.1423,0.1333,0.272
97.8667,51.8204,0.3685,1.1424,0.1515,0.3114
99.0088,51.9814,0.3718,1.1418,0.1708,0.3494
100.1501,52.1623,0.3755,1.1405,0.1911,0.3856
101.2897,52.3639,0.3795,1.1386,0.2123,0.42
102.427,52.5873,0.3839,1.136,0.2346,0.4525
103.5614,52.8334,0.3886,1.1327,0.2578,0.483
104.6922,53.1033,0.3935,1.1289,0.282,0.5114
105.8189,53.3978,0.3988,1.1244,0.3071,0.5376
106.9408,53.7177,0.4043,1.1194,0.333,0.5616
108.0575,54.064,0.41,1.1138,0.3597,0.5833
109.1683,54.4375,0.4159,1.1077,0.3873,0.6026
110.2727,54.8388,0.4221,1.1011,0.4155,0.6195
111.3704,55.2687,0.4283,1.0941,0.4444,0.6339
112.4608,55.7279,0.4347,1.0866,0.474,0.6459
113.5435,56.2169,0.4412,1.0787,0.5041,0.6554
114.6181,56.7362,0.4478,1.0705,0.5347,0.6624
115.6844,57.2864,0.4545,1.0619,0.5658,0.667
116.7419,57.8679,0.4612,1.0531,0.5972,0.6691
117.7904,58.4809,0.4679,1.0439,0.6289,0.6688
118.8297,59.1258,0.4745,1.0346,0.6609,0.6661
119.8595,59.8028,0.4812,1.025,0.693,0.6611
120.8797,60.5119,0.4877,1.0153,0.7253,0.6537
121.8901,61.2533,0.4942,1.0055,0.7575,0.6442
122.8907,62.0269,0.5006,0.9957,0.7897,0.6324
123.8815,62.8326,0.5069,0.9858,0.8217,0.6185
124.8623,63.6703,0.513,0.9759,0.8535,0.6026
125.8332,64.5396,0.5189,0.9661,0.8851,0.5848
126.7944,65.4403,0.5247,0.9563,0.9162,0.5651
127.7459,66.372,0.5302,0.9468,0.947,0.5436
128.688,67.3341,0.5355,0.9374,0.9771,0.5204
128.8181,67.47,0.5363,0.9361,0.9813,0.517
129.7496,68.4661,0.5413,0.927,1.0108,0.492
130.6721,69.4914,0.5461,0.9181,1.0396,0.4655
131.5859,70.5451,0.5506,0.9096,1.0677,0.4377
132.4913,71.6264,0.5548,0.9013,1.0949,0.4086
133.3887,72.7345,0.5588,0.8934,1.1211,0.3783
134.2783,73.8684,0.5624,0.8859,1.1464,0.347
135.1607,75.027,0.5657,0.8788,1.1706,0.3148
136.0361,76.2092,0.5687,0.8721,1.1936,0.2818
136.9051,77.4138,0.5714,0.8659,1.2155,0.2481
137.7681,78.6397,0.5737,0.8601,1.236,0.2139
138.6256,79.8854,0.5756,0.8549,1.2552,0.1792
139.4781,81.1496,0.5772,0.8501,1.273,0.1443
140.326,82.4309,0.5785,0.8459,1.2893,0.1091
141.1701,83.7278,0.5794,0.8423,1.3042,0.0738
142.0108,85.0387,0.58,0.8392,1.3175,0.0386
142.8487,86.3621,0.5802,0.8367,1.3291,0.0035
143.6845,87.6964,0.5801,0.8349,1.3392,-0.0314
144.5187,89.0399,0.5796,0.8337,1.3476,-0.0659
145.352,90.391,0.5787,0.8331,1.3542,-0.0999
146.185,91.7478,0.5776,0.8332,1.3592,-0.1334
147.0185,93.1087,0.5761,0.8339,1.3624,-0.1662
147.8531,94.472,0.5743,0.8354,1.3638,-0.1983
148.6895,95.8357,0.5721,0.8375,1.3635,-0.2296
149.5283,97.1983,0.5697,0.8403,1.3613,-0.26
150.3704,98.5578,0.5669,0.8439,1.3574,-0.2893
151.2163,99.9125,0.5639,0.8482,1.3517,-0.3176
152.0669,101.2606,0.5606,0.8531,1.3442,-0.3448
152.9229,102.6003,0.557,0.8589,1.335,-0.3708
153.7849,103.9299,0.5532,0.8653,1.324,-0.3955
154.6537,105.2476,0.5491,0.8725,1.3112,-0.4189
155.53,106.5518,0.5448,0.8803,1.2968,-0.441
156.4146,107.8407,0.5403,0.8889,1.2807,-0.4616
157.3081,109.1127,0.5356,0.8982,1.263,-0.4808
158.2113,110.3661,0.5307,0.9083,1.2437,-0.4986
159.1249,111.5995,0.5256,0.919,1.2228,-0.5148
160.0495,112.8113,0.5204,0.9303,1.2005,-0.5296
160.9858,113.9999,0.515,0.9424,1.1767,-0.5428
161.9345,115.1642,0.5095,0.9551,1.1515,-0.5544
162.8963,116.3026,0.5039,0.9685,1.1251,-0.5645
163.8717,117.4139,0.4982,0.9825,1.0974,-0.5731
164.8614,118.4969,0.4925,0.9971,1.0685,-0.5801
165.866,119.5505,0.4866,1.0122,1.0385,-0.5855
166.886,120.5736,0.4808,1.0279,1.0076,-0.5895
167.9221,121.5653,0.4748,1.0442,0.9757,-0.5919
168.9746,122.5246,0.4689,1.0609,0.943,-0.5929
170.0441,123.4509,0.463,1.0782,0.9095,-0.5925
171.1311,124.3434,0.4571,1.0959,0.8754,-0.5906
172.236,125.2016,0.4512,1.1139,0.8408,-0.5873
173.3591,126.0249,0.4453,1.1324,0.8057,-0.5828
174.5008,126.8129,0.4395,1.1512,0.7703,-0.5769
175.6616,127.5655,0.4338,1.1703,0.7347,-0.5698
176.8415,128.2824,0.4281,1.1896,0.699,-0.5616
178.0409,128.9635,0.4226,1.2092,0.6633,-0.5522
179.26,129.6091,0.4171,1.2289,0.6277,-0.5417
180.4988,130.2191,0.4117,1.2488,0.5924,-0.5303
181.7576,130.794,0.4065,1.2688,0.5574,-0.5179
183.0364,131.3342,0.4014,1.2887,0.523,-0.5046
184.3351,131.8401,0.3964,1.3087,0.4891,-0.4905
185.6537,132.3126,0.3916,1.3286,0.4559,-0.4757
186.693,132.6574,0.3879,1.3439,0.4308,-0.4637
188.0468,133.0723,0.3834,1.3636,0.3992,-0.4478
189.42,133.4562,0.379,1.383,0.3687,-0.4313
190.8126,133.8102,0.3747,1.4021,0.3395,-0.4143
192.2242,134.1355,0.3707,1.421,0.3115,-0.3969
193.6544,134.4335,0.3668,1.4395,0.2849,-0.3791
195.103,134.7057,0.3631,1.4577,0.2597,-0.3611
196.5696,134.9536,0.3596,1.4755,0.2362,-0.3428
198.0538,135.1787,0.3563,1.4928,0.2143,-0.3245
199.5551,135.3828,0.3531,1.5097,0.1942,-0.306
201.0731,135.5676,0.3501,1.5261,0.1758,-0.2875
202.6072,135.735,0.3474,1.542,0.1593,-0.2691
204.157,135.8868,0.3448,1.5574,0.1447,-0.2507
205.7219,136.0249,0.3423,1.5722,0.132,-0.2325
207.3013,136.1514,0.3401,1.5865,0.1213,-0.2146
208.8946,136.2682,0.338,1.6001,0.1126,-0.1968
210.5013,136.3773,0.3362,1.6131,0.1059,-0.1794
212.1207,136.4808,0.3345,1.6255,0.1013,-0.1624
213.7522,136.5806,0.3329,1.6373,0.0987,-0.1457
215.3951,136.6789,0.3315,1.6484,0.0981,-0.1295
217.0488,136.7775,0.3303,1.6589,0.0995,-0.1137
218.7127,136.8786,0.3293,1.6687,0.103,-0.0984
220.386,136.9841,0.3284,1.6779,0.1083,-0.0836
222.0681,137.0959,0.3276,1.6864,0.1156,-0.0693
223.7585,137.2159,0.327,1.6942,0.1248,-0.0556
225.4563,137.346,0.3265,1.7014,0.1357,-0.0425
227.1611,137.488,0.3261,1.708,0.1485,-0.0299
228.872,137.6435,0.3259,1.7139,0.1629,-0.0179
230.5887,137.8142,0.3258,1.7192,0.1789,-0.0064
232.3103,138.0017,0.3257,1.7239,0.1964,0.0045
234.0363,138.2075,0.3258,1.7281,0.2154,0.0148
235.7663,138.433,0.326,1.7317,0.2357,0.0246
237.4995,138.6793,0.3263,1.7347,0.2573,0.0339
239.2355,138.9479,0.3267,1.7372,0.28,0.0426
240.9737,139.2396,0.3272,1.7392,0.3037,0.0509
242.7138,139.5556,0.3277,1.7408,0.3283,0.0587
244.4551,139.8966,0.3284,1.7419,0.3538,0.0661
246.1974,140.2633,0.329,1.7426,0.3799,0.0731
247.9402,140.6564,0.3298,1.7429,0.4065,0.0797
249.6832,141.0764,0.3306,1.7429,0.4335,0.086
251.4259,141.5236,0.3315,1.7426,0.4609,0.092
252.4345,141.795,0.3321,1.7423,0.4768,0.0953
254.1764,142.2855,0.3331,1.7415,0.5043,0.1009
255.9174,142.8035,0.3341,1.7405,0.5317,0.1063
257.6573,143.3489,0.3352,1.7393,0.559,0.1116
259.3959,143.9214,0.3363,1.7379,0.5859,0.1167
261.1331,144.5205,0.3375,1.7364,0.6123,0.1217
262.8688,145.1458,0.3388,1.7348,0.6382,0.1267
264.6028,145.7966,0.34,1.7331,0.6633,0.1316
266.3351,146.4722,0.3414,1.7314,0.6877,0.1366
268.0656,147.1717,0.3428,1.7296,0.7112,0.1416
269.7944,147.8942,0.3442,1.7279,0.7336,0.1467
271.5214,148.6386,0.3457,1.7262,0.755,0.1519
273.2467,149.4037,0.3473,1.7245,0.7751,0.1572
274.9703,150.1884,0.3489,1.7229,0.7941,0.1627
276.6924,150.9914,0.3505,1.7213,0.8117,0.1685
278.413,151.8113,0.3522,1.7199,0.8279,0.1744
280.1323,152.6467,0.354,1.7187,0.8427,0.1806
281.8504,153.4962,0.3558,1.7175,0.856,0.1871
283.5674,154.3583,0.3577,1.7165,0.8678,0.1939
285.2836,155.2314,0.3597,1.7157,0.8781,0.201
286.999,156.114,0.3618,1.7151,0.8868,0.2085
288.7138,157.0045,0.3639,1.7147,0.8939,0.2163
290.4283,157.9014,0.3661,1.7144,0.8995,0.2245
292.1427,158.8029,0.3684,1.7143,0.9034,0.233
293.857,159.7077,0.3708,1.7144,0.9058,0.2419
295.5716,160.614,0.3732,1.7148,0.9066,0.2512
297.2866,161.5204,0.3758,1.7153,0.9059,0.2608
299.0022,162.4254,0.3784,1.7159,0.9037,0.2709
300.7186,163.3274,0.3812,1.7168,0.9001,0.2813
302.4358,164.2251,0.3841,1.7178,0.895,0.292
304.1542,165.1171,0.387,1.719,0.8886,0.3032
305.8738,166.002,0.3901,1.7203,0.8809,0.3146
307.5948,166.8785,0.3933,1.7217,0.872,0.3264
309.3172,167.7456,0.3967,1.7232,0.862,0.3385
311.0412,168.6021,0.4001,1.7248,0.8508,0.3509
312.7668,169.447,0.4037,1.7264,0.8387,0.3636
314.494,170.2793,0.4074,1.7281,0.8258,0.3765
316.223,171.0982,0.4112,1.7298,0.812,0.3896
317.9536,171.903,0.4152,1.7314,0.7975,0.4029
318.4159,172.1154,0.4163,1.7319,0.7936,0.4065
320.1486,172.9015,0.4204,1.7335,0.7784,0.42
321.8828,173.6722,0.4247,1.735,0.7629,0.4336
323.6185,174.4271,0.4291,1.7363,0.747,0.4473
325.3555,175.1661,0.4336,1.7376,0.7309,0.461
327.0936,175.8889,0.4383,1.7387,0.7147,0.4747
328.8328,176.5955,0.4431,1.7396,0.6985,0.4883
330.5728,177.2859,0.448,1.7403,0.6824,0.5019
332.3134,177.9603,0.4531,1.7408,0.6665,0.5154
334.0544,178.619,0.4584,1.7411,0.6509,0.5286
335.7956,179.2622,0.4637,1.7412,0.6356,0.5417
337.5367,179.8904,0.4692,1.741,0.6209,0.5546
339.2775,180.5041,0.4748,1.7406,0.6067,0.5672
341.0178,181.1039,0.4805,1.7399,0.5931,0.5795
342.7572,181.6904,0.4864,1.7389,0.5802,0.5915
344.4955,182.2645,0.4924,1.7377,0.568,0.6032
346.2325,182.8268,0.4984,1.7362,0.5567,0.6145
347.9678,183.3782,0.5046,1.7345,0.5463,0.6254
349.7013,183.9197,0.511,1.7324,0.5368,0.6359
351.4326,184.4521,0.5174,1.7302,0.5283,0.646
353.1616,184.9766,0.5239,1.7277,0.5208,0.6557
354.8879,185.4941,0.5305,1.7249,0.5144,0.6649
356.6114,186.0058,0.5372,1.722,0.5091,0.6737
358.3318,186.5126,0.5439,1.7188,0.5048,0.682
360.0489,187.0158,0.5508,1.7154,0.5017,0.6898
361.7626,187.5165,0.5577,1.7118,0.4998,0.6971
363.4725,188.0157,0.5647,1.7081,0.4989,0.704
365.1787,188.5148,0.5718,1.7042,0.4993,0.7104
366.8808,189.0146,0.579,1.7001,0.5007,0.7163
368.5788,189.5166,0.5861,1.6959,0.5033,0.7218
370.2726,190.0216,0.5934,1.6916,0.5069,0.7267
371.962,190.5308,0.6007,1.6872,0.5117,0.7312
373.6469,191.0452,0.608,1.6826,0.5174,0.7353
375.3272,191.566,0.6154,1.6781,0.5242,0.7389
376.8684,192.0512,0.6222,1.6738,0.5312,0.7418
378.5398,192.5866,0.6296,1.6691,0.5398,0.7446
380.2066,193.131,0.6371,1.6643,0.5492,0.7469
381.8685,193.6852,0.6446,1.6595,0.5594,0.7488
383.5256,194.25,0.6521,1.6547,0.5704,0.7504
385.1779,194.8262,0.6596,1.6499,0.5821,0.7516
386.8253,195.4145,0.6671,1.645,0.5945,0.7524
388.4678,196.0155,0.6746,1.6401,0.6076,0.7529
390.1054,196.6298,0.6821,1.6351,0.6212,0.753
391.7381,197.2581,0.6897,1.6302,0.6354,0.7528
393.3658,197.9008,0.6972,1.6252,0.6501,0.7523
394.9884,198.5584,0.7047,1.6201,0.6652,0.7515
396.606,199.2314,0.7122,1.6151,0.6808,0.7503
398.2186,199.9201,0.7197,1.61,0.6967,0.7489
399.826,200.6249,0.7272,1.6049,0.7129,0.7472
401.4283,201.3459,0.7347,1.5997,0.7293,0.7452
403.0254,202.0836,0.7421,1.5945,0.746,0.7429
404.6173,202.8379,0.7495,1.5892,0.7628,0.7403
406.2039,203.6092,0.7569,1.5839,0.7797,0.7375
407.7851,204.3974,0.7643,1.5785,0.7967,0.7344
409.3609,205.2026,0.7716,1.5731,0.8138,0.731
410.9312,206.0249,0.7789,1.5676,0.8308,0.7273
412.496,206.8642,0.7861,1.562,0.8478,0.7234
414.0552,207.7205,0.7934,1.5564,0.8647,0.7193
415.6087,208.5935,0.8005,1.5506,0.8815,0.7148
417.1564,209.4833,0.8077,1.5449,0.8981,0.7102
418.6984,210.3896,0.8147,1.539,0.9145,0.7052
420.2344,211.3123,0.8218,1.533,0.9308,0.7001
421.7644,212.2511,0.8287,1.527,0.9467,0.6947
423.2884,213.2057,0.8356,1.5209,0.9625,0.6891
424.8062,214.1759,0.8425,1.5147,0.9779,0.6832
426.3178,215.1614,0.8493,1.5085,0.993,0.6771
427.8231,216.1619,0.8561,1.5021,1.0079,0.6708
429.3221,217.177,0.8627,1.4957,1.0223,0.6643
430.8146,218.2065,0.8693,1.4893,1.0364,0.6576
432.3006,219.2498,0.8759,1.4827,1.0502,0.6507
433.78,220.3067,0.8824,1.4761,1.0636,0.6436
435.2528,221.3769,0.8888,1.4695,1.0766,0.6363
436.7189,222.4598,0.8951,1.4627,1.0892,0.6288
438.1783,223.5553,0.9013,1.456,1.1015,0.6211
439.6309,224.6627,0.9075,1.4492,1.1134,0.6133
441.0766,225.7819,0.9136,1.4423,1.1249,0.6053
442.5155,226.9124,0.9196,1.4355,1.136,0.5972
443.9475,228.0539,0.9255,1.4286,1.1468,0.589
445.3727,229.2059,0.9314,1.4217,1.1572,0.5806
446.7909,230.3682,0.9371,1.4148,1.1673,0.572
448.2022,231.5405,0.9428,1.4078,1.1771,0.5634
449.6066,232.7223,0.9484,1.4009,1.1866,0.5547
451.0041,233.9135,0.9539,1.3941,1.1957,0.5459
452.3947,235.1137,0.9593,1.3872,1.2046,0.5369
453.7785,236.3226,0.9647,1.3804,1.2132,0.528
455.1555,237.54,0.9699,1.3736,1.2216,0.5189
456.5257,238.7658,0.975,1.3669,1.2298,0.5098
457.8892,239.9996,0.9801,1.3602,1.2378,0.5006
459.2461,241.2413,0.985,1.3536,1.2456,0.4914
460.5964,242.4907,0.9899,1.347,1.2533,0.4822
461.9401,243.7478,0.9947,1.3405,1.2608,0.473
463.2774,245.0124,0.9994,1.3341,1.2683,0.4637
464.6084,246.2844,1.004,1.3278,1.2757,0.4544
465.933,247.5637,1.0085,1.3215,1.283,0.4452
467.2515,248.8503,1.0129,1.3154,1.2903,0.4359
468.5638,250.1442,1.0172,1.3093,1.2976,0.4267
469.87,251.4454,1.0214,1.3033,1.3048,0.4174
471.1703,252.7539,1.0255,1.2973,1.3122,0.4082
472.4647,254.0698,1.0296,1.2914,1.3195,0.399
472.971,254.5881,1.0311,1.2892,1.3224,0.3954
474.2572,255.9143,1.035,1.2834,1.3299,0.3862
475.5377,257.2479,1.0389,1.2776,1.3375,0.3771
476.8125,258.5892,1.0426,1.2719,1.3452,0.3681
478.0816,259.9383,1.0462,1.2663,1.353,0.3591
479.345,261.2954,1.0498,1.2606,1.3611,0.3502
480.6027,262.6606,1.0532,1.2549,1.3694,0.3413
481.8548,264.0343,1.0566,1.2492,1.3779,0.3326
483.1012,265.4166,1.0599,1.2435,1.3867,0.324
484.3417,266.8078,1.0631,1.2376,1.3958,0.3155
485.5764,268.2082,1.0662,1.2317,1.4051,0.307
486.8051,269.618,1.0692,1.2257,1.4147,0.2987
488.0277,271.0376,1.0722,1.2195,1.4245,0.2905
489.244,272.4671,1.075,1.2131,1.4346,0.2824
490.4539,273.9069,1.0778,1.2065,1.445,0.2743
491.657,275.3573,1.0805,1.1997,1.4557,0.2663
492.8532,276.8184,1.0831,1.1926,1.4665,0.2584
494.0421,278.2904,1.0857,1.1852,1.4776,0.2506
495.2235,279.7737,1.0881,1.1775,1.4889,0.2428
496.397,281.2683,1.0905,1.1694,1.5004,0.235
497.5622,282.7745,1.0928,1.1609,1.512,0.2272
498.7188,284.2924,1.0951,1.152,1.5238,0.2195
499.8661,285.8221,1.0972,1.1427,1.5356,0.2117
501.0039,287.3637,1.0993,1.1328,1.5475,0.2038
502.1316,288.9171,1.1013,1.1225,1.5594,0.196
503.2487,290.4825,1.1032,1.1116,1.5714,0.188
504.3545,292.0598,1.1051,1.1001,1.5832,0.1799
505.4486,293.649,1.1068,1.088,1.595,0.1718
506.5303,295.2498,1.1085,1.0753,1.6067,0.1635
507.599,296.8622,1.1101,1.062,1.6182,0.155
508.654,298.486,1.1116,1.048,1.6294,0.1464
509.6947,300.121,1.113,1.0333,1.6404,0.1376
510.7203,301.7668,1.1144,1.0179,1.6512,0.1285
511.7302,303.4232,1.1156,1.0017,1.6615,0.1193
512.7236,305.0898,1.1167,0.9849,1.6715,0.1097
513.6997,306.7661,1.1178,0.9673,1.681,0.0999
514.6579,308.4517,1.1187,0.949,1.6901,0.0898
515.5974,310.1461,1.1196,0.9299,1.6986,0.0794
516.5174,311.8487,1.1203,0.91,1.7066,0.0686
517.4172,313.559,1.1209,0.8894,1.7139,0.0575
518.296,315.2764,1.1215,0.8681,1.7206,0.046
519.1531,317.0001,1.1219,0.8459,1.7266,0.0341
519.9877,318.7294,1.1221,0.8231,1.7319,0.0219
520.7991,320.4637,1.1223,0.7996,1.7364,0.0092
521.5866,322.202,1.1223,0.7753,1.7401,-0.0039
522.3495,323.9437,1.1222,0.7504,1.743,-0.0175
523.0872,325.6878,1.122,0.7248,1.7451,-0.0315
523.799,327.4335,1.1216,0.6987,1.7462,-0.046
524.4843,329.1799,1.1211,0.6719,1.7465,-0.0609
525.1427,330.9261,1.1204,0.6446,1.7458,-0.0763
525.7735,332.6712,1.1195,0.6169,1.7442,-0.0922
526.3763,334.4141,1.1185,0.5887,1.7416,-0.1086
526.9507,336.1541,1.1174,0.5601,1.7381,-0.1255
527.4964,337.89,1.116,0.5312,1.7337,-0.1428
528.013,339.6211,1.1145,0.5021,1.7283,-0.1606
528.5004,341.3463,1.1128,0.4727,1.722,-0.1789
528.9314,342.9601,1.111,0.4451,1.7152,-0.1965
529.3618,344.6714,1.109,0.4157,1.7071,-0.2156
529.7628,346.3741,1.1067,0.3864,1.6982,-0.2352
530.1346,348.0674,1.1043,0.3572,1.6884,-0.2553
530.4773,349.7505,1.1016,0.3282,1.6776,-0.2759
530.7912,351.4224,1.0988,0.2996,1.6661,-0.2968
531.0766,353.0824,1.0957,0.2713,1.6537,-0.3182
531.334,354.7296,1.0924,0.2435,1.6405,-0.34
531.5638,356.3632,1.0889,0.2162,1.6267,-0.3623
531.7667,357.9826,1.0851,0.1895,1.6121,-0.3849
531.9431,359.5872,1.0812,0.1634,1.5969,-0.4079
532.0937,361.1763,1.077,0.1379,1.5812,-0.4312
532.2192,362.7495,1.0726,0.1132,1.565,-0.4549
532.3203,364.3062,1.0679,0.0892,1.5484,-0.4788
532.3978,365.8461,1.063,0.066,1.5314,-0.503
532.4526,367.369,1.0578,0.0436,1.5142,-0.5275
532.4854,368.8745,1.0524,0.0221,1.4968,-0.5522
532.4971,370.3625,1.0468,0.0015,1.4792,-0.577
532.4887,371.833,1.0409,-0.0181,1.4617,-0.602
532.4612,373.2859,1.0347,-0.0369,1.4441,-0.6271
532.4154,374.7213,1.0283,-0.0546,1.4267,-0.6522
532.3523,376.1393,1.0217,-0.0713,1.4095,-0.6775
532.273,377.5403,1.0148,-0.087,1.3925,-0.7027
532.1786,378.9244,1.0076,-0.1017,1.3758,-0.7279
532.07,380.292,1.0002,-0.1153,1.3595,-0.753
531.9483,381.6436,0.9926,-0.1278,1.3437,-0.778
531.8148,382.9796,0.9847,-0.1392,1.3284,-0.8028
531.6703,384.3006,0.9765,-0.1495,1.3137,-0.8275
531.5162,385.6072,0.9681,-0.1586,1.2995,-0.852
531.3535,386.8999,0.9595,-0.1666,1.2861,-0.8762
531.1833,388.1795,0.9506,-0.1735,1.2733,-0.9001
531.0069,389.4468,0.9415,-0.1791,1.2613,-0.9237
530.8255,390.7024,0.9321,-0.1836,1.2501,-0.9469
530.6401,391.9472,0.9226,-0.1869,1.2396,-0.9697
530.4521,393.182,0.9127,-0.189,1.23,-0.9921
530.2626,394.4076,0.9027,-0.1898,1.2213,-1.014
530.0728,395.6248,0.8925,-0.1895,1.2134,-1.0354
529.8841,396.8346,0.882,-0.1879,1.2063,-1.0563
529.6975,398.0378,0.8713,-0.1851,1.2001,-1.0766
529.5143,399.2352,0.8605,-0.181,1.1948,-1.0964
529.3359,400.4277,0.8494,-0.1757,1.1903,-1.1155
529.1633,401.6161,0.8382,-0.1691,1.1866,-1.134
528.998,402.8012,0.8267,-0.1613,1.1838,-1.1518
528.8411,403.9839,0.8151,-0.1522,1.1817,-1.1689
528.6939,405.1648,0.8034,-0.1419,1.1803,-1.1853
528.5577,406.3448,0.7914,-0.1303,1.1797,-1.201
528.4338,407.5244,0.7793,-0.1174,1.1797,-1.2159
528.3233,408.7044,0.7671,-0.1033,1.1803,-1.23
528.2276,409.8853,0.7547,-0.0879,1.1815,-1.2434
528.1479,411.0676,0.7423,-0.0713,1.1832,-1.2559
528.0854,412.2519,0.7296,-0.0534,1.1854,-1.2677
528.0415,413.4385,0.7169,-0.0343,1.1879,-1.2786
528.0173,414.6278,0.7041,-0.0139,1.1908,-1.2887
528.0141,415.8202,0.6911,0.0077,1.1939,-1.298
528.0331,417.0157,0.6781,0.0305,1.1972,-1.3065
528.0755,418.2145,0.665,0.0545,1.2006,-1.3141
528.1425,419.4168,0.6518,0.0797,1.204,-1.3209
528.2353,420.6225,0.6386,0.106,1.2074,-1.3269
528.355,421.8316,0.6253,0.1335,1.2107,-1.3321
528.5027,423.0438,0.6119,0.1621,1.2137,-1.3364
528.6796,424.2589,0.5986,0.1918,1.2165,-1.34
528.8868,425.4767,0.5851,0.2226,1.219,-1.3427
529.1252,426.6968,0.5717,0.2544,1.2211,-1.3448
529.3959,427.9187,0.5583,0.2871,1.2226,-1.346
529.6998,429.1419,0.5448,0.3209,1.2237,-1.3466
530.0379,430.3659,0.5313,0.3555,1.2241,-1.3464
530.411,431.5899,0.5179,0.391,1.2238,-1.3456
530.8201,432.8133,0.5044,0.4272,1.2229,-1.3442
531.2657,434.0353,0.491,0.4642,1.2211,-1.3421
531.7488,435.2553,0.4776,0.5019,1.2186,-1.3395
532.2698,436.4722,0.4642,0.5402,1.2152,-1.3363
532.2788,436.4923,0.464,0.5409,1.2151,-1.3363
532.839,437.7054,0.4506,0.5797,1.2109,-1.3326
533.4383,438.9138,0.4373,0.619,1.2057,-1.3285
534.0771,440.1166,0.4241,0.6587,1.1997,-1.324
534.7557,441.3129,0.4108,0.6986,1.1927,-1.3191
535.4745,442.5017,0.3977,0.7389,1.1848,-1.3139
536.2335,443.6822,0.3846,0.7792,1.1759,-1.3084
537.033,444.8533,0.3715,0.8197,1.1661,-1.3027
537.8729,446.014,0.3585,0.8602,1.1552,-1.2967
538.7533,447.1634,0.3456,0.9006,1.1434,-1.2906
539.674,448.3004,0.3327,0.9409,1.1306,-1.2843
540.635,449.4242,0.3199,0.981,1.1168,-1.2779
541.636,450.5337,0.3071,1.0209,1.102,-1.2714
542.6767,451.6278,0.2945,1.0604,1.0862,-1.2648
543.7567,452.7057,0.2819,1.0996,1.0694,-1.2583
544.8758,453.7664,0.2693,1.1384,1.0517,-1.2517
546.0333,454.8088,0.2568,1.1766,1.033,-1.2451
547.2288,455.8321,0.2444,1.2143,1.0134,-1.2386
548.4618,456.8353,0.232,1.2514,0.9928,-1.2321
549.7315,457.8174,0.2198,1.2879,0.9713,-1.2257
551.0373,458.7775,0.2075,1.3236,0.9489,-1.2194
552.3785,459.7148,0.1954,1.3586,0.9256,-1.2132
553.7543,460.6284,0.1833,1.3929,0.9014,-1.2071
555.1639,461.5173,0.1712,1.4262,0.8764,-1.2011
556.6065,462.3809,0.1592,1.4587,0.8506,-1.1952
558.0811,463.2182,0.1473,1.4903,0.8239,-1.1895
559.5868,464.0285,0.1355,1.521,0.7965,-1.184
561.1228,464.811,0.1236,1.5507,0.7684,-1.1786
562.6879,465.565,0.1119,1.5794,0.7395,-1.1733
564.2811,466.2898,0.1002,1.607,0.7099,-1.1681
565.9015,466.9847,0.0885,1.6336,0.6797,-1.1631
567.548,467.6491,0.0769,1.6591,0.6489,-1.1583
569.2194,468.2822,0.0654,1.6835,0.6174,-1.1535
570.9146,468.8837,0.0538,1.7068,0.5854,-1.1489
572.6326,469.4528,0.0424,1.729,0.5528,-1.1444
574.3723,469.9892,0.031,1.7501,0.5198,-1.1399
576.1324,470.4922,0.0196,1.77,0.4862,-1.1356
577.9118,470.9615,0.0082,1.7887,0.4523,-1.1313
579.7095,471.3966,-0.003,1.8063,0.4179,-1.1271
581.5241,471.7971,-0.0143,1.8228,0.3832,-1.1229
583.3547,472.1628,-0.0255,1.8381,0.3481,-1.1187
585.2,472.4932,-0.0367,1.8523,0.3128,-1.1146
587.0589,472.7883,-0.0478,1.8653,0.2772,-1.1104
588.9303,473.0476,-0.0589,1.8773,0.2414,-1.1062
590.8131,473.271,-0.0699,1.8881,0.2054,-1.1019
592.7061,473.4584,-0.0809,1.8978,0.1694,-1.0975
594.6083,473.6097,-0.0919,1.9064,0.1332,-1.0931
596.5186,473.7248,-0.1028,1.914,0.0969,-1.0885
598.436,473.8036,-0.1136,1.9206,0.0607,-1.0837
600.3594,473.8462,-0.1245,1.9261,0.0245,-1.0789
602.2879,473.8526,-0.1352,1.9307,-0.0116,-1.0738
604.2204,473.823,-0.1459,1.9343,-0.0476,-1.0685
606.1561,473.7574,-0.1566,1.937,-0.0835,-1.063
608.0941,473.6561,-0.1672,1.9388,-0.1191,-1.0573
610.0334,473.5193,-0.1777,1.9397,-0.1545,-1.0513
611.9732,473.3473,-0.1882,1.9398,-0.1895,-1.045
613.9128,473.1403,-0.1986,1.9392,-0.2243,-1.0385
615.8513,472.8989,-0.209,1.9378,-0.2586,-1.0316
617.7881,472.6232,-0.2193,1.9357,-0.2925,-1.0245
619.7224,472.314,-0.2295,1.9329,-0.3259,-1.017
621.6537,471.9715,-0.2396,1.9296,-0.3588,-1.0092
623.4468,471.6238,-0.249,1.9259,-0.3889,-1.0017
625.3705,471.219,-0.2589,1.9215,-0.4206,-0.9932
627.2896,470.7828,-0.2688,1.9166,-0.4516,-0.9845
629.2036,470.316,-0.2786,1.9113,-0.4819,-0.9753
631.112,469.8193,-0.2883,1.9056,-0.5114,-0.9658
633.0147,469.2935,-0.2979,1.8996,-0.5401,-0.9559
634.9111,468.7394,-0.3074,1.8933,-0.5679,-0.9456
636.8012,468.158,-0.3168,1.8868,-0.5948,-0.9348
638.6846,467.5501,-0.3261,1.8801,-0.6208,-0.9237
640.5612,466.9168,-0.3353,1.8732,-0.6458,-0.9121
642.431,466.2589,-0.3444,1.8662,-0.6697,-0.9
644.2937,465.5776,-0.3533,1.8592,-0.6927,-0.8876
646.1494,464.8739,-0.3621,1.8522,-0.7146,-0.8747
647.9981,464.1487,-0.3708,1.8452,-0.7355,-0.8614
649.8398,463.4033,-0.3794,1.8382,-0.7552,-0.8477
651.6746,462.6387,-0.3878,1.8314,-0.7739,-0.8335
653.5026,461.8559,-0.396,1.8246,-0.7914,-0.8189
655.324,461.0562,-0.4041,1.818,-0.8079,-0.804
657.1388,460.2406,-0.4121,1.8116,-0.8232,-0.7886
658.9473,459.4101,-0.4199,1.8054,-0.8374,-0.7729
660.7497,458.566,-0.4276,1.7995,-0.8506,-0.7568
662.5463,457.7093,-0.435,1.7938,-0.8626,-0.7404
664.3374,456.8411,-0.4424,1.7883,-0.8736,-0.7236
666.1231,455.9625,-0.4495,1.7832,-0.8835,-0.7065
667.9039,455.0744,-0.4565,1.7784,-0.8924,-0.6891
669.68,454.178,-0.4633,1.7739,-0.9003,-0.6715
671.4517,453.2742,-0.4699,1.7697,-0.9072,-0.6536
673.2195,452.364,-0.4764,1.7659,-0.9131,-0.6355
674.9836,451.4483,-0.4826,1.7624,-0.9182,-0.6172
676.7445,450.528,-0.4887,1.7593,-0.9223,-0.5987
678.5023,449.6039,-0.4946,1.7565,-0.9256,-0.58
680.2576,448.6769,-0.5003,1.7541,-0.9282,-0.5612
682.0106,447.7478,-0.5058,1.752,-0.93,-0.5423
683.7616,446.8172,-0.5112,1.7502,-0.9311,-0.5234
685.5111,445.8858,-0.5163,1.7487,-0.9316,-0.5043
687.2592,444.9543,-0.5212,1.7475,-0.9314,-0.4853
689.0062,444.0232,-0.526,1.7466,-0.9308,-0.4662
690.7525,443.0929,-0.5306,1.746,-0.9297,-0.4472
692.4983,442.1639,-0.5349,1.7456,-0.9282,-0.4283
694.2437,441.2367,-0.5391,1.7453,-0.9263,-0.4094
695.989,440.3115,-0.5431,1.7452,-0.9241,-0.3906
697.7342,439.3885,-0.5469,1.7452,-0.9218,-0.372
699.4794,438.468,-0.5506,1.7453,-0.9193,-0.3535
701.2248,437.55,-0.554,1.7454,-0.9167,-0.3352
702.9702,436.6347,-0.5573,1.7454,-0.914,-0.3171
703.2561,436.485,-0.5578,1.7454,-0.9136,-0.3142
705.0015,435.5727,-0.5608,1.7454,-0.911,-0.2964
706.7467,434.6629,-0.5637,1.7451,-0.9086,-0.2789
708.4917,433.7554,-0.5664,1.7447,-0.9064,-0.2616
710.2361,432.8501,-0.569,1.7441,-0.9043,-0.2447
711.9797,431.9466,-0.5713,1.7431,-0.9026,-0.2281
713.7222,431.0447,-0.5735,1.7419,-0.9013,-0.2118
715.4633,430.1439,-0.5756,1.7403,-0.9003,-0.1959
717.2026,429.2439,-0.5774,1.7383,-0.8998,-0.1803
718.9397,428.3442,-0.5792,1.7358,-0.8997,-0.1651
720.6741,427.4443,-0.5807,1.7329,-0.9002,-0.1503
722.4054,426.5436,-0.5822,1.7296,-0.9012,-0.1358
724.1331,425.6417,-0.5835,1.7257,-0.9028,-0.1218
725.8566,424.7378,-0.5846,1.7212,-0.905,-0.1081
727.5754,423.8315,-0.5856,1.7163,-0.9077,-0.0948
729.2889,422.9222,-0.5865,1.7107,-0.9111,-0.0819
730.9966,422.009,-0.5873,1.7045,-0.9152,-0.0694
732.6977,421.0916,-0.5879,1.6977,-0.9199,-0.0573
734.3917,420.1691,-0.5884,1.6903,-0.9252,-0.0455
736.078,419.241,-0.5888,1.6822,-0.9311,-0.0341
737.756,418.3067,-0.5891,1.6735,-0.9377,-0.023
739.4249,417.3654,-0.5893,1.6642,-0.9449,-0.0122
741.0841,416.4166,-0.5893,1.6542,-0.9528,-0.0018
742.7331,415.4597,-0.5893,1.6436,-0.9612,0.0083
744.3712,414.494,-0.5892,1.6324,-0.9702,0.0182
745.9978,413.5191,-0.5889,1.6206,-0.9797,0.0277
747.6123,412.5345,-0.5886,1.6082,-0.9897,0.0371
749.214,411.5395,-0.5882,1.5952,-1.0003,0.0462
750.8026,410.5338,-0.5877,1.5817,-1.0112,0.0551
752.3773,409.5169,-0.5871,1.5677,-1.0226,0.0638
753.9378,408.4885,-0.5864,1.5532,-1.0344,0.0724
755.4835,407.4481,-0.5857,1.5382,-1.0464,0.0808
757.014,406.3955,-0.5848,1.5228,-1.0588,0.0892
758.5289,405.3305,-0.5839,1.507,-1.0713,0.0974
760.028,404.2528,-0.5829,1.491,-1.0841,0.1056
761.5108,403.1623,-0.5818,1.4746,-1.0969,0.1138
762.9771,402.0589,-0.5806,1.458,-1.1098,0.122
764.4268,400.9426,-0.5793,1.4413,-1.1227,0.1303
765.8596,399.8134,-0.578,1.4244,-1.1356,0.1386
767.2756,398.6715,-0.5765,1.4076,-1.1483,0.147
767.5127,398.4777,-0.5763,1.4047,-1.1504,0.1484
768.909,397.321,-0.5748,1.3879,-1.1629,0.157
770.2885,396.1519,-0.5732,1.3711,-1.1752,0.1657
771.6513,394.9707,-0.5715,1.3546,-1.1871,0.1747
772.9977,393.7778,-0.5697,1.3383,-1.1987,0.1838
774.3281,392.5735,-0.5678,1.3224,-1.2098,0.1933
775.6428,391.3583,-0.5658,1.307,-1.2205,0.2031
776.9423,390.1327,-0.5637,1.2921,-1.2306,0.2132
778.2271,388.8973,-0.5615,1.2777,-1.2402,0.2237
779.4979,387.6525,-0.5592,1.264,-1.2492,0.2346
780.7553,386.3991,-0.5568,1.251,-1.2576,0.2459
782.0002,385.1376,-0.5543,1.2388,-1.2653,0.2576
783.2333,383.8688,-0.5517,1.2275,-1.2723,0.2698
784.4555,382.5933,-0.5489,1.217,-1.2785,0.2823
785.6677,381.3119,-0.546,1.2075,-1.2841,0.2953
786.8709,380.0254,-0.543,1.199,-1.2888,0.3088
788.0661,378.7346,-0.5399,1.1916,-1.2928,0.3227
789.2544,377.4402,-0.5366,1.1852,-1.2959,0.337
790.4369,376.143,-0.5331,1.18,-1.2982,0.3517
791.6148,374.844,-0.5295,1.1759,-1.2997,0.3668
792.7891,373.5439,-0.5258,1.173,-1.3003,0.3822
793.9611,372.2437,-0.5219,1.1713,-1.3,0.398
795.1321,370.9441,-0.5178,1.1708,-1.2989,0.4142
796.3032,369.6461,-0.5136,1.1716,-1.2969,0.4306
797.4756,368.3506,-0.5092,1.1735,-1.294,0.4472
798.6507,367.0584,-0.5046,1.1768,-1.2902,0.4641
799.8296,365.7705,-0.4999,1.1813,-1.2855,0.4812
801.0136,364.4876,-0.495,1.187,-1.28,0.4984
802.2039,363.2108,-0.49,1.1939,-1.2736,0.5157
803.4018,361.9408,-0.4847,1.202,-1.2662,0.5331
804.6084,360.6786,-0.4793,1.2114,-1.258,0.5504
805.8249,359.425,-0.4737,1.2219,-1.249,0.5677
807.0525,358.1809,-0.4679,1.2335,-1.2391,0.5848
808.2923,356.9471,-0.462,1.2462,-1.2283,0.6018
809.5453,355.7245,-0.4559,1.26,-1.2168,0.6186
810.8125,354.5138,-0.4496,1.2747,-1.2044,0.6351
812.0951,353.3159,-0.4432,1.2905,-1.1912,0.6513
813.3938,352.1317,-0.4366,1.3072,-1.1773,0.6671
814.7097,350.9617,-0.4299,1.3247,-1.1625,0.6824
816.0435,349.8068,-0.423,1.343,-1.1471,0.6972
817.3959,348.6678,-0.4159,1.3621,-1.1309,0.7115
818.7678,347.5453,-0.4087,1.3818,-1.114,0.7251
820.1597,346.4399,-0.4014,1.4021,-1.0965,0.7381
821.5722,345.3525,-0.394,1.423,-1.0783,0.7503
823.0058,344.2835,-0.3864,1.4443,-1.0596,0.7617
824.4608,343.2335,-0.3787,1.466,-1.0402,0.7723
825.9378,342.2033,-0.371,1.4879,-1.0203,0.782
827.4368,341.1931,-0.3631,1.5101,-0.9999,0.7909
828.9581,340.2037,-0.3552,1.5325,-0.979,0.7987
830.5018,339.2354,-0.3471,1.5549,-0.9576,0.8056
832.0678,338.2886,-0.339,1.5772,-0.9358,0.8114
832.8695,337.8175,-0.3349,1.5885,-0.9247,0.8139
834.4691,336.9039,-0.3268,1.6107,-0.9024,0.8182
836.0907,336.0128,-0.3186,1.6325,-0.8798,0.8213
837.7339,335.1443,-0.3103,1.6539,-0.8571,0.8233
839.3983,334.2987,-0.3021,1.6747,-0.8341,0.8241
841.0832,333.4761,-0.2939,1.6949,-0.8111,0.8237
842.7879,332.6765,-0.2856,1.7143,-0.7881,0.8221
844.5116,331.8999,-0.2774,1.7329,-0.7651,0.8192
846.2534,331.1463,-0.2693,1.7506,-0.7422,0.815
848.0124,330.4155,-0.2611,1.7673,-0.7194,0.8095
849.7876,329.7075,-0.2531,1.7829,-0.6968,0.8026
851.5779,329.0219,-0.2451,1.7976,-0.6744,0.7945
853.3824,328.3586,-0.2372,1.8112,-0.6523,0.785
855.1999,327.7173,-0.2294,1.8237,-0.6305,0.7742
857.0294,327.0975,-0.2217,1.8352,-0.609,0.7621
858.8699,326.4991,-0.2142,1.8457,-0.588,0.7487
860.7204,325.9215,-0.2067,1.8552,-0.5673,0.734
862.5799,325.3644,-0.1995,1.8637,-0.5471,0.7181
864.4476,324.8272,-0.1924,1.8714,-0.5273,0.7009
866.3225,324.3097,-0.1855,1.8783,-0.508,0.6825
868.2038,323.8111,-0.1787,1.8844,-0.4892,0.663
870.091,323.3311,-0.1722,1.8899,-0.4709,0.6423
871.9834,322.8691,-0.1659,1.8948,-0.4532,0.6205
873.8804,322.4245,-0.1598,1.8992,-0.436,0.5976
875.7817,321.9969,-0.1539,1.9033,-0.4193,0.5738
877.6869,321.5856,-0.1483,1.9071,-0.4033,0.549
879.5958,321.1902,-0.143,1.9106,-0.3877,0.5233
881.5082,320.81,-0.1379,1.9141,-0.3728,0.4968
883.424,320.4444,-0.133,1.9176,-0.3584,0.4695
885.3433,320.093,-0.1285,1.9211,-0.3445,0.4415
887.2662,319.7552,-0.1242,1.9247,-0.3313,0.4129
889.1928,319.4303,-0.1202,1.9285,-0.3185,0.3836
891.1233,319.1179,-0.1165,1.9326,-0.3064,0.3539
893.0581,318.8174,-0.1131,1.9369,-0.2947,0.3238
894.9972,318.5283,-0.1101,1.9414,-0.2836,0.2933
896.941,318.25,-0.1073,1.9462,-0.2731,0.2625
898.8897,317.9819,-0.1048,1.9512,-0.263,0.2315
900.8434,317.7237,-0.1026,1.9563,-0.2535,0.2004
902.8022,317.4748,-0.1008,1.9614,-0.2444,0.1693
904.7661,317.2347,-0.0993,1.9663,-0.2359,0.1381
906.6999,317.0069,-0.0981,1.9709,-0.228,0.1076
908.6729,316.7828,-0.0971,1.975,-0.2204,0.0768
910.6498,316.566,-0.0965,1.9787,-0.2132,0.0461
912.6301,316.3563,-0.0962,1.9818,-0.2064,0.0158
914.6133,316.1531,-0.0962,1.9845,-0.2,-0.0142
916.599,315.9562,-0.0965,1.9868,-0.1939,-0.0437
918.5867,315.7653,-0.0971,1.9886,-0.1881,-0.0727
920.576,315.58,-0.0979,1.9899,-0.1825,-0.101
922.5664,315.4002,-0.0991,1.9908,-0.1772,-0.1288
924.5574,315.2256,-0.1005,1.9912,-0.172,-0.1558
926.5487,315.0561,-0.1022,1.9912,-0.1671,-0.182
928.5397,314.8915,-0.1042,1.9907,-0.1622,-0.2073
930.53,314.7316,-0.1063,1.9898,-0.1575,-0.2316
932.5191,314.5763,-0.1088,1.9883,-0.153,-0.255
934.5065,314.4256,-0.1114,1.9864,-0.1485,-0.2773
936.4917,314.2794,-0.1143,1.984,-0.144,-0.2985
938.4744,314.1376,-0.1174,1.9812,-0.1396,-0.3186
940.4539,314.0001,-0.1207,1.9778,-0.1353,-0.3374
942.4298,313.867,-0.1242,1.974,-0.1309,-0.3549
944.4017,313.7382,-0.1278,1.9697,-0.1266,-0.3712
946.369,313.6138,-0.1316,1.9649,-0.1223,-0.3861
948.3313,313.4937,-0.1355,1.9597,-0.1179,-0.3997
950.2882,313.378,-0.1396,1.954,-0.1135,-0.4119
952.2391,313.2667,-0.1437,1.9479,-0.109,-0.4227
954.1838,313.1599,-0.148,1.9414,-0.1045,-0.432
956.1218,313.0577,-0.1524,1.9346,-0.1,-0.44
958.0528,312.96,-0.1568,1.9274,-0.0953,-0.4465
959.9765,312.8671,-0.1613,1.9199,-0.0906,-0.4515
961.8925,312.7789,-0.1658,1.9121,-0.0857,-0.4552
963.8006,312.6956,-0.1704,1.9041,-0.0808,-0.4575
965.7006,312.6173,-0.175,1.8959,-0.0758,-0.4583
967.5923,312.5441,-0.1796,1.8875,-0.0707,-0.4578
969.4755,312.476,-0.1841,1.879,-0.0654,-0.456
971.3503,312.4133,-0.1887,1.8705,-0.06,-0.4529
973.2166,312.356,-0.1932,1.862,-0.0545,-0.4485
975.0743,312.3043,-0.1976,1.8535,-0.0489,-0.4429
976.9236,312.2582,-0.202,1.8451,-0.0432,-0.4362
978.7646,312.2179,-0.2064,1.8369,-0.0374,-0.4283
980.5974,312.1835,-0.2106,1.8288,-0.0314,-0.4194
982.4222,312.1552,-0.2147,1.821,-0.0253,-0.4095
984.2394,312.133,-0.2188,1.8134,-0.0191,-0.3987
986.0492,312.117,-0.2227,1.8062,-0.0128,-0.3871
987.8519,312.1074,-0.2265,1.7993,-0.0064,-0.3746
989.6479,312.1043,-0.2302,1.7929,0.0001,-0.3615
991.4377,312.1077,-0.2338,1.7868,0.0067,-0.3477
993.2217,312.1177,-0.2372,1.7812,0.0133,-0.3333
995.0003,312.1343,-0.2404,1.7761,0.02,-0.3185
996.774,312.1577,-0.2435,1.7714,0.0267,-0.3033
998.5432,312.1877,-0.2465,1.7672,0.0334,-0.2878
1000.3085,312.2245,-0.2493,1.7634,0.0402,-0.2721
1002.0702,312.2681,-0.2519,1.76,0.0469,-0.2562
1003.8287,312.3183,-0.2544,1.757,0.0535,-0.2403
1005.5843,312.3751,-0.2567,1.7544,0.0601,-0.2243
1007.3375,312.4383,-0.2589,1.7519,0.0665,-0.2085
1009.0883,312.508,-0.2609,1.7497,0.0727,-0.1928
1010.8369,312.5838,-0.2628,1.7475,0.0788,-0.1773
1011.2567,312.6029,-0.2632,1.7469,0.0802,-0.1736
1013.0025,312.686,-0.2648,1.7446,0.086,-0.1585
1014.7459,312.7747,-0.2663,1.7423,0.0914,-0.1437
1016.487,312.8687,-0.2677,1.7399,0.0965,-0.1293
1018.2258,312.9676,-0.2689,1.7376,0.1012,-0.1153
1019.9622,313.0709,-0.27,1.7353,0.1054,-0.1018
1021.6963,313.1782,-0.271,1.733,0.109,-0.0888
1023.4283,313.2888,-0.2718,1.7309,0.1121,-0.0764
1025.1581,313.4021,-0.2725,1.7288,0.1145,-0.0646
1026.8859,313.5175,-0.2731,1.7269,0.1162,-0.0535
1028.6119,313.6342,-0.2736,1.7251,0.1171,-0.043
1030.3361,313.7515,-0.274,1.7234,0.1173,-0.0332
1032.0588,313.8685,-0.2742,1.7219,0.1165,-0.0242
1033.7799,313.9843,-0.2744,1.7204,0.1149,-0.0159
1035.4997,314.098,-0.2746,1.7192,0.1123,-0.0084
1037.2183,314.2086,-0.2746,1.718,0.1087,-0.0018
1038.9358,314.3151,-0.2746,1.717,0.1041,0.0041
1040.6524,314.4164,-0.2745,1.7161,0.0984,0.0091
1042.3681,314.5114,-0.2744,1.7154,0.0915,0.0132
1044.0831,314.5991,-0.2743,1.7147,0.0835,0.0165
1045.7976,314.6781,-0.2741,1.7141,0.0744,0.0189
1047.5115,314.7475,-0.2739,1.7137,0.0641,0.0204
1049.2249,314.8058,-0.2737,1.7133,0.0525,0.0211
1050.938,314.8521,-0.2735,1.713,0.0397,0.0209
1052.6509,314.8849,-0.2733,1.7127,0.0257,0.0198
1054.3635,314.9031,-0.2731,1.7125,0.0105,0.0179
1056.0759,314.9054,-0.2729,1.7123,-0.006,0.0152
1057.7882,314.8907,-0.2728,1.7122,-0.0237,0.0117
1059.5003,314.8576,-0.2727,1.712,-0.0426,0.0074
1061.2122,314.805,-0.2726,1.7119,-0.0627,0.0024
1062.924,314.7318,-0.2726,1.7117,-0.084,-0.0034
1064.6355,314.6366,-0.2727,1.7114,-0.1064,-0.0098
1066.3467,314.5185,-0.2728,1.711,-0.13,-0.0168
1068.0575,314.3763,-0.273,1.7106,-0.1546,-0.0244
1069.7679,314.209,-0.2733,1.71,-0.1802,-0.0326
1071.4775,314.0156,-0.2737,1.7092,-0.2068,-0.0412
1073.1862,313.7951,-0.2742,1.7082,-0.2343,-0.0502
1074.8939,313.5467,-0.2747,1.707,-0.2626,-0.0596
1076.6002,313.2696,-0.2753,1.7055,-0.2917,-0.0693
1078.3048,312.963,-0.2761,1.7036,-0.3215,-0.0792
1080.0073,312.6263,-0.2769,1.7013,-0.352,-0.0892
1081.7072,312.2589,-0.2779,1.6986,-0.3829,-0.0992
1083.4042,311.8603,-0.2789,1.6953,-0.4143,-0.1093
1085.0975,311.4303,-0.2801,1.6913,-0.4459,-0.1192
1086.7866,310.9684,-0.2813,1.6867,-0.4778,-0.1289
1088.4706,310.4746,-0.2826,1.6812,-0.5098,-0.1383
1090.0571,309.9784,-0.284,1.6752,-0.54,-0.1468
1091.7287,309.4224,-0.2855,1.6679,-0.5719,-0.1554
1093.3926,308.8347,-0.2871,1.6596,-0.6035,-0.1633
1095.0475,308.2156,-0.2888,1.6502,-0.6346,-0.1705
1096.6927,307.5656,-0.2905,1.6398,-0.6653,-0.1769
1098.3269,306.8852,-0.2923,1.6285,-0.6954,-0.1824
1099.9493,306.1749,-0.2941,1.6161,-0.7249,-0.187
1101.5588,305.4357,-0.296,1.6028,-0.7535,-0.1905
1103.1545,304.6681,-0.2979,1.5885,-0.7814,-0.1929
1104.7354,303.8732,-0.2999,1.5732,-0.8083,-0.1942
1106.3007,303.0519,-0.3018,1.5571,-0.8343,-0.1942
1107.8493,302.205,-0.3038,1.5401,-0.8592,-0.193
1109.3805,301.3337,-0.3057,1.5221,-0.8832,-0.1905
1110.8933,300.4391,-0.3076,1.5034,-0.906,-0.1866
1112.387,299.5221,-0.3094,1.4838,-0.9277,-0.1814
1113.8607,298.584,-0.3112,1.4635,-0.9483,-0.1748
1115.3137,297.6259,-0.3129,1.4423,-0.9677,-0.1667
1116.7451,296.6489,-0.3145,1.4205,-0.986,-0.1572
1118.1544,295.6543,-0.316,1.398,-1.0031,-0.1462
1119.5408,294.6431,-0.3174,1.3748,-1.019,-0.1338
1120.9037,293.6167,-0.3187,1.3509,-1.0337,-0.1199
1122.2425,292.576,-0.3198,1.3265,-1.0473,-0.1046
1123.5566,291.5224,-0.3208,1.3016,-1.0597,-0.0878
1124.8455,290.4569,-0.3216,1.2761,-1.071,-0.0696
1126.1086,289.3807,-0.3222,1.2501,-1.0812,-0.0499
1127.3456,288.2949,-0.3226,1.2237,-1.0903,-0.0288
1128.556,287.2005,-0.3228,1.1969,-1.0983,-0.0064
1129.7394,286.0987,-0.3227,1.1698,-1.1052,0.0175
1130.8954,284.9905,-0.3224,1.1423,-1.1111,0.0426
1132.0238,283.8768,-0.3218,1.1145,-1.1161,0.069
1133.1243,282.7586,-0.321,1.0865,-1.1201,0.0967
1134.1967,281.6369,-0.3199,1.0582,-1.1232,0.1256
1135.2408,280.5125,-0.3185,1.0298,-1.1254,0.1557
1136.2563,279.3863,-0.3168,1.0013,-1.1269,0.1869
1137.2433,278.259,-0.3148,0.9726,-1.1275,0.2192
1138.2015,277.1315,-0.3124,0.9439,-1.1274,0.2525
1139.1311,276.0045,-0.3097,0.9152,-1.1266,0.2868
1140.0319,274.8786,-0.3067,0.8865,-1.1251,0.322
1140.9041,273.7545,-0.3033,0.8578,-1.123,0.358
1141.7476,272.6327,-0.2995,0.8292,-1.1204,0.3948
1142.5626,271.5138,-0.2954,0.8008,-1.1173,0.4323
1143.3492,270.3983,-0.2909,0.7725,-1.1137,0.4705
1144.1076,269.2866,-0.286,0.7444,-1.1097,0.5093
1144.838,268.1791,-0.2807,0.7165,-1.1053,0.5486
1145.5406,267.0761,-0.275,0.6888,-1.1006,0.5883
1146.2157,265.978,-0.2689,0.6614,-1.0956,0.6284
1146.8635,264.885,-0.2624,0.6344,-1.0904,0.6688
1147.4845,263.7973,-0.2555,0.6076,-1.085,0.7095
1148.0789,262.7151,-0.2482,0.5813,-1.0794,0.7503
1148.6472,261.6386,-0.2405,0.5553,-1.0737,0.7911
1149.1897,260.5677,-0.2324,0.5298,-1.068,0.832
1149.7069,259.5025,-0.2239,0.5046,-1.0623,0.8728
1150.1992,258.4431,-0.2149,0.48,-1.0566,0.9134
1150.667,257.3894,-0.2056,0.4558,-1.0509,0.9538
1151.111,256.3413,-0.1959,0.4321,-1.0453,0.9938
1151.5315,255.2987,-0.1857,0.409,-1.0399,1.0335
1151.9291,254.2615,-0.1752,0.3864,-1.0346,1.0727
1152.3044,253.2295,-0.1643,0.3643,-1.0295,1.1113
1152.6578,252.2024,-0.153,0.3428,-1.0246,1.1493
1152.9901,251.1801,-0.1413,0.3218,-1.02,1.1866
1153.3017,250.1623,-0.1293,0.3015,-1.0157,1.2231
1153.5933,249.1486,-0.1168,0.2817,-1.0116,1.2588
1153.8654,248.1389,-0.1041,0.2626,-1.0079,1.2935
1154.1186,247.1327,-0.091,0.244,-1.0046,1.3273
1154.3536,246.1296,-0.0775,0.2261,-1.0015,1.3599
1154.571,245.1294,-0.0638,0.2088,-0.9989,1.3915
1154.7714,244.1317,-0.0497,0.1921,-0.9967,1.4218
1154.9553,243.136,-0.0353,0.176,-0.9948,1.4508
1155.1235,242.1419,-0.0207,0.1605,-0.9934,1.4785
1155.2765,241.1491,-0.0058,0.1456,-0.9924,1.5048
1155.4149,240.1571,0.0094,0.1313,-0.9918,1.5297
1155.5393,239.1655,0.0248,0.1176,-0.9916,1.553
1155.6503,238.1738,0.0404,0.1045,-0.9918,1.5747
1155.7485,237.1817,0.0563,0.092,-0.9925,1.5949
1155.8345,236.1886,0.0723,0.08,-0.9936,1.6134
1155.9087,235.1943,0.0886,0.0686,-0.9951,1.6301
1155.9718,234.1983,0.1049,0.0577,-0.997,1.6451
1156.0242,233.2001,0.1215,0.0473,-0.9993,1.6583
1156.0665,232.1995,0.1381,0.0374,-1.002,1.6697
1156.0991,231.1959,0.1548,0.0279,-1.0051,1.6793
1156.1225,230.1892,0.1717,0.0189,-1.0085,1.6869
1156.137,229.1788,0.1886,0.0103,-1.0123,1.6927
1156.1433,228.1645,0.2055,0.0021,-1.0163,1.6965
1156.1415,227.146,0.2225,-0.0057,-1.0207,1.6984
1156.132,226.123,0.2395,-0.0132,-1.0254,1.6984
1156.1152,225.0952,0.2565,-0.0203,-1.0302,1.6964
1156.0914,224.0624,0.2734,-0.0273,-1.0354,1.6925
1156.0608,223.0244,0.2903,-0.0339,-1.0407,1.6867
1156.0236,221.981,0.3071,-0.0404,-1.0461,1.6789
1155.98,220.9321,0.3239,-0.0467,-1.0517,1.6692
1155.9302,219.8776,0.3405,-0.0529,-1.0574,1.6577
1155.8884,219.0743,0.353,-0.0575,-1.0618,1.6477
1155.8278,218.0096,0.3694,-0.0636,-1.0676,1.6329
1155.7612,216.939,0.3857,-0.0695,-1.0736,1.6163
1155.6888,215.8623,0.4018,-0.0753,-1.0797,1.5979
1155.6107,214.7794,0.4176,-0.0808,-1.0861,1.5778
1155.5274,213.69,0.4333,-0.086,-1.0928,1.5559
1155.4389,212.5937,0.4488,-0.0908,-1.0998,1.5325
1155.3458,211.4903,0.464,-0.0953,-1.1071,1.5074
1155.2484,210.3795,0.4789,-0.0994,-1.1146,1.4808
1155.1471,209.261,0.4936,-0.1031,-1.1225,1.4527
1155.0424,208.1344,0.508,-0.1063,-1.1306,1.4233
1154.9347,206.9997,0.522,-0.109,-1.1389,1.3925
1154.8244,205.8565,0.5358,-0.1113,-1.1475,1.3605
1154.7122,204.7047,0.5492,-0.1131,-1.1561,1.3274
1154.5984,203.5442,0.5623,-0.1144,-1.1649,1.2931
1154.4836,202.375,0.5751,-0.1152,-1.1736,1.258
1154.3681,201.197,0.5875,-0.1156,-1.1823,1.2219
1154.2526,200.0104,0.5995,-0.1154,-1.1909,1.1851
1154.1374,198.8153,0.6112,-0.1148,-1.1992,1.1475
1154.0231,197.612,0.6225,-0.1138,-1.2074,1.1094
1153.91,196.4007,0.6334,-0.1123,-1.2151,1.0708
1153.7986,195.1819,0.6439,-0.1104,-1.2224,1.0318
1153.6892,193.956,0.654,-0.1082,-1.2293,0.9925
1153.5824,192.7236,0.6637,-0.1055,-1.2355,0.953
1153.4783,191.4852,0.6731,-0.1025,-1.2411,0.9133
1153.3774,190.2417,0.682,-0.0992,-1.2459,0.8737
1153.28,188.9936,0.6906,-0.0956,-1.2499,0.8341
1153.1863,187.7421,0.6987,-0.0917,-1.2531,0.7946
1153.0966,186.4878,0.7064,-0.0876,-1.2553,0.7555
1153.0112,185.2319,0.7138,-0.0832,-1.2564,0.7166
1152.9302,183.9753,0.7208,-0.0787,-1.2565,0.6782
1152.8538,182.7193,0.7274,-0.074,-1.2554,0.6403
1152.7822,181.4649,0.7336,-0.0692,-1.2532,0.6029
1152.7154,180.2134,0.7394,-0.0643,-1.2496,0.5662
1152.6537,178.966,0.7449,-0.0593,-1.2448,0.5302
1152.5969,177.7241,0.75,-0.0542,-1.2387,0.495
1152.5452,176.489,0.7548,-0.0492,-1.2312,0.4606
1152.4986,175.2622,0.7593,-0.0441,-1.2223,0.4272
1152.457,174.0449,0.7634,-0.0391,-1.212,0.3947
1152.4204,172.8386,0.7672,-0.0341,-1.2003,0.3632
1152.3888,171.6447,0.7706,-0.0292,-1.1872,0.3327
1152.362,170.4647,0.7738,-0.0244,-1.1726,0.3034
1152.34,169.3,0.7767,-0.0197,-1.1566,0.2752
1152.3226,168.152,0.7793,-0.0152,-1.1391,0.2481
1152.3096,167.0222,0.7817,-0.0108,-1.1203,0.2223
1152.3009,165.9119,0.7838,-0.0066,-1.1001,0.1976
1152.2964,164.8226,0.7856,-0.0026,-1.0785,0.1743
1152.2957,163.7554,0.7873,0.0012,-1.0556,0.1521
1152.2988,162.7118,0.7887,0.0048,-1.0315,0.1312
1152.3053,161.6929,0.7899,0.0082,-1.0061,0.1116
1152.315,160.6999,0.7909,0.0113,-0.9796,0.0932
1152.3278,159.7341,0.7918,0.0142,-0.952,0.0761
1152.3433,158.7963,0.7924,0.0168,-0.9233,0.0603
1152.3612,157.8877,0.793,0.0191,-0.8937,0.0457
1152.3814,157.0092,0.7934,0.0212,-0.8633,0.0323
1152.4036,156.1615,0.7936,0.0231,-0.832,0.0201
1152.4275,155.3454,0.7938,0.0246,-0.8,0.0091
1152.4528,154.5617,0.7938,0.026,-0.7675,-0.0007
1152.4793,153.8107,0.7937,0.027,-0.7344,-0.0094
1152.5067,153.093,0.7936,0.0278,-0.7009,-0.0171
1152.5349,152.409,0.7934,0.0284,-0.6671,-0.0237
1152.5634,151.7589,0.7931,0.0287,-0.6331,-0.0293
1152.5922,151.1429,0.7928,0.0288,-0.599,-0.034
1152.621,150.5609,0.7925,0.0287,-0.565,-0.0378
1152.6496,150.0129,0.7921,0.0284,-0.5311,-0.0407
1152.6777,149.4987,0.7917,0.0279,-0.4974,-0.0428
1152.7053,149.018,0.7912,0.0272,-0.4641,-0.0442
1152.7321,148.5703,0.7908,0.0264,-0.4313,-0.0449
1152.758,148.1552,0.7903,0.0254,-0.3991,-0.045
1152.7828,147.772,0.7899,0.0243,-0.3676,-0.0445
1152.8064,147.4198,0.7894,0.023,-0.3369,-0.0435
1152.8288,147.098,0.789,0.0217,-0.3071,-0.042
1152.8498,146.8054,0.7886,0.0203,-0.2783,-0.0402
1152.8694,146.541,0.7882,0.0188,-0.2506,-0.0381
1152.8875,146.3037,0.7878,0.0173,-0.2242,-0.0356
1152.904,146.0922,0.7875,0.0158,-0.199,-0.033
1152.9191,145.9052,0.7872,0.0143,-0.1752,-0.0302
1152.9326,145.7413,0.7869,0.0128,-0.1529,-0.0274
1152.9447,145.5989,0.7866,0.0113,-0.132,-0.0245
1152.9553,145.4767,0.7864,0.0099,-0.1127,-0.0216
1152.9645,145.373,0.7862,0.0085,-0.095,-0.0188
1152.9723,145.2862,0.786,0.0072,-0.0789,-0.016
1152.9789,145.2147,0.7859,0.006,-0.0644,-0.0134
1152.9844,145.1569,0.7858,0.0049,-0.0515,-0.011
1152.9888,145.1112,0.7857,0.0039,-0.0403,-0.0088
1152.9923,145.0759,0.7856,0.003,-0.0306,-0.0069
1152.9949,145.0494,0.7855,0.0023,-0.0225,-0.0052
1152.9968,145.0304,0.7855,0.0016,-0.0158,-0.0037
1152.9982,145.0174,0.7854,0.0011,-0.0105,-0.0025
1152.999,145.009,0.7854,0.0007,-0.0065,-0.0016
1152.9996,145.004,0.7854,0.0004,-0.0036,-0.0009
1152.9998,145.0015,0.7854,0.0002,-0.0017,-0.0004
1153,145.0004,0.7854,0.0001,-0.0006,-0.0002
1153,145,0.7854,0,-0.0001,-0
1153,145,0.7854,0,-0,-0
