200.0463,281.9806,1.5685,0.0002,0.0078,-0.0009
200.0465,281.9884,1.5685,0.0002,0.0079,-0.0009
200.0467,281.9967,1.5685,0.0002,0.0087,-0.001
200.0469,282.0063,1.5685,0.0002,0.0108,-0.0013
200.0471,282.0189,1.5685,0.0003,0.0148,-0.0017
200.0475,282.0366,1.5685,0.0004,0.0209,-0.0025
200.048,282.0616,1.5684,0.0005,0.0296,-0.0036
200.0486,282.0968,1.5684,0.0007,0.0413,-0.0051
200.0494,282.1452,1.5683,0.001,0.056,-0.0069
200.0505,282.2099,1.5683,0.0012,0.0739,-0.0092
200.0519,282.2942,1.5682,0.0016,0.0953,-0.012
200.0536,282.4015,1.568,0.0019,0.12,-0.0153
200.0558,282.5353,1.5678,0.0023,0.1481,-0.019
200.0583,282.6988,1.5676,0.0028,0.1795,-0.0233
200.0613,282.8954,1.5674,0.0033,0.2143,-0.028
200.0649,283.1284,1.5671,0.0038,0.2522,-0.0333
200.0689,283.4008,1.5667,0.0043,0.2931,-0.039
200.0735,283.7155,1.5663,0.0049,0.3368,-0.0452
200.0786,284.0753,1.5658,0.0054,0.3832,-0.052
200.0843,284.4827,1.5652,0.006,0.432,-0.0592
200.0905,284.94,1.5646,0.0065,0.4829,-0.0668
200.0974,285.4492,1.5639,0.0071,0.5358,-0.0749
200.1047,286.0122,1.5631,0.0076,0.5904,-0.0834
200.1126,286.6304,1.5622,0.0081,0.6463,-0.0923
200.1209,287.3051,1.5613,0.0086,0.7033,-0.1016
200.1298,288.0373,1.5602,0.009,0.7612,-0.1113
200.139,288.8278,1.559,0.0094,0.8197,-0.1213
200.1485,289.6768,1.5578,0.0097,0.8784,-0.1316
200.1584,290.5845,1.5564,0.01,0.9371,-0.1422
200.1685,291.5508,1.5549,0.0102,0.9955,-0.1531
200.1787,292.5754,1.5533,0.0103,1.0534,-0.1643
200.189,293.6575,1.5517,0.0103,1.1106,-0.1756
200.1993,294.7962,1.5498,0.0102,1.1667,-0.1872
200.2095,295.9903,1.5479,0.0101,1.2215,-0.199
200.2194,297.2386,1.5459,0.0098,1.2748,-0.2109
200.2291,298.5394,1.5437,0.0094,1.3265,-0.223
200.2383,299.891,1.5414,0.009,1.3763,-0.2353
200.2469,301.2913,1.539,0.0084,1.424,-0.2476
200.255,302.7383,1.5364,0.0076,1.4695,-0.26
200.2622,304.2296,1.5338,0.0068,1.5127,-0.2726
200.2685,305.7629,1.531,0.0058,1.5534,-0.2852
200.2738,307.3356,1.5281,0.0047,1.5915,-0.2978
200.2779,308.945,1.525,0.0035,1.6269,-0.3106
200.2759,309.0974,1.5247,0.0033,1.6318,-0.3125
200.2785,310.7455,1.5215,0.0019,1.664,-0.3253
200.2797,312.4244,1.5182,0.0004,1.6934,-0.3381
200.2793,314.1314,1.5147,-0.0012,1.72,-0.3509
200.2772,315.8636,1.5111,-0.003,1.7439,-0.3637
200.2732,317.6182,1.5074,-0.0049,1.7649,-0.3765
200.2674,319.3925,1.5036,-0.0068,1.7832,-0.3893
200.2595,321.1837,1.4996,-0.0089,1.7988,-0.4021
200.2495,322.9892,1.4956,-0.0111,1.8117,-0.4149
200.2372,324.8062,1.4914,-0.0134,1.822,-0.4276
200.2227,326.6322,1.487,-0.0157,1.8297,-0.4403
200.2058,328.4647,1.4825,-0.0182,1.8349,-0.453
200.1863,330.3013,1.478,-0.0207,1.8378,-0.4657
200.1644,332.1395,1.4732,-0.0232,1.8383,-0.4782
200.1399,333.9771,1.4684,-0.0258,1.8366,-0.4908
200.1127,335.812,1.4634,-0.0285,1.8328,-0.5033
200.0828,337.642,1.4583,-0.0312,1.8269,-0.5157
200.0503,339.4652,1.4531,-0.0339,1.8192,-0.5281
200.0149,341.2797,1.4478,-0.0367,1.8096,-0.5405
199.9769,343.0838,1.4423,-0.0394,1.7983,-0.5528
199.9361,344.8758,1.4367,-0.0422,1.7855,-0.565
199.8925,346.6543,1.431,-0.045,1.7712,-0.5772
199.8461,348.4178,1.4252,-0.0477,1.7556,-0.5894
199.7971,350.1651,1.4192,-0.0504,1.7387,-0.6015
199.7454,351.8949,1.4131,-0.053,1.7208,-0.6135
199.691,353.6063,1.4069,-0.0557,1.7018,-0.6255
199.6341,355.2983,1.4006,-0.0582,1.6821,-0.6374
199.5746,356.9702,1.3942,-0.0607,1.6615,-0.6493
199.5128,358.6212,1.3876,-0.0631,1.6404,-0.6611
199.4485,360.2508,1.381,-0.0654,1.6188,-0.6728
199.382,361.8586,1.3742,-0.0676,1.5967,-0.6846
199.3134,363.4442,1.3673,-0.0697,1.5745,-0.6962
199.2427,365.0074,1.3603,-0.0716,1.552,-0.7078
199.1702,366.5482,1.3531,-0.0734,1.5295,-0.7194
199.0959,368.0665,1.3459,-0.0751,1.5071,-0.7308
199.02,369.5625,1.3385,-0.0766,1.4848,-0.7423
198.9427,371.0363,1.331,-0.078,1.4628,-0.7537
198.8641,372.4882,1.3234,-0.0791,1.4412,-0.765
198.7844,373.9188,1.3157,-0.0801,1.42,-0.7762
198.7039,375.3283,1.3079,-0.0809,1.3993,-0.7874
198.6228,376.7175,1.3,-0.0814,1.3792,-0.7986
198.5412,378.087,1.2919,-0.0817,1.3599,-0.8096
198.4594,379.4376,1.2838,-0.0818,1.3413,-0.8206
198.3777,380.7699,1.2755,-0.0816,1.3235,-0.8315
198.2962,382.0849,1.2672,-0.0812,1.3067,-0.8424
198.2153,383.3836,1.2587,-0.0805,1.2908,-0.8532
198.1353,384.6669,1.2501,-0.0795,1.2759,-0.8638
198.0563,385.9358,1.2414,-0.0783,1.2621,-0.8745
197.9788,387.1915,1.2326,-0.0767,1.2494,-0.885
197.903,388.435,1.2237,-0.0748,1.2378,-0.8954
197.8293,389.6675,1.2147,-0.0726,1.2274,-0.9057
197.7579,390.8903,1.2056,-0.0701,1.2182,-0.9159
197.6893,392.1044,1.1964,-0.0672,1.2103,-0.926
197.6237,393.3113,1.1871,-0.064,1.2036,-0.936
197.5615,394.512,1.1777,-0.0604,1.1981,-0.9459
197.503,395.7078,1.1681,-0.0564,1.1939,-0.9556
197.4488,396.9001,1.1585,-0.0521,1.1909,-0.9652
197.399,398.09,1.1488,-0.0473,1.1892,-0.9747
197.3542,399.2789,1.139,-0.0422,1.1887,-0.984
197.3507,399.3928,1.1382,-0.0417,1.1888,-0.9848
197.3117,400.582,1.1283,-0.0362,1.1897,-0.994
197.2785,401.7726,1.1183,-0.0302,1.1917,-1.003
197.2514,402.9658,1.1082,-0.0238,1.195,-1.0118
197.231,404.1629,1.0981,-0.0171,1.1993,-1.0204
197.2175,405.3648,1.0878,-0.0098,1.2048,-1.0289
197.2114,406.5727,1.0775,-0.0022,1.2112,-1.0372
197.2132,407.7876,1.0671,0.0058,1.2187,-1.0453
197.2232,409.0104,1.0566,0.0143,1.2271,-1.0532
197.2418,410.242,1.046,0.0231,1.2364,-1.0609
197.2696,411.4834,1.0354,0.0324,1.2465,-1.0685
197.3069,412.7353,1.0246,0.0422,1.2574,-1.0758
197.354,413.9985,1.0138,0.0523,1.269,-1.0829
197.4116,415.2736,1.003,0.0628,1.2813,-1.0897
197.4799,416.5613,0.992,0.0738,1.2942,-1.0964
197.5594,417.8622,0.9811,0.0852,1.3077,-1.1028
197.6504,419.1768,0.97,0.097,1.3216,-1.109
197.7535,420.5056,0.9589,0.1092,1.336,-1.1149
197.869,421.8489,0.9477,0.1218,1.3507,-1.1206
197.9973,423.2071,0.9365,0.1349,1.3657,-1.126
198.1389,424.5804,0.9252,0.1483,1.381,-1.1312
198.2941,425.9691,0.9138,0.1621,1.3964,-1.1361
198.4633,427.3733,0.9025,0.1764,1.4119,-1.1407
198.6469,428.793,0.891,0.191,1.4275,-1.145
198.8454,430.2283,0.8796,0.206,1.4431,-1.1491
199.059,431.6792,0.868,0.2213,1.4586,-1.1529
199.2882,433.1456,0.8565,0.2371,1.474,-1.1564
199.5333,434.6272,0.8449,0.2532,1.4892,-1.1596
199.7948,436.1239,0.8333,0.2697,1.5041,-1.1625
200.0728,437.6353,0.8217,0.2865,1.5187,-1.1652
200.3679,439.1612,0.81,0.3037,1.533,-1.1675
200.6803,440.7012,0.7983,0.3212,1.5468,-1.1695
201.0104,442.2547,0.7866,0.339,1.5602,-1.1711
201.3585,443.8213,0.7749,0.3572,1.573,-1.1725
201.7249,445.4005,0.7632,0.3757,1.5852,-1.1736
202.11,446.9916,0.7514,0.3945,1.5968,-1.1743
202.514,448.5939,0.7397,0.4135,1.6078,-1.1747
202.9371,450.2069,0.7279,0.4329,1.618,-1.1748
203.3798,451.8296,0.7162,0.4525,1.6274,-1.1745
203.8422,453.4614,0.7044,0.4724,1.636,-1.174
204.3246,455.1014,0.6927,0.4925,1.6438,-1.173
204.8272,456.7487,0.681,0.5129,1.6506,-1.1718
205.3504,458.4023,0.6693,0.5335,1.6566,-1.1702
205.8942,460.0615,0.6576,0.5543,1.6615,-1.1683
206.459,461.7251,0.6459,0.5753,1.6655,-1.166
207.0448,463.3922,0.6343,0.5965,1.6685,-1.1635
207.6519,465.0617,0.6226,0.6178,1.6703,-1.1605
208.2805,466.7325,0.6111,0.6394,1.6711,-1.1573
208.9307,468.4035,0.5995,0.6611,1.6708,-1.1537
209.6027,470.0737,0.588,0.6829,1.6694,-1.1498
210.2965,471.7419,0.5765,0.7048,1.6668,-1.1455
211.0123,473.4069,0.5651,0.7269,1.663,-1.1409
211.7502,475.0675,0.5537,0.749,1.658,-1.136
212.5103,476.7226,0.5424,0.7712,1.6519,-1.1307
213.2927,478.3709,0.5311,0.7935,1.6445,-1.1251
214.0973,480.0112,0.5199,0.8158,1.636,-1.1192
214.9243,481.6424,0.5087,0.8382,1.6262,-1.113
215.7737,483.2631,0.4976,0.8606,1.6151,-1.1064
216.6455,484.8722,0.4866,0.8829,1.6029,-1.0995
217.5396,486.4685,0.4756,0.9053,1.5894,-1.0923
218.4561,488.0506,0.4647,0.9277,1.5747,-1.0848
219.3949,489.6174,0.4539,0.95,1.5587,-1.077
220.356,491.1676,0.4432,0.9722,1.5415,-1.0689
221.3393,492.7001,0.4325,0.9944,1.5232,-1.0604
221.4206,492.8236,0.4317,0.9962,1.5216,-1.0597
222.4278,494.3355,0.4211,1.0182,1.5019,-1.051
223.457,495.8271,0.4106,1.0402,1.4811,-1.042
224.5081,497.2973,0.4003,1.062,1.4591,-1.0326
225.581,498.745,0.39,1.0837,1.4361,-1.023
226.6754,500.169,0.3798,1.1052,1.4119,-1.0132
227.7913,501.5684,0.3697,1.1265,1.3868,-1.003
228.9283,502.9422,0.3598,1.1476,1.3606,-0.9927
230.0864,504.2894,0.3499,1.1685,1.3335,-0.982
231.2653,505.609,0.3401,1.1891,1.3056,-0.9712
232.4646,506.9002,0.3305,1.2095,1.2767,-0.9601
233.6842,508.1621,0.3209,1.2296,1.247,-0.9487
234.9238,509.394,0.3115,1.2494,1.2166,-0.9372
236.183,510.5951,0.3022,1.2689,1.1854,-0.9255
237.4616,511.7646,0.293,1.2881,1.1536,-0.9136
238.7592,512.902,0.2839,1.307,1.1211,-0.9014
240.0754,514.0066,0.2749,1.3254,1.088,-0.8891
241.4099,515.0779,0.2661,1.3435,1.0544,-0.8767
242.7623,516.1152,0.2574,1.3613,1.0202,-0.8641
244.1323,517.1182,0.2488,1.3786,0.9857,-0.8513
245.5194,518.0864,0.2404,1.3955,0.9507,-0.8383
246.9231,519.0194,0.2321,1.412,0.9153,-0.8253
248.3432,519.9169,0.2239,1.428,0.8796,-0.8121
249.779,520.7786,0.2158,1.4436,0.8437,-0.7988
251.2302,521.6043,0.2079,1.4587,0.8076,-0.7853
252.6963,522.3937,0.2001,1.4734,0.7712,-0.7718
254.1768,523.1467,0.1925,1.4876,0.7348,-0.7582
255.6713,523.8633,0.185,1.5012,0.6983,-0.7445
257.1791,524.5432,0.1776,1.5144,0.6617,-0.7307
258.6999,525.1867,0.1703,1.5271,0.6252,-0.7168
260.2331,525.7936,0.1632,1.5392,0.5887,-0.7029
261.7782,526.3641,0.1563,1.5508,0.5523,-0.6889
263.3346,526.8982,0.1495,1.5619,0.5161,-0.6749
264.9019,527.3963,0.1428,1.5725,0.48,-0.6609
266.4794,527.8584,0.1363,1.5825,0.4442,-0.6468
268.0666,528.2848,0.1299,1.5919,0.4087,-0.6327
269.663,528.6759,0.1236,1.6008,0.3735,-0.6186
271.2681,529.032,0.1175,1.6091,0.3387,-0.6044
272.8811,529.3534,0.1115,1.6169,0.3043,-0.5903
274.5017,529.6407,0.1057,1.6241,0.2703,-0.5762
276.1292,529.8941,0.1,1.6307,0.2368,-0.5621
277.763,530.1144,0.0944,1.6368,0.2038,-0.548
279.4025,530.302,0.089,1.6423,0.1714,-0.534
281.0473,530.4574,0.0838,1.6472,0.1396,-0.52
282.6967,530.5814,0.0786,1.6515,0.1084,-0.506
284.3501,530.6745,0.0736,1.6552,0.0779,-0.4921
286.007,530.7375,0.0688,1.6584,0.0481,-0.4783
287.6667,530.7711,0.0641,1.661,0.0191,-0.4645
289.3288,530.7759,0.0595,1.6631,-0.0092,-0.4508
290.9927,530.753,0.0551,1.6645,-0.0367,-0.4372
292.6577,530.7029,0.0508,1.6654,-0.0633,-0.4236
294.3233,530.6266,0.0466,1.6657,-0.0891,-0.4102
295.9889,530.525,0.0425,1.6655,-0.114,-0.3968
297.6541,530.399,0.0386,1.6647,-0.1379,-0.3836
299.3181,530.2495,0.0349,1.6633,-0.161,-0.3704
300.9805,530.0774,0.0312,1.6614,-0.183,-0.3574
302.6408,529.8838,0.0277,1.659,-0.2041,-0.3445
304.2983,529.6696,0.0243,1.656,-0.2241,-0.3317
305.9526,529.4359,0.0211,1.6525,-0.2431,-0.3191
307.6031,529.1837,0.018,1.6484,-0.2611,-0.3066
309.2493,528.9141,0.015,1.6439,-0.2779,-0.2942
310.8907,528.6281,0.0121,1.6388,-0.2937,-0.282
312.5267,528.327,0.0093,1.6332,-0.3084,-0.27
314.1569,528.0118,0.0067,1.6271,-0.3219,-0.2581
315.7807,527.6836,0.0042,1.6205,-0.3343,-0.2463
317.3977,527.3436,0.0018,1.6134,-0.3455,-0.2348
319.0074,526.9929,-0.0005,1.6059,-0.3556,-0.2234
320.6093,526.6328,-0.0027,1.5978,-0.3645,-0.2122
322.2029,526.2644,-0.0048,1.5894,-0.3721,-0.2011
323.7878,525.889,-0.0067,1.5804,-0.3786,-0.1903
324.1242,525.8085,-0.0071,1.5785,-0.3798,-0.188
325.6979,525.426,-0.009,1.569,-0.3849,-0.1773
327.262,525.0392,-0.0107,1.5591,-0.3887,-0.1669
328.816,524.649,-0.0123,1.5489,-0.3914,-0.1567
330.3597,524.2568,-0.0138,1.5384,-0.3929,-0.1466
331.8927,523.8635,-0.0152,1.5276,-0.3934,-0.1368
333.4149,523.4703,-0.0166,1.5166,-0.3928,-0.1271
334.9259,523.0783,-0.0178,1.5055,-0.3912,-0.1177
336.4258,522.6883,-0.0189,1.4942,-0.3885,-0.1085
337.9144,522.3015,-0.02,1.4829,-0.3849,-0.0994
339.3916,521.9187,-0.0209,1.4716,-0.3804,-0.0906
340.8575,521.5409,-0.0218,1.4602,-0.375,-0.082
342.3121,521.169,-0.0225,1.4489,-0.3687,-0.0736
343.7554,520.8038,-0.0232,1.4378,-0.3616,-0.0654
345.1877,520.446,-0.0239,1.4268,-0.3537,-0.0574
346.609,520.0965,-0.0244,1.4159,-0.3451,-0.0496
348.0196,519.756,-0.0248,1.4053,-0.3358,-0.0421
349.4197,519.4252,-0.0252,1.395,-0.3258,-0.0348
350.8097,519.1047,-0.0255,1.385,-0.3151,-0.0277
352.1898,518.7951,-0.0258,1.3753,-0.3039,-0.0208
353.5605,518.497,-0.026,1.366,-0.2922,-0.0141
354.922,518.2109,-0.0261,1.3572,-0.2799,-0.0077
356.275,517.9373,-0.0261,1.3488,-0.2672,-0.0015
357.6199,517.6767,-0.0261,1.341,-0.2541,0.0045
358.9571,517.4293,-0.026,1.3336,-0.2405,0.0103
360.2874,517.1957,-0.0259,1.3269,-0.2267,0.0158
361.6111,516.9761,-0.0257,1.3208,-0.2125,0.0211
362.9291,516.7707,-0.0255,1.3153,-0.1982,0.0262
364.242,516.5798,-0.0252,1.3105,-0.1836,0.031
365.5504,516.4036,-0.0249,1.3064,-0.1688,0.0357
366.8551,516.2422,-0.0245,1.3031,-0.154,0.04
368.1569,516.0957,-0.0241,1.3006,-0.139,0.0442
369.4566,515.9641,-0.0236,1.2989,-0.1241,0.0481
369.5132,515.9587,-0.0236,1.2988,-0.1234,0.0483
370.8116,515.8427,-0.0231,1.298,-0.1085,0.0519
372.1095,515.7417,-0.0225,1.298,-0.0936,0.0554
373.4079,515.6555,-0.022,1.2988,-0.0788,0.0586
374.7074,515.584,-0.0214,1.3004,-0.0641,0.0616
376.0089,515.5273,-0.0207,1.3027,-0.0495,0.0644
377.3131,515.485,-0.0201,1.3057,-0.035,0.0669
378.6206,515.4571,-0.0194,1.3095,-0.0208,0.0692
379.9322,515.4434,-0.0187,1.3138,-0.0067,0.0714
381.2485,515.4437,-0.018,1.3188,0.0072,0.0733
382.5701,515.4577,-0.0172,1.3244,0.0208,0.075
383.8976,515.4852,-0.0165,1.3306,0.0342,0.0765
385.2315,515.5259,-0.0157,1.3373,0.0472,0.0778
386.5724,515.5796,-0.0149,1.3446,0.06,0.079
387.9208,515.6458,-0.0141,1.3523,0.0724,0.0799
389.2772,515.7243,-0.0133,1.3605,0.0845,0.0807
390.6419,515.8148,-0.0125,1.3691,0.0963,0.0812
392.0155,515.9168,-0.0117,1.3781,0.1076,0.0816
393.3982,516.0299,-0.0109,1.3874,0.1186,0.0818
394.7904,516.1538,-0.0101,1.3971,0.1291,0.0819
396.1925,516.288,-0.0092,1.4071,0.1392,0.0818
397.6048,516.432,-0.0084,1.4174,0.1489,0.0815
399.0275,516.5856,-0.0076,1.428,0.1581,0.0811
400.4608,516.748,-0.0068,1.4387,0.1668,0.0806
401.905,516.919,-0.006,1.4497,0.175,0.0798
403.3602,517.0979,-0.0052,1.4608,0.1828,0.079
404.8266,517.2843,-0.0044,1.4721,0.19,0.078
406.3044,517.4777,-0.0036,1.4834,0.1967,0.0769
407.7935,517.6776,-0.0029,1.4949,0.2029,0.0756
409.2941,517.8833,-0.0021,1.5063,0.2086,0.0743
410.8062,518.0945,-0.0014,1.5179,0.2137,0.0728
412.3298,518.3105,-0.0007,1.5294,0.2183,0.0712
413.8649,518.5308,0,1.5409,0.2223,0.0695
415.4115,518.7549,0.0007,1.5523,0.2258,0.0677
416.9695,518.9822,0.0014,1.5636,0.2287,0.0659
418.5387,519.2122,0.002,1.5749,0.2311,0.0639
420.1191,519.4442,0.0027,1.5859,0.2329,0.0618
421.7105,519.6779,0.0033,1.5969,0.2342,0.0597
423.3128,519.9125,0.0039,1.6076,0.2349,0.0575
424.9257,520.1475,0.0044,1.6182,0.2351,0.0552
426.549,520.3825,0.005,1.6284,0.2348,0.0529
428.1825,520.6169,0.0055,1.6385,0.2339,0.0505
429.8259,520.8501,0.006,1.6482,0.2324,0.0481
431.4789,521.0816,0.0064,1.6577,0.2305,0.0456
433.1411,521.3109,0.0069,1.6668,0.228,0.0431
434.8123,521.5375,0.0073,1.6755,0.2251,0.0405
436.492,521.7609,0.0077,1.6839,0.2216,0.038
438.1799,521.9806,0.0081,1.6918,0.2177,0.0354
439.8755,522.1962,0.0084,1.6994,0.2133,0.0328
441.5785,522.4071,0.0087,1.7065,0.2085,0.0302
443.2883,522.613,0.009,1.7131,0.2032,0.0275
445.0044,522.8133,0.0093,1.7192,0.1975,0.0249
446.7265,523.0078,0.0095,1.7248,0.1914,0.0223
448.4539,523.1959,0.0097,1.7299,0.1849,0.0197
450.1862,523.3774,0.0099,1.7345,0.178,0.0172
451.9227,523.5518,0.0101,1.7384,0.1708,0.0146
453.6628,523.7188,0.0102,1.7418,0.1632,0.0121
455.4061,523.878,0.0103,1.7446,0.1553,0.0096
457.1518,524.0293,0.0104,1.7468,0.1472,0.0072
458.8994,524.1723,0.0104,1.7483,0.1388,0.0048
460.6482,524.3068,0.0105,1.7491,0.1301,0.0025
462.3974,524.4325,0.0105,1.7493,0.1213,0.0002
464.1465,524.5492,0.0105,1.7487,0.1122,-0.002
465.8947,524.6568,0.0105,1.7475,0.103,-0.0041
467.6412,524.7551,0.0104,1.7455,0.0936,-0.0062
469.3855,524.844,0.0103,1.7428,0.0841,-0.0081
470.8813,524.9128,0.0103,1.7399,0.0759,-0.0098
472.6192,524.9839,0.0101,1.7357,0.0663,-0.0116
474.3526,525.0454,0.01,1.7309,0.0567,-0.0133
476.0807,525.0972,0.0099,1.7253,0.047,-0.0149
477.8029,525.1394,0.0097,1.719,0.0374,-0.0165
479.5185,525.1719,0.0096,1.7121,0.0278,-0.0179
481.227,525.1949,0.0094,1.7046,0.0182,-0.0193
482.9276,525.2084,0.0092,1.6966,0.0087,-0.0206
484.62,525.2124,0.009,1.688,-0.0006,-0.0217
486.3035,525.2072,0.0087,1.6789,-0.0098,-0.0228
487.9776,525.1928,0.0085,1.6694,-0.0189,-0.0238
489.642,525.1694,0.0083,1.6594,-0.0278,-0.0247
491.2963,525.1372,0.008,1.649,-0.0365,-0.0255
492.94,525.0965,0.0077,1.6383,-0.045,-0.0262
494.5727,525.0473,0.0075,1.6272,-0.0533,-0.0268
496.1943,524.99,0.0072,1.6159,-0.0613,-0.0273
497.8044,524.9248,0.0069,1.6043,-0.069,-0.0277
499.4028,524.852,0.0067,1.5925,-0.0765,-0.0281
500.9893,524.7719,0.0064,1.5804,-0.0836,-0.0283
502.5636,524.6849,0.0061,1.5683,-0.0905,-0.0285
504.1258,524.5911,0.0058,1.556,-0.097,-0.0286
505.6755,524.4911,0.0055,1.5436,-0.1031,-0.0286
507.2129,524.385,0.0052,1.5311,-0.1089,-0.0285
508.7378,524.2734,0.005,1.5187,-0.1143,-0.0284
510.2502,524.1565,0.0047,1.5062,-0.1193,-0.0282
511.7502,524.0349,0.0044,1.4938,-0.124,-0.0279
513.2378,523.9087,0.0041,1.4814,-0.1282,-0.0275
514.713,523.7786,0.0038,1.4692,-0.132,-0.0271
516.1761,523.6448,0.0036,1.457,-0.1354,-0.0267
517.6272,523.5079,0.0033,1.4451,-0.1384,-0.0261
519.0664,523.3682,0.003,1.4333,-0.1409,-0.0256
520.4939,523.2261,0.0028,1.4218,-0.143,-0.0249
521.9101,523.0822,0.0025,1.4106,-0.1447,-0.0243
523.3151,522.9368,0.0023,1.3996,-0.1459,-0.0236
524.7094,522.7905,0.0021,1.3889,-0.1467,-0.0229
526.0931,522.6435,0.0018,1.3786,-0.1471,-0.0221
527.4668,522.4965,0.0016,1.3687,-0.147,-0.0213
528.8307,522.3498,0.0014,1.3592,-0.1464,-0.0205
530.1853,522.2038,0.0012,1.3501,-0.1454,-0.0197
531.5311,522.059,0.001,1.3415,-0.144,-0.0189
532.8685,521.9159,0.0008,1.3334,-0.1422,-0.0181
534.198,521.7749,0.0007,1.3258,-0.1399,-0.0173
535.5203,521.6363,0.0005,1.3188,-0.1372,-0.0165
536.8358,521.5006,0.0003,1.3123,-0.1341,-0.0157
538.1451,521.3683,0.0002,1.3065,-0.1306,-0.015
539.4489,521.2396,0,1.3013,-0.1267,-0.0143
540.7479,521.1151,-0.0001,1.2967,-0.1224,-0.0136
542.0426,520.995,-0.0002,1.2929,-0.1177,-0.013
543.3339,520.8798,-0.0004,1.2898,-0.1127,-0.0124
544.6224,520.7697,-0.0005,1.2874,-0.1073,-0.0119
545.9089,520.6653,-0.0006,1.2858,-0.1016,-0.0114
546.8896,520.5895,-0.0007,1.2851,-0.097,-0.0111
548.1745,520.4956,-0.0008,1.2849,-0.0907,-0.0108
549.4596,520.4082,-0.0009,1.2855,-0.0841,-0.0106
550.7457,520.3275,-0.001,1.2868,-0.0773,-0.0104
552.0335,520.2537,-0.0011,1.2889,-0.0702,-0.0104
553.3237,520.1871,-0.0012,1.2917,-0.0629,-0.0104
554.6171,520.128,-0.0013,1.2952,-0.0553,-0.0105
555.9143,520.0765,-0.0014,1.2993,-0.0476,-0.0108
557.216,520.0328,-0.0015,1.3041,-0.0397,-0.0111
558.5228,519.9971,-0.0017,1.3095,-0.0317,-0.0116
559.8352,519.9695,-0.0018,1.3154,-0.0236,-0.0122
561.1538,519.95,-0.0019,1.3219,-0.0153,-0.0129
562.4792,519.9389,-0.002,1.3289,-0.007,-0.0137
563.8118,519.9361,-0.0022,1.3364,0.0014,-0.0147
565.1522,519.9417,-0.0023,1.3444,0.0098,-0.0158
566.5007,519.9558,-0.0025,1.3528,0.0183,-0.0171
567.8579,519.9783,-0.0027,1.3616,0.0267,-0.0185
569.224,520.0092,-0.0029,1.3708,0.0351,-0.02
570.5996,520.0485,-0.0031,1.3804,0.0435,-0.0217
571.9849,520.0961,-0.0033,1.3902,0.0518,-0.0235
573.3802,520.152,-0.0035,1.4004,0.06,-0.0255
574.7858,520.216,-0.0038,1.4109,0.0681,-0.0277
576.2021,520.2881,-0.0041,1.4216,0.0761,-0.03
577.6292,520.3682,-0.0044,1.4326,0.0839,-0.0324
579.0674,520.456,-0.0047,1.4438,0.0916,-0.0351
580.5168,520.5514,-0.0051,1.4551,0.0992,-0.0379
581.9776,520.6543,-0.0055,1.4666,0.1065,-0.0408
583.45,520.7644,-0.0059,1.4782,0.1136,-0.044
584.934,520.8815,-0.0064,1.4899,0.1205,-0.0473
586.4298,521.0054,-0.0069,1.5017,0.1272,-0.0507
587.9374,521.1358,-0.0074,1.5135,0.1336,-0.0544
589.4568,521.2726,-0.008,1.5254,0.1398,-0.0582
590.9882,521.4154,-0.0086,1.5373,0.1457,-0.0621
592.5313,521.5639,-0.0092,1.5491,0.1513,-0.0663
594.0863,521.7178,-0.0099,1.5609,0.1566,-0.0706
595.6531,521.8769,-0.0106,1.5726,0.1616,-0.075
597.2316,522.0408,-0.0114,1.5843,0.1662,-0.0797
598.8216,522.2093,-0.0122,1.5958,0.1706,-0.0845
600.4231,522.3818,-0.0131,1.6072,0.1745,-0.0894
602.0359,522.5582,-0.014,1.6184,0.1782,-0.0946
603.6598,522.7381,-0.015,1.6294,0.1815,-0.0998
605.2947,522.921,-0.016,1.6402,0.1844,-0.1053
606.9402,523.1067,-0.0171,1.6508,0.1869,-0.1108
608.5963,523.2947,-0.0182,1.6612,0.1891,-0.1166
610.2625,523.4848,-0.0194,1.6713,0.1909,-0.1224
611.9387,523.6764,-0.0207,1.681,0.1923,-0.1285
613.6244,523.8692,-0.022,1.6905,0.1933,-0.1346
615.3195,524.0628,-0.0233,1.6996,0.1939,-0.1409
617.0235,524.2569,-0.0248,1.7084,0.1941,-0.1473
618.7361,524.4509,-0.0263,1.7167,0.1939,-0.1539
620.4569,524.6446,-0.0279,1.7247,0.1934,-0.1605
622.1854,524.8375,-0.0295,1.7323,0.1924,-0.1673
623.9212,525.0293,-0.0312,1.7394,0.191,-0.1742
625.6639,525.2194,-0.033,1.746,0.1893,-0.1812
627.4131,525.4076,-0.0348,1.7522,0.1871,-0.1882
629.1681,525.5935,-0.0368,1.7578,0.1845,-0.1954
630.9286,525.7766,-0.0387,1.763,0.1816,-0.2027
632.6939,525.9565,-0.0408,1.7676,0.1782,-0.21
634.4636,526.1329,-0.0429,1.7716,0.1745,-0.2174
636.237,526.3053,-0.0452,1.7751,0.1704,-0.2249
638.0135,526.4735,-0.0474,1.7779,0.1659,-0.2324
639.7926,526.637,-0.0498,1.7802,0.161,-0.24
641.5737,526.7955,-0.0522,1.7818,0.1558,-0.2477
643.356,526.9485,-0.0548,1.7827,0.1502,-0.2553
645.139,527.0958,-0.0574,1.783,0.1443,-0.2631
646.9219,527.2369,-0.06,1.7826,0.138,-0.2708
648.704,527.3716,-0.0628,1.7815,0.1314,-0.2785
650.4846,527.4996,-0.0656,1.7797,0.1244,-0.2863
652.2631,527.6204,-0.0685,1.7771,0.1171,-0.294
654.0385,527.7337,-0.0715,1.7737,0.1095,-0.3018
654.4424,527.7585,-0.0722,1.7729,0.1078,-0.3035
656.2132,527.8622,-0.0752,1.7686,0.0998,-0.3112
657.9793,527.9579,-0.0784,1.7635,0.0915,-0.3189
659.74,528.0452,-0.0816,1.7577,0.083,-0.3266
661.4946,528.1239,-0.0849,1.7513,0.0743,-0.3342
663.2424,528.1937,-0.0883,1.7442,0.0653,-0.3418
664.9828,528.2544,-0.0918,1.7366,0.0562,-0.3493
666.7153,528.306,-0.0953,1.7283,0.0469,-0.3568
668.4392,528.3482,-0.0989,1.7195,0.0374,-0.3642
670.1541,528.3808,-0.1026,1.7102,0.0279,-0.3715
671.8595,528.4039,-0.1063,1.7005,0.0182,-0.3788
673.5549,528.4173,-0.1101,1.6903,0.0085,-0.386
675.2399,528.4209,-0.114,1.6797,-0.0013,-0.3931
676.9141,528.4147,-0.118,1.6687,-0.0111,-0.4001
678.5772,528.3988,-0.122,1.6574,-0.0209,-0.407
680.2289,528.373,-0.1261,1.6458,-0.0307,-0.4137
681.8688,528.3375,-0.1303,1.634,-0.0404,-0.4204
683.4968,528.2922,-0.1346,1.6219,-0.0501,-0.427
685.1125,528.2372,-0.1389,1.6096,-0.0598,-0.4335
686.7159,528.1726,-0.1432,1.5972,-0.0693,-0.4398
688.3068,528.0986,-0.1477,1.5846,-0.0788,-0.4461
689.8851,528.0151,-0.1521,1.5719,-0.0881,-0.4522
691.4506,527.9224,-0.1567,1.5591,-0.0973,-0.4581
693.0033,527.8206,-0.1613,1.5463,-0.1063,-0.464
694.5432,527.7098,-0.166,1.5335,-0.1152,-0.4697
696.0703,527.5903,-0.1707,1.5207,-0.1239,-0.4753
697.5846,527.4621,-0.1755,1.508,-0.1324,-0.4808
699.0863,527.3256,-0.1803,1.4953,-0.1406,-0.4862
700.5753,527.1809,-0.1852,1.4828,-0.1487,-0.4914
702.0519,527.0283,-0.1901,1.4704,-0.1565,-0.4965
703.5161,526.868,-0.1951,1.4581,-0.1641,-0.5014
704.9682,526.7003,-0.2002,1.4461,-0.1714,-0.5062
706.4083,526.5253,-0.2053,1.4343,-0.1785,-0.5109
707.8368,526.3434,-0.2104,1.4227,-0.1852,-0.5155
709.2539,526.1549,-0.2156,1.4115,-0.1917,-0.52
710.6598,525.96,-0.2208,1.4005,-0.198,-0.5243
712.055,525.7591,-0.2261,1.3899,-0.2039,-0.5285
713.4397,525.5524,-0.2314,1.3796,-0.2095,-0.5326
714.8144,525.3402,-0.2367,1.3698,-0.2148,-0.5366
716.1795,525.1228,-0.2421,1.3604,-0.2198,-0.5404
717.5353,524.9006,-0.2475,1.3514,-0.2245,-0.5442
718.8824,524.6738,-0.253,1.3429,-0.2289,-0.5479
720.2212,524.4428,-0.2585,1.3349,-0.233,-0.5515
721.5523,524.208,-0.264,1.3274,-0.2367,-0.5549
722.8762,523.9695,-0.2696,1.3205,-0.2402,-0.5583
724.1934,523.7277,-0.2752,1.3141,-0.2433,-0.5616
725.5046,523.4831,-0.2808,1.3084,-0.246,-0.5649
726.8104,523.2358,-0.2865,1.3033,-0.2485,-0.568
728.1114,522.9861,-0.2922,1.2988,-0.2507,-0.5711
729.4083,522.7346,-0.2979,1.295,-0.2525,-0.5742
730.7017,522.4813,-0.3036,1.2919,-0.254,-0.5772
731.9924,522.2267,-0.3094,1.2896,-0.2552,-0.5801
733.2811,521.971,-0.3152,1.288,-0.2561,-0.583
734.5687,521.7146,-0.3211,1.2872,-0.2567,-0.5859
735.8557,521.4577,-0.327,1.2871,-0.257,-0.5888
737.0885,521.2117,-0.3326,1.2879,-0.257,-0.5915
738.3771,520.9548,-0.3385,1.2895,-0.2567,-0.5943
739.6677,520.6984,-0.3445,1.2919,-0.2562,-0.5971
740.9611,520.4426,-0.3505,1.2951,-0.2554,-0.5999
742.2581,520.1877,-0.3565,1.2989,-0.2544,-0.6028
743.5593,519.9339,-0.3625,1.3035,-0.2532,-0.6056
744.8654,519.6813,-0.3686,1.3088,-0.2519,-0.6085
746.177,519.4302,-0.3747,1.3146,-0.2504,-0.6115
747.4948,519.1806,-0.3808,1.321,-0.2488,-0.6145
748.8193,518.9326,-0.387,1.328,-0.2471,-0.6175
750.1509,518.6864,-0.3932,1.3354,-0.2454,-0.6206
751.4903,518.4419,-0.3994,1.3434,-0.2436,-0.6238
752.8378,518.1991,-0.4057,1.3517,-0.2418,-0.6271
754.1938,517.9582,-0.412,1.3604,-0.2401,-0.6304
755.5587,517.719,-0.4183,1.3695,-0.2384,-0.6339
756.9328,517.4814,-0.4246,1.3788,-0.2367,-0.6374
758.3164,517.2455,-0.431,1.3885,-0.2351,-0.6411
759.7098,517.0112,-0.4375,1.3983,-0.2337,-0.6448
761.1131,516.7782,-0.4439,1.4084,-0.2323,-0.6487
762.5267,516.5465,-0.4504,1.4186,-0.2311,-0.6527
763.9505,516.3159,-0.457,1.429,-0.2301,-0.6568
765.3847,516.0862,-0.4636,1.4395,-0.2293,-0.6611
766.8294,515.8572,-0.4702,1.45,-0.2287,-0.6655
768.2846,515.6287,-0.4769,1.4605,-0.2284,-0.6701
769.7504,515.4004,-0.4836,1.471,-0.2283,-0.6748
771.2267,515.1721,-0.4904,1.4815,-0.2284,-0.6796
772.7134,514.9434,-0.4972,1.4919,-0.2289,-0.6846
774.2104,514.7141,-0.5041,1.5022,-0.2297,-0.6897
775.7177,514.4839,-0.511,1.5123,-0.2308,-0.695
777.235,514.2524,-0.518,1.5223,-0.2323,-0.7005
778.7622,514.0192,-0.525,1.532,-0.2341,-0.7061
780.2989,513.784,-0.5321,1.5415,-0.2363,-0.7119
781.8451,513.5464,-0.5392,1.5507,-0.2389,-0.7178
783.4003,513.306,-0.5464,1.5597,-0.242,-0.7239
784.9643,513.0624,-0.5537,1.5683,-0.2454,-0.7301
786.5367,512.8151,-0.5611,1.5765,-0.2493,-0.7365
788.1171,512.5636,-0.5684,1.5843,-0.2536,-0.7431
789.7052,512.3077,-0.5759,1.5917,-0.2584,-0.7498
791.3003,512.0466,-0.5834,1.5986,-0.2637,-0.7566
792.9022,511.7801,-0.591,1.6051,-0.2695,-0.7637
794.5103,511.5076,-0.5987,1.611,-0.2757,-0.7708
796.1241,511.2285,-0.6065,1.6164,-0.2825,-0.7781
797.7429,510.9425,-0.6143,1.6212,-0.2897,-0.7855
799.3663,510.6489,-0.6222,1.6255,-0.2975,-0.7931
800.9936,510.3472,-0.6301,1.6291,-0.3059,-0.8008
802.6242,510.037,-0.6382,1.632,-0.3147,-0.8086
804.2574,509.7176,-0.6463,1.6343,-0.3241,-0.8165
805.8926,509.3885,-0.6545,1.6359,-0.3341,-0.8246
807.5289,509.0492,-0.6628,1.6367,-0.3446,-0.8327
809.1657,508.6991,-0.6712,1.6368,-0.3557,-0.841
810.8022,508.3376,-0.6796,1.6361,-0.3673,-0.8493
812.4376,507.9643,-0.6882,1.6346,-0.3795,-0.8577
814.071,507.5784,-0.6968,1.6322,-0.3923,-0.8662
815.7017,507.1795,-0.7055,1.629,-0.4056,-0.8748
817.3288,506.7669,-0.7143,1.625,-0.4196,-0.8834
818.9514,506.3401,-0.7232,1.62,-0.4341,-0.8921
820.5685,505.8986,-0.7321,1.6141,-0.4491,-0.9008
822.1793,505.4417,-0.7412,1.6073,-0.4648,-0.9096
823.7827,504.9688,-0.7503,1.5994,-0.481,-0.9183
825.3778,504.4794,-0.7595,1.5906,-0.4978,-0.9271
826.9636,503.9729,-0.7689,1.5808,-0.5152,-0.9359
828.5391,503.4488,-0.7783,1.5699,-0.5332,-0.9447
830.1032,502.9064,-0.7877,1.558,-0.5517,-0.9535
831.6547,502.3452,-0.7973,1.545,-0.5708,-0.9623
831.765,502.3044,-0.798,1.544,-0.5722,-0.9629
833.302,501.7224,-0.8077,1.5298,-0.5919,-0.9716
834.8243,501.1204,-0.8174,1.5146,-0.6121,-0.9803
836.3308,500.498,-0.8273,1.4983,-0.6329,-0.9889
837.8207,499.8545,-0.8372,1.4811,-0.6541,-0.9974
839.2928,499.1897,-0.8472,1.463,-0.6757,-1.0058
840.7464,498.503,-0.8573,1.4441,-0.6977,-1.0141
842.1807,497.7941,-0.8675,1.4243,-0.7201,-1.0223
843.5948,497.0626,-0.8778,1.4038,-0.7429,-1.0304
844.9879,496.3082,-0.8881,1.3825,-0.7659,-1.0384
846.3596,495.5307,-0.8986,1.3606,-0.7892,-1.0461
847.709,494.7298,-0.9091,1.3381,-0.8127,-1.0537
849.0356,493.9053,-0.9196,1.315,-0.8363,-1.0612
850.3389,493.0571,-0.9303,1.2915,-0.8602,-1.0684
851.6184,492.1849,-0.941,1.2674,-0.8842,-1.0755
852.8736,491.2887,-0.9518,1.2429,-0.9082,-1.0823
854.1042,490.3684,-0.9626,1.2181,-0.9323,-1.0889
855.3097,489.424,-0.9736,1.193,-0.9565,-1.0953
856.49,488.4555,-0.9845,1.1675,-0.9806,-1.1014
857.6447,487.4628,-0.9956,1.1418,-1.0047,-1.1073
858.7736,486.446,-1.0067,1.116,-1.0288,-1.1129
859.8766,485.4053,-1.0178,1.09,-1.0527,-1.1182
860.9536,484.3407,-1.0291,1.0639,-1.0765,-1.1233
862.0044,483.2524,-1.0403,1.0378,-1.1001,-1.1281
863.0291,482.1405,-1.0516,1.0116,-1.1236,-1.1326
864.0277,481.0053,-1.063,0.9855,-1.1468,-1.1368
865.0002,479.847,-1.0743,0.9595,-1.1697,-1.1407
865.9468,478.6659,-1.0858,0.9336,-1.1924,-1.1443
866.8676,477.4623,-1.0972,0.9079,-1.2148,-1.1476
867.7627,476.2365,-1.1087,0.8824,-1.2368,-1.1506
868.6325,474.9888,-1.1202,0.8572,-1.2585,-1.1532
869.4771,473.7196,-1.1318,0.8322,-1.2798,-1.1555
870.297,472.4293,-1.1434,0.8076,-1.3006,-1.1575
871.0924,471.1184,-1.1549,0.7833,-1.3211,-1.1592
871.8638,469.7873,-1.1665,0.7595,-1.341,-1.1606
872.6116,468.4366,-1.1781,0.7361,-1.3605,-1.1616
873.3362,467.0666,-1.1898,0.7133,-1.3794,-1.1622
874.0383,465.6779,-1.2014,0.6909,-1.3978,-1.1626
874.7183,464.2711,-1.213,0.6692,-1.4157,-1.1626
875.3769,462.8468,-1.2246,0.6481,-1.4329,-1.1623
876.0146,461.4055,-1.2363,0.6276,-1.4495,-1.1616
876.6323,459.9479,-1.2479,0.6078,-1.4655,-1.1606
877.2304,458.4747,-1.2595,0.5887,-1.4809,-1.1593
877.8099,456.9864,-1.2711,0.5704,-1.4956,-1.1577
878.3715,455.4837,-1.2826,0.5529,-1.5096,-1.1557
878.916,453.9674,-1.2942,0.5362,-1.5229,-1.1534
879.4443,452.4383,-1.3057,0.5205,-1.5354,-1.1508
879.9573,450.8969,-1.3172,0.5056,-1.5472,-1.1479
880.4558,449.3441,-1.3286,0.4917,-1.5582,-1.1447
880.9409,447.7807,-1.3401,0.4787,-1.5685,-1.1412
881.4135,446.2074,-1.3515,0.4668,-1.5779,-1.1373
881.8748,444.6251,-1.3628,0.4559,-1.5866,-1.1332
881.9593,444.3302,-1.3649,0.454,-1.5881,-1.1324
882.4084,442.7383,-1.3762,0.4444,-1.5957,-1.128
882.8484,441.1391,-1.3875,0.4358,-1.6025,-1.1233
883.2803,439.5335,-1.3987,0.4283,-1.6086,-1.1183
883.7052,437.9222,-1.4099,0.4217,-1.6138,-1.1131
884.124,436.3061,-1.421,0.416,-1.6183,-1.1076
884.5375,434.686,-1.432,0.4112,-1.622,-1.1019
884.9467,433.0624,-1.443,0.4073,-1.625,-1.0961
885.3524,431.4362,-1.4539,0.4042,-1.6273,-1.09
885.7554,429.8081,-1.4648,0.4019,-1.6288,-1.0838
886.1564,428.1788,-1.4756,0.4002,-1.6297,-1.0774
886.5561,426.5489,-1.4863,0.3993,-1.63,-1.0708
886.9552,424.919,-1.497,0.399,-1.6296,-1.0642
887.3544,423.2898,-1.5076,0.3993,-1.6286,-1.0574
887.7541,421.662,-1.5182,0.4002,-1.627,-1.0505
888.155,420.036,-1.5286,0.4016,-1.6249,-1.0435
888.5575,418.4125,-1.539,0.4035,-1.6221,-1.0365
888.9621,416.7919,-1.5494,0.4058,-1.6189,-1.0294
889.3693,415.1749,-1.5596,0.4086,-1.6151,-1.0222
889.7794,413.5619,-1.5698,0.4117,-1.6108,-1.015
890.1928,411.9534,-1.5799,0.4151,-1.6061,-1.0078
890.6098,410.3499,-1.59,0.4189,-1.6009,-1.0005
891.0306,408.7518,-1.5999,0.4229,-1.5952,-0.9933
891.4556,407.1596,-1.6098,0.4271,-1.5892,-0.9861
891.8848,405.5736,-1.6197,0.4314,-1.5828,-0.9789
892.3185,403.9941,-1.6294,0.4359,-1.576,-0.9718
892.7567,402.4217,-1.6391,0.4406,-1.5688,-0.9647
893.1996,400.8566,-1.6487,0.4452,-1.5614,-0.9576
893.6472,399.2991,-1.6582,0.45,-1.5536,-0.9507
894.0995,397.7494,-1.6677,0.4546,-1.5456,-0.9438
894.5565,396.208,-1.6771,0.4593,-1.5373,-0.937
895.0181,394.675,-1.6865,0.4639,-1.5287,-0.9304
895.4842,393.1507,-1.6957,0.4683,-1.52,-0.9238
895.9547,391.6352,-1.7049,0.4726,-1.511,-0.9174
896.4294,390.1287,-1.7141,0.4768,-1.5019,-0.9111
896.9082,388.6315,-1.7232,0.4807,-1.4926,-0.9049
897.3907,387.1436,-1.7322,0.4843,-1.4832,-0.8989
897.8767,385.6651,-1.7411,0.4877,-1.4737,-0.893
898.3659,384.1962,-1.75,0.4907,-1.4641,-0.8874
898.8579,382.7369,-1.7589,0.4934,-1.4544,-0.8818
899.3525,381.2873,-1.7677,0.4957,-1.4447,-0.8765
899.8491,379.8475,-1.7764,0.4975,-1.435,-0.8714
900.3474,378.4173,-1.7851,0.499,-1.4253,-0.8664
900.8469,376.9968,-1.7937,0.4999,-1.4156,-0.8617
901.3471,375.586,-1.8023,0.5003,-1.406,-0.8571
901.8474,374.1848,-1.8109,0.5002,-1.3964,-0.8528
902.3473,372.7931,-1.8194,0.4995,-1.387,-0.8487
902.8462,371.4108,-1.8279,0.4982,-1.3776,-0.8448
903.3436,370.0378,-1.8363,0.4963,-1.3684,-0.8411
903.8386,368.674,-1.8447,0.4937,-1.3593,-0.8376
904.3308,367.3191,-1.853,0.4904,-1.3504,-0.8344
904.8193,365.9731,-1.8614,0.4864,-1.3417,-0.8314
905.3034,364.6356,-1.8697,0.4817,-1.3333,-0.8286
905.7824,363.3065,-1.8779,0.4762,-1.325,-0.8261
906.2555,361.9854,-1.8862,0.4699,-1.3171,-0.8238
906.7218,360.6722,-1.8944,0.4627,-1.3094,-0.8217
907.1806,359.3666,-1.9026,0.4547,-1.302,-0.8199
907.6309,358.0681,-1.9108,0.4458,-1.295,-0.8183
908.0719,356.7765,-1.919,0.436,-1.2883,-0.817
908.5027,355.4914,-1.9272,0.4253,-1.282,-0.8159
908.9222,354.2124,-1.9353,0.4136,-1.2761,-0.815
909.3296,352.9391,-1.9435,0.401,-1.2705,-0.8144
909.7238,351.6711,-1.9516,0.3873,-1.2655,-0.814
910.1038,350.408,-1.9597,0.3726,-1.2609,-0.8138
910.4686,349.1493,-1.9679,0.3569,-1.2567,-0.8139
910.8172,347.8944,-1.976,0.34,-1.2531,-0.8142
911.1483,346.6429,-1.9842,0.3221,-1.25,-0.8147
911.2193,346.3659,-1.986,0.318,-1.2493,-0.8148
911.5277,345.1179,-1.9941,0.2987,-1.2469,-0.8156
911.8164,343.872,-2.0023,0.2784,-1.245,-0.8166
912.0841,342.6278,-2.0105,0.2569,-1.2436,-0.8178
912.3299,341.3847,-2.0186,0.2345,-1.2427,-0.8192
912.5528,340.1423,-2.0268,0.2112,-1.2423,-0.8208
912.7519,338.9,-2.0351,0.1869,-1.2424,-0.8225
912.9263,337.6574,-2.0433,0.1617,-1.243,-0.8244
913.075,336.4139,-2.0515,0.1357,-1.244,-0.8264
913.1973,335.1692,-2.0598,0.1088,-1.2455,-0.8286
913.2924,333.9227,-2.0681,0.0812,-1.2475,-0.8308
913.3595,332.6741,-2.0764,0.0529,-1.2498,-0.8332
913.398,331.4229,-2.0848,0.0239,-1.2526,-0.8357
913.4072,330.1687,-2.0931,-0.0057,-1.2558,-0.8383
913.3864,328.9111,-2.1015,-0.0359,-1.2594,-0.841
913.3351,327.6497,-2.11,-0.0667,-1.2634,-0.8437
913.2527,326.3842,-2.1184,-0.0981,-1.2677,-0.8466
913.1388,325.1143,-2.1269,-0.1299,-1.2723,-0.8494
912.9929,323.8395,-2.1354,-0.1621,-1.2773,-0.8523
912.8144,322.5595,-2.1439,-0.1948,-1.2826,-0.8552
912.6032,321.2741,-2.1525,-0.2278,-1.2883,-0.8582
912.3588,319.9829,-2.1611,-0.2611,-1.2941,-0.8611
912.0808,318.6857,-2.1697,-0.2948,-1.3003,-0.8641
911.7691,317.3822,-2.1784,-0.3286,-1.3067,-0.867
911.4235,316.0722,-2.1871,-0.3627,-1.3134,-0.8699
911.0436,314.7554,-2.1958,-0.397,-1.3202,-0.8728
910.6294,313.4316,-2.2045,-0.4314,-1.3273,-0.8757
910.1807,312.1007,-2.2133,-0.4659,-1.3346,-0.8785
909.6976,310.7624,-2.2221,-0.5005,-1.342,-0.8812
909.1798,309.4166,-2.2309,-0.5351,-1.3496,-0.8839
908.6275,308.0632,-2.2398,-0.5696,-1.3573,-0.8866
908.0406,306.702,-2.2487,-0.6041,-1.3651,-0.8891
907.4192,305.333,-2.2576,-0.6386,-1.373,-0.8916
906.7634,303.9559,-2.2665,-0.6729,-1.381,-0.8939
906.0734,302.5709,-2.2754,-0.7071,-1.3891,-0.8962
905.3494,301.1778,-2.2844,-0.741,-1.3971,-0.8983
904.5915,299.7766,-2.2934,-0.7748,-1.4052,-0.9004
903.8,298.3674,-2.3024,-0.8082,-1.4133,-0.9023
902.9751,296.95,-2.3115,-0.8414,-1.4214,-0.904
902.1173,295.5246,-2.3205,-0.8743,-1.4294,-0.9057
901.2268,294.0912,-2.3296,-0.9067,-1.4374,-0.9072
900.304,292.6499,-2.3386,-0.9388,-1.4452,-0.9086
899.3493,291.2007,-2.3477,-0.9705,-1.453,-0.9098
898.3632,289.7439,-2.3568,-1.0017,-1.4606,-0.9108
897.3461,288.2796,-2.366,-1.0324,-1.4681,-0.9117
896.2986,286.8078,-2.3751,-1.0625,-1.4754,-0.9124
895.2212,285.3288,-2.3842,-1.0921,-1.4825,-0.913
894.1145,283.8429,-2.3933,-1.1212,-1.4894,-0.9133
892.9791,282.3502,-2.4025,-1.1496,-1.496,-0.9135
891.8156,280.851,-2.4116,-1.1773,-1.5023,-0.9135
890.6247,279.3456,-2.4207,-1.2044,-1.5084,-0.9134
889.4071,277.8343,-2.4299,-1.2307,-1.5142,-0.913
888.1635,276.3174,-2.439,-1.2563,-1.5196,-0.9124
886.8947,274.7953,-2.4481,-1.2812,-1.5246,-0.9117
885.6014,273.2683,-2.4572,-1.3052,-1.5292,-0.9107
884.2845,271.7369,-2.4663,-1.3285,-1.5335,-0.9096
882.9447,270.2016,-2.4754,-1.3508,-1.5372,-0.9082
881.5831,268.6626,-2.4845,-1.3723,-1.5405,-0.9066
880.2004,267.1206,-2.4936,-1.3929,-1.5434,-0.9049
878.7975,265.5761,-2.5026,-1.4126,-1.5456,-0.9029
877.3755,264.0295,-2.5116,-1.4313,-1.5474,-0.9007
875.9354,262.4815,-2.5206,-1.449,-1.5485,-0.8983
874.478,260.9326,-2.5296,-1.4657,-1.5491,-0.8957
873.0044,259.3835,-2.5385,-1.4813,-1.549,-0.8929
871.5157,257.8348,-2.5474,-1.4959,-1.5483,-0.8899
870.0129,256.2872,-2.5563,-1.5094,-1.5469,-0.8867
868.4972,254.7413,-2.5652,-1.5218,-1.5447,-0.8832
866.9697,253.198,-2.574,-1.5331,-1.5418,-0.8796
865.4314,251.6579,-2.5828,-1.5432,-1.5382,-0.8757
863.8837,250.122,-2.5915,-1.5521,-1.5337,-0.8716
862.3276,248.5909,-2.6002,-1.5599,-1.5284,-0.8673
860.7643,247.0655,-2.6088,-1.5664,-1.5222,-0.8629
860.6382,246.943,-2.6095,-1.5669,-1.5217,-0.8625
859.0686,245.4248,-2.6181,-1.572,-1.5145,-0.8578
857.4945,243.9142,-2.6267,-1.576,-1.5065,-0.8528
855.917,242.4121,-2.6352,-1.5788,-1.4976,-0.8477
854.3372,240.9192,-2.6436,-1.5805,-1.4879,-0.8424
852.7563,239.4366,-2.652,-1.5811,-1.4773,-0.837
851.1753,237.965,-2.6604,-1.5807,-1.4658,-0.8314
849.5953,236.5052,-2.6687,-1.5792,-1.4536,-0.8256
848.0172,235.0582,-2.6769,-1.5768,-1.4405,-0.8196
846.4419,233.6245,-2.6851,-1.5735,-1.4266,-0.8136
844.8705,232.2052,-2.6932,-1.5693,-1.412,-0.8073
843.3037,230.8009,-2.7012,-1.5642,-1.3966,-0.801
841.7423,229.4123,-2.7092,-1.5583,-1.3804,-0.7946
840.1872,228.0403,-2.7171,-1.5517,-1.3635,-0.788
838.6391,226.6856,-2.7249,-1.5444,-1.3459,-0.7813
837.0987,225.3488,-2.7327,-1.5363,-1.3275,-0.7746
835.5667,224.0307,-2.7404,-1.5277,-1.3085,-0.7677
834.0436,222.732,-2.7481,-1.5184,-1.2889,-0.7608
832.5302,221.4532,-2.7556,-1.5085,-1.2685,-0.7538
831.0268,220.1951,-2.7632,-1.4981,-1.2476,-0.7467
829.534,218.9583,-2.7706,-1.4873,-1.226,-0.7395
828.0524,217.7433,-2.7779,-1.476,-1.2038,-0.7323
826.5823,216.5508,-2.7852,-1.4642,-1.1811,-0.7251
825.1241,215.3813,-2.7924,-1.4521,-1.1578,-0.7177
823.6781,214.2354,-2.7996,-1.4397,-1.134,-0.7104
822.2448,213.1136,-2.8066,-1.427,-1.1096,-0.703
820.8243,212.0163,-2.8136,-1.414,-1.0848,-0.6956
819.4169,210.9441,-2.8206,-1.4008,-1.0595,-0.6881
818.0228,209.8975,-2.8274,-1.3874,-1.0337,-0.6806
816.6421,208.8768,-2.8342,-1.3739,-1.0076,-0.6731
815.2751,207.8825,-2.8409,-1.3602,-0.981,-0.6656
813.9217,206.9149,-2.8475,-1.3465,-0.9541,-0.658
812.5821,205.9744,-2.854,-1.3327,-0.9268,-0.6505
811.2563,205.0614,-2.8605,-1.319,-0.8992,-0.6429
809.9441,204.1762,-2.8669,-1.3053,-0.8713,-0.6353
808.6457,203.319,-2.8732,-1.2917,-0.8431,-0.6278
807.3608,202.49,-2.8794,-1.2781,-0.8147,-0.6202
806.0894,201.6897,-2.8856,-1.2647,-0.786,-0.6126
804.8312,200.918,-2.8917,-1.2515,-0.7572,-0.605
803.5862,200.1753,-2.8977,-1.2385,-0.7282,-0.5974
802.3541,199.4616,-2.9036,-1.2258,-0.6991,-0.5898
801.1345,198.7771,-2.9095,-1.2133,-0.6699,-0.5822
799.9273,198.1218,-2.9153,-1.2012,-0.6406,-0.5747
798.732,197.4959,-2.921,-1.1894,-0.6113,-0.5671
797.5484,196.8992,-2.9266,-1.178,-0.582,-0.5595
796.3759,196.3319,-2.9322,-1.167,-0.5527,-0.5519
795.2143,195.7939,-2.9377,-1.1564,-0.5234,-0.5444
794.0629,195.2851,-2.9431,-1.1464,-0.4943,-0.5368
792.9213,194.8053,-2.9484,-1.1368,-0.4652,-0.5293
791.789,194.3546,-2.9537,-1.1278,-0.4363,-0.5217
790.6655,193.9326,-2.9588,-1.1194,-0.4076,-0.5142
789.55,193.5392,-2.9639,-1.1116,-0.3792,-0.5066
788.4421,193.1742,-2.969,-1.1044,-0.351,-0.4991
787.341,192.8372,-2.9739,-1.0979,-0.3231,-0.4916
786.246,192.528,-2.9788,-1.0921,-0.2955,-0.484
785.1565,192.2461,-2.9836,-1.087,-0.2683,-0.4765
784.0717,191.9913,-2.9883,-1.0827,-0.2415,-0.4689
782.9908,191.763,-2.993,-1.0792,-0.2151,-0.4614
781.913,191.5609,-2.9976,-1.0765,-0.1892,-0.4538
780.8375,191.3844,-3.0021,-1.0746,-0.1639,-0.4463
779.7635,191.233,-3.0065,-1.0737,-0.1391,-0.4387
778.6899,191.1061,-3.0108,-1.0736,-0.1149,-0.4311
777.616,191.0031,-3.0151,-1.0745,-0.0913,-0.4236
776.5407,190.9233,-3.0193,-1.0763,-0.0684,-0.416
775.4631,190.8661,-3.0234,-1.0791,-0.0462,-0.4084
774.3821,190.8306,-3.0275,-1.0829,-0.0248,-0.4008
773.2968,190.8162,-3.0314,-1.0878,-0.0042,-0.3932
772.2062,190.822,-3.0353,-1.0937,0.0156,-0.3856
771.3698,190.8395,-3.0383,-1.099,0.0301,-0.3797
770.267,190.8788,-3.042,-1.1069,0.0483,-0.3721
769.1557,190.9359,-3.0457,-1.1158,0.0657,-0.3644
768.035,191.0098,-3.0493,-1.1258,0.0821,-0.3568
766.9038,191.0997,-3.0528,-1.1367,0.0976,-0.3491
765.7613,191.2047,-3.0563,-1.1485,0.1122,-0.3413
764.6065,191.3238,-3.0597,-1.1612,0.1259,-0.3336
763.4387,191.4563,-3.063,-1.1746,0.1388,-0.3257
762.257,191.6011,-3.0662,-1.1888,0.1508,-0.3179
761.0608,191.7575,-3.0693,-1.2037,0.1619,-0.31
759.8494,191.9247,-3.0724,-1.2193,0.1722,-0.302
758.6221,192.1016,-3.0754,-1.2354,0.1816,-0.2941
757.3784,192.2876,-3.0783,-1.252,0.1902,-0.286
756.1179,192.4817,-3.0811,-1.2692,0.198,-0.2779
754.8399,192.6832,-3.0838,-1.2868,0.2049,-0.2698
753.5442,192.8913,-3.0865,-1.3047,0.211,-0.2616
752.2304,193.1051,-3.089,-1.323,0.2164,-0.2533
750.8981,193.3238,-3.0915,-1.3416,0.2209,-0.2451
749.5472,193.5467,-3.0939,-1.3604,0.2247,-0.2367
748.1773,193.773,-3.0963,-1.3793,0.2278,-0.2284
746.7885,194.002,-3.0985,-1.3984,0.2301,-0.22
745.3805,194.2329,-3.1007,-1.4176,0.2317,-0.2116
743.9533,194.4651,-3.1027,-1.4368,0.2325,-0.2031
742.507,194.6977,-3.1047,-1.4559,0.2327,-0.1947
741.0415,194.9302,-3.1066,-1.475,0.2322,-0.1862
739.5571,195.1619,-3.1085,-1.4939,0.231,-0.1777
738.0537,195.3921,-3.1102,-1.5127,0.2292,-0.1692
736.5317,195.6201,-3.1118,-1.5313,0.2268,-0.1608
734.9913,195.8455,-3.1134,-1.5495,0.2238,-0.1523
733.4327,196.0676,-3.1149,-1.5675,0.2202,-0.1439
731.8564,196.2857,-3.1163,-1.5851,0.2161,-0.1355
730.2628,196.4995,-3.1176,-1.6022,0.2114,-0.1272
728.6522,196.7083,-3.1188,-1.6189,0.2062,-0.1189
727.0251,196.9118,-3.12,-1.6351,0.2005,-0.1107
725.3822,197.1093,-3.121,-1.6507,0.1944,-0.1026
723.724,197.3005,-3.122,-1.6657,0.1879,-0.0945
722.0511,197.4849,-3.1229,-1.68,0.1809,-0.0866
720.3643,197.6622,-3.1238,-1.6936,0.1736,-0.0788
718.6642,197.832,-3.1245,-1.7065,0.1659,-0.0711
716.9516,197.994,-3.1252,-1.7185,0.158,-0.0636
715.2274,198.1478,-3.1258,-1.7297,0.1497,-0.0562
713.4925,198.2933,-3.1263,-1.7401,0.1412,-0.0489
711.7476,198.4301,-3.1268,-1.7494,0.1324,-0.0419
709.9939,198.558,-3.1271,-1.7578,0.1235,-0.035
708.2323,198.677,-3.1275,-1.7652,0.1144,-0.0284
706.4639,198.7868,-3.1277,-1.7715,0.1052,-0.0219
704.6897,198.8873,-3.1279,-1.7766,0.0959,-0.0157
702.911,198.9785,-3.128,-1.7807,0.0866,-0.0097
701.1288,199.0604,-3.1281,-1.7834,0.0772,-0.004
699.3445,199.133,-3.1281,-1.785,0.0679,0.0015
697.5593,199.1962,-3.1281,-1.7852,0.0586,0.0067
695.7745,199.2502,-3.128,-1.7841,0.0495,0.0116
693.9915,199.2952,-3.1278,-1.7816,0.0405,0.0162
692.2118,199.3312,-3.1277,-1.7777,0.0316,0.0205
690.4367,199.3586,-3.1274,-1.7723,0.0231,0.0245
688.6677,199.3774,-3.1272,-1.7654,0.0147,0.0282
686.9064,199.3881,-3.1269,-1.7569,0.0067,0.0315
685.1544,199.391,-3.1265,-1.7468,-0.0009,0.0345
683.4133,199.3864,-3.1262,-1.7351,-0.0082,0.0372
681.6847,199.3747,-3.1258,-1.7217,-0.015,0.0395
681.0323,199.3686,-3.1256,-1.7162,-0.0175,0.0403
679.3239,199.348,-3.1252,-1.7004,-0.0236,0.0422
677.632,199.3216,-3.1248,-1.6831,-0.0292,0.0436
675.9582,199.2897,-3.1244,-1.6643,-0.0344,0.0447
674.3038,199.2528,-3.1239,-1.6443,-0.0392,0.0455
672.67,199.2114,-3.1234,-1.6232,-0.0436,0.0458
671.0576,199.1657,-3.123,-1.6013,-0.0476,0.0457
669.4677,199.1162,-3.1225,-1.5785,-0.0513,0.0452
667.9008,199.0632,-3.1221,-1.5552,-0.0547,0.0442
666.3574,199.007,-3.1217,-1.5315,-0.0578,0.0429
664.8378,198.9478,-3.1212,-1.5075,-0.0606,0.0411
663.3423,198.8859,-3.1208,-1.4835,-0.0632,0.039
661.8708,198.8215,-3.1205,-1.4596,-0.0656,0.0364
660.4231,198.7547,-3.1201,-1.4359,-0.0679,0.0334
658.9989,198.6857,-3.1198,-1.4126,-0.07,0.03
657.5978,198.6147,-3.1195,-1.3899,-0.072,0.0262
656.2189,198.5417,-3.1193,-1.3679,-0.074,0.0221
654.8616,198.4668,-3.1191,-1.3469,-0.0759,0.0175
653.5247,198.3899,-3.1189,-1.3269,-0.0778,0.0127
652.2073,198.3112,-3.1188,-1.3082,-0.0797,0.0075
650.9078,198.2304,-3.1188,-1.2909,-0.0817,0.0019
649.6249,198.1477,-3.1188,-1.2752,-0.0838,-0.0039
648.3569,198.0627,-3.1188,-1.2612,-0.086,-0.01
647.6872,198.0166,-3.1189,-1.2545,-0.0873,-0.0133
646.4384,197.9281,-3.1191,-1.2434,-0.0898,-0.0198
645.1996,197.837,-3.1193,-1.2343,-0.0924,-0.0265
643.9691,197.7433,-3.1196,-1.227,-0.0952,-0.0334
642.745,197.6467,-3.12,-1.2215,-0.098,-0.0404
641.5255,197.5472,-3.1204,-1.2178,-0.101,-0.0474
640.3089,197.4447,-3.1209,-1.2157,-0.104,-0.0545
639.0936,197.3391,-3.1215,-1.2152,-0.1071,-0.0616
637.8781,197.2305,-3.1222,-1.2162,-0.1102,-0.0686
636.6607,197.1188,-3.1229,-1.2187,-0.1133,-0.0755
635.4401,197.0039,-3.1237,-1.2226,-0.1164,-0.0823
634.215,196.8861,-3.1245,-1.2279,-0.1194,-0.089
632.9839,196.7652,-3.1254,-1.2344,-0.1224,-0.0954
631.7457,196.6413,-3.1264,-1.2422,-0.1253,-0.1015
630.4991,196.5146,-3.1275,-1.2511,-0.1281,-0.1074
629.2431,196.3851,-3.1286,-1.2611,-0.1309,-0.113
627.9766,196.2529,-3.1297,-1.2721,-0.1335,-0.1182
626.6986,196.1181,-3.1309,-1.284,-0.136,-0.1231
625.4083,195.981,-3.1322,-1.2969,-0.1383,-0.1275
624.1046,195.8416,-3.1335,-1.3106,-0.1405,-0.1315
622.7869,195.7001,-3.1348,-1.325,-0.1425,-0.1351
621.4544,195.5568,-3.1362,-1.3401,-0.1443,-0.1382
620.1064,195.4117,-3.1376,-1.3559,-0.1459,-0.1407
618.7424,195.2651,-3.139,-1.3722,-0.1473,-0.1428
617.3618,195.1171,-3.1404,-1.3891,-0.1485,-0.1443
615.9642,194.9681,-3.1419,-1.4063,-0.1495,-0.1453
614.549,194.8183,-3.1433,-1.424,-0.1502,-0.1458
613.1161,194.6678,-3.1448,-1.442,-0.1507,-0.1457
611.665,194.5169,-3.1463,-1.4602,-0.151,-0.145
610.1956,194.366,-3.1477,-1.4786,-0.151,-0.1437
608.7078,194.2151,-3.1491,-1.4971,-0.1507,-0.1419
607.2014,194.0647,-3.1505,-1.5157,-0.1501,-0.1395
605.6764,193.9149,-3.1519,-1.5343,-0.1493,-0.1365
604.1328,193.7661,-3.1533,-1.5528,-0.1483,-0.1329
602.5708,193.6185,-3.1546,-1.5712,-0.1469,-0.1288
600.9904,193.4724,-3.1558,-1.5894,-0.1452,-0.1242
599.392,193.3281,-3.157,-1.6074,-0.1433,-0.119
597.7758,193.1859,-3.1582,-1.625,-0.1411,-0.1134
596.1421,193.0461,-3.1593,-1.6423,-0.1385,-0.1072
594.4914,192.909,-3.1604,-1.6591,-0.1357,-0.1005
592.8241,192.7748,-3.1613,-1.6754,-0.1326,-0.0934
591.1408,192.6439,-3.1622,-1.6912,-0.1291,-0.0859
589.442,192.5166,-3.163,-1.7063,-0.1254,-0.0779
587.7285,192.3932,-3.1638,-1.7207,-0.1214,-0.0696
586.0008,192.274,-3.1644,-1.7344,-0.117,-0.0609
584.2599,192.1593,-3.165,-1.7473,-0.1124,-0.0519
582.5065,192.0493,-3.1655,-1.7594,-0.1074,-0.0426
580.7415,191.9445,-3.1658,-1.7705,-0.1022,-0.033
578.9659,191.8451,-3.1661,-1.7806,-0.0966,-0.0233
577.1807,191.7515,-3.1663,-1.7896,-0.0907,-0.0133
575.3869,191.6639,-3.1664,-1.7976,-0.0845,-0.0033
573.5858,191.5827,-3.1664,-1.8044,-0.0779,0.0069
571.7785,191.5081,-3.1663,-1.81,-0.0711,0.0172
569.9663,191.4406,-3.166,-1.8143,-0.0639,0.0275
568.1504,191.3803,-3.1657,-1.8172,-0.0565,0.0377
566.3323,191.3277,-3.1653,-1.8188,-0.0486,0.0479
564.5133,191.2831,-3.1647,-1.8189,-0.0405,0.058
562.695,191.2468,-3.1641,-1.8175,-0.032,0.068
560.8789,191.2192,-3.1634,-1.8145,-0.0232,0.0778
559.2471,191.2019,-3.1626,-1.8104,-0.015,0.0864
557.4396,191.1916,-3.1617,-1.8043,-0.0056,0.0957
555.6391,191.1909,-3.1607,-1.7966,0.0042,0.1047
553.8469,191.2,-3.1596,-1.7874,0.0142,0.1133
552.0648,191.2193,-3.1585,-1.7768,0.0244,0.1215
550.2939,191.2488,-3.1572,-1.7648,0.0347,0.1293
548.5356,191.2888,-3.1559,-1.7516,0.0452,0.1366
546.7911,191.3393,-3.1545,-1.7372,0.0558,0.1433
545.0615,191.4004,-3.153,-1.7218,0.0664,0.1494
543.3479,191.4721,-3.1515,-1.7053,0.0769,0.1549
541.6511,191.5543,-3.1499,-1.688,0.0875,0.1598
539.9721,191.647,-3.1483,-1.6699,0.0979,0.1639
538.3116,191.75,-3.1466,-1.651,0.1082,0.1674
536.6703,191.8633,-3.145,-1.6315,0.1183,0.1702
535.0487,191.9866,-3.1432,-1.6115,0.1282,0.1722
533.4474,192.1196,-3.1415,-1.591,0.1379,0.1734
531.8669,192.2622,-3.1398,-1.5701,0.1473,0.1739
530.3073,192.4141,-3.138,-1.5489,0.1563,0.1737
528.7691,192.5748,-3.1363,-1.5275,0.1651,0.1726
527.2523,192.7441,-3.1346,-1.506,0.1734,0.1708
525.7571,192.9215,-3.1329,-1.4845,0.1813,0.1682
524.2833,193.1066,-3.1312,-1.463,0.1888,0.1649
522.831,193.299,-3.1296,-1.4417,0.1958,0.1608
521.4,193.4981,-3.128,-1.4205,0.2024,0.156
519.9898,193.7035,-3.1265,-1.3997,0.2084,0.1505
518.6003,193.9147,-3.125,-1.3793,0.2138,0.1444
517.231,194.1309,-3.1236,-1.3594,0.2187,0.1376
515.8813,194.3518,-3.1223,-1.3401,0.2229,0.1301
514.5507,194.5766,-3.121,-1.3214,0.2266,0.1221
513.2383,194.8047,-3.1198,-1.3034,0.2295,0.1136
511.9436,195.0354,-3.1187,-1.2863,0.2319,0.1045
510.6655,195.2682,-3.1177,-1.2701,0.2335,0.095
509.4031,195.5021,-3.1168,-1.2549,0.2344,0.0851
508.1554,195.7367,-3.116,-1.2407,0.2346,0.0749
506.9212,195.9711,-3.1153,-1.2278,0.234,0.0643
505.6994,196.2045,-3.1147,-1.216,0.2327,0.0535
504.4887,196.4362,-3.1143,-1.2057,0.2306,0.0425
503.2876,196.6654,-3.1139,-1.1967,0.2277,0.0314
502.0948,196.8912,-3.1136,-1.1893,0.2239,0.0202
500.9086,197.1129,-3.1135,-1.1834,0.2194,0.009
499.7274,197.3297,-3.1135,-1.1792,0.214,-0.0021
498.9431,197.4708,-3.1135,-1.1774,0.2099,-0.0095
497.7664,197.6773,-3.1136,-1.1762,0.203,-0.0203
496.5901,197.8766,-3.1139,-1.1767,0.1954,-0.031
495.4125,198.0678,-3.1143,-1.1789,0.1869,-0.0412
494.2319,198.2502,-3.1147,-1.1826,0.1778,-0.051
493.0467,198.4231,-3.1153,-1.1879,0.1679,-0.0602
491.8556,198.5859,-3.1159,-1.1946,0.1575,-0.0687
490.6571,198.7379,-3.1166,-1.2027,0.1465,-0.0764
489.4498,198.8786,-3.1174,-1.212,0.1349,-0.0833
488.2326,199.0076,-3.1183,-1.2226,0.1229,-0.0891
487.0043,199.1243,-3.1192,-1.2343,0.1104,-0.0939
485.7637,199.2283,-3.1202,-1.247,0.0976,-0.0976
484.51,199.3194,-3.1212,-1.2607,0.0845,-0.1001
483.242,199.3971,-3.1222,-1.2753,0.071,-0.1012
481.9591,199.4613,-3.1232,-1.2908,0.0573,-0.1009
480.6603,199.5117,-3.1242,-1.3069,0.0435,-0.0992
479.345,199.5482,-3.1252,-1.3238,0.0294,-0.096
478.0125,199.5706,-3.1261,-1.3412,0.0153,-0.0912
476.6623,199.5788,-3.127,-1.3592,0.0011,-0.0848
475.294,199.5728,-3.1278,-1.3776,-0.0131,-0.0767
473.907,199.5527,-3.1285,-1.3964,-0.0272,-0.0669
472.5011,199.5184,-3.1291,-1.4155,-0.0414,-0.0552
471.076,199.47,-3.1296,-1.4347,-0.0554,-0.0418
469.6316,199.4077,-3.13,-1.4541,-0.0693,-0.0265
468.1677,199.3315,-3.1301,-1.4736,-0.0829,-0.0094
466.6843,199.2418,-3.1301,-1.4931,-0.0964,0.0096
465.1815,199.1388,-3.1299,-1.5125,-0.1096,0.0306
463.6595,199.0227,-3.1295,-1.5317,-0.1226,0.0535
462.1183,198.8938,-3.1289,-1.5506,-0.1352,0.0782
460.5583,198.7524,-3.128,-1.5693,-0.1474,0.1049
458.9799,198.5991,-3.1268,-1.5875,-0.1593,0.1336
457.3835,198.434,-3.1253,-1.6053,-0.1707,0.1641
455.7695,198.2578,-3.1235,-1.6225,-0.1817,0.1966
454.1386,198.0708,-3.1213,-1.6391,-0.1922,0.2309
452.4915,197.8735,-3.1189,-1.655,-0.2022,0.267
450.8288,197.6665,-3.116,-1.6702,-0.2117,0.305
449.1514,197.4503,-3.1127,-1.6845,-0.2206,0.3448
447.4602,197.2256,-3.1091,-1.6979,-0.2289,0.3864
445.756,196.9928,-3.105,-1.7102,-0.2365,0.4296
444.04,196.7528,-3.1005,-1.7215,-0.2436,0.4746
442.3133,196.506,-3.0955,-1.7317,-0.2499,0.5211
440.5771,196.2532,-3.0901,-1.7406,-0.2556,0.5692
438.8325,195.9951,-3.0841,-1.7483,-0.2605,0.6189
437.081,195.7324,-3.0777,-1.7545,-0.2647,0.6699
435.3239,195.4659,-3.0707,-1.7594,-0.2682,0.7224
433.5627,195.1963,-3.0632,-1.7627,-0.2708,0.7762
431.7991,194.9245,-3.0552,-1.7644,-0.2726,0.8313
430.0345,194.6513,-3.0466,-1.7645,-0.2737,0.8875
428.2707,194.3775,-3.0374,-1.7628,-0.2738,0.9449
426.7792,194.1458,-3.0292,-1.7599,-0.2733,0.9943
425.0216,193.8732,-3.019,-1.7549,-0.2718,1.0535
423.27,193.6025,-3.0082,-1.7481,-0.2695,1.1135
421.526,193.3345,-2.9967,-1.7396,-0.2665,1.1742
419.7914,193.0698,-2.9847,-1.7295,-0.2627,1.2353
418.0674,192.8092,-2.972,-1.7181,-0.2583,1.2966
416.3557,192.5534,-2.9587,-1.7052,-0.2534,1.358
414.6574,192.3027,-2.9449,-1.6911,-0.2479,1.4193
412.9738,192.0577,-2.9304,-1.6759,-0.242,1.4804
411.306,191.8189,-2.9152,-1.6597,-0.2357,1.5409
409.6548,191.5865,-2.8995,-1.6425,-0.229,1.6009
408.0213,191.361,-2.8832,-1.6245,-0.2221,1.6601
406.4061,191.1424,-2.8663,-1.6058,-0.215,1.7184
404.81,190.931,-2.8489,-1.5864,-0.2077,1.7756
403.2334,190.727,-2.8308,-1.5666,-0.2004,1.8315
401.6769,190.5303,-2.8122,-1.5464,-0.193,1.8861
400.1408,190.3411,-2.7931,-1.5259,-0.1856,1.9391
398.6252,190.1591,-2.7735,-1.5052,-0.1783,1.9905
397.1304,189.9844,-2.7533,-1.4844,-0.1711,2.0401
395.6564,189.8168,-2.7327,-1.4636,-0.1641,2.0877
394.2031,189.6561,-2.7116,-1.443,-0.1574,2.1333
392.7703,189.502,-2.69,-1.4227,-0.1509,2.1767
391.3577,189.3541,-2.668,-1.4026,-0.1448,2.2178
389.9648,189.2122,-2.6457,-1.3831,-0.1391,2.2566
388.5913,189.0758,-2.6229,-1.3641,-0.1338,2.2928
387.2365,188.9445,-2.5998,-1.3457,-0.1289,2.3265
385.8996,188.8178,-2.5764,-1.3282,-0.1247,2.3574
384.5798,188.695,-2.5527,-1.3115,-0.121,2.3856
383.2762,188.5756,-2.5287,-1.2959,-0.1179,2.4109
381.9877,188.459,-2.5045,-1.2813,-0.1155,2.4332
380.7132,188.3445,-2.48,-1.2679,-0.1138,2.4525
379.4515,188.2313,-2.4554,-1.2558,-0.1128,2.4687
378.8603,188.1781,-2.4438,-1.2506,-0.1126,2.4753
377.6148,188.0654,-2.419,-1.2407,-0.1129,2.4868
376.3785,187.9521,-2.394,-1.2322,-0.1139,2.4952
375.15,187.8375,-2.3691,-1.225,-0.1156,2.5006
373.9279,187.7207,-2.344,-1.2193,-0.118,2.5031
372.711,187.6012,-2.319,-1.2148,-0.1211,2.5027
371.4979,187.4783,-2.294,-1.2117,-0.1248,2.4995
370.2873,187.3514,-2.269,-1.2097,-0.1291,2.4936
369.078,187.22,-2.2441,-1.209,-0.1339,2.4852
367.8688,187.0836,-2.2193,-1.2095,-0.1391,2.4744
366.6586,186.9416,-2.1946,-1.2111,-0.1449,2.4611
365.4463,186.7937,-2.1701,-1.2138,-0.151,2.4456
364.2307,186.6395,-2.1457,-1.2176,-0.1575,2.428
363.0108,186.4786,-2.1216,-1.2223,-0.1643,2.4082
361.7857,186.3108,-2.0976,-1.2281,-0.1714,2.3865
360.5543,186.1358,-2.0738,-1.2348,-0.1787,2.3629
359.3158,185.9533,-2.0503,-1.2424,-0.1862,2.3376
358.0693,185.7632,-2.0271,-1.2508,-0.1939,2.3105
356.8139,185.5654,-2.0041,-1.2601,-0.2017,2.282
355.5488,185.3598,-1.9815,-1.2702,-0.2096,2.2519
354.2732,185.1463,-1.9591,-1.281,-0.2174,2.2206
352.9865,184.925,-1.937,-1.2926,-0.2253,2.1879
351.6878,184.6957,-1.9153,-1.3048,-0.2332,2.1541
350.3767,184.4587,-1.894,-1.3176,-0.2409,2.1193
349.0524,184.2139,-1.873,-1.331,-0.2485,2.0835
347.7145,183.9616,-1.8523,-1.345,-0.256,2.0468
346.3623,183.702,-1.832,-1.3595,-0.2633,2.0094
344.9954,183.4352,-1.8121,-1.3744,-0.2703,1.9714
343.6133,183.1615,-1.7926,-1.3898,-0.277,1.9328
342.2157,182.8812,-1.7735,-1.4055,-0.2835,1.8937
340.8021,182.5946,-1.7547,-1.4216,-0.2896,1.8543
339.3724,182.3021,-1.7364,-1.438,-0.2953,1.8146
337.926,182.0041,-1.7184,-1.4547,-0.3006,1.7747
336.4629,181.701,-1.7009,-1.4715,-0.3055,1.7347
334.9829,181.3933,-1.6837,-1.4886,-0.3099,1.6947
333.4857,181.0815,-1.667,-1.5058,-0.3137,1.6549
331.9713,180.766,-1.6506,-1.5231,-0.3171,1.6152
330.4395,180.4475,-1.6347,-1.5404,-0.3198,1.5758
328.8905,180.1265,-1.6191,-1.5577,-0.322,1.5367
327.3241,179.8037,-1.6039,-1.5751,-0.3235,1.4981
325.7404,179.4797,-1.5892,-1.5923,-0.3244,1.46
324.1395,179.1551,-1.5747,-1.6094,-0.3246,1.4225
322.5216,178.8307,-1.5607,-1.6264,-0.324,1.3857
320.8869,178.5073,-1.547,-1.6431,-0.3228,1.3497
319.2355,178.1855,-1.5337,-1.6596,-0.3207,1.3144
317.5677,177.8661,-1.5207,-1.6758,-0.3179,1.2801
315.8839,177.55,-1.5081,-1.6917,-0.3142,1.2468
314.1844,177.2379,-1.4958,-1.7072,-0.3097,1.2145
312.4696,176.9308,-1.4838,-1.7223,-0.3044,1.1833
310.7399,176.6295,-1.4721,-1.737,-0.2981,1.1533
308.9959,176.3348,-1.4607,-1.7511,-0.291,1.1246
307.2379,176.0478,-1.4496,-1.7647,-0.2829,1.0972
305.4667,175.7693,-1.4388,-1.7777,-0.2739,1.0711
303.6828,175.5004,-1.4282,-1.79,-0.2639,1.0465
301.8869,175.2419,-1.4179,-1.8017,-0.2529,1.0233
300.0796,174.9949,-1.4077,-1.8127,-0.2409,1.0017
298.2617,174.7604,-1.3978,-1.8229,-0.2279,0.9816
296.4339,174.5395,-1.3881,-1.8324,-0.2138,0.9633
294.5972,174.3331,-1.3785,-1.841,-0.1987,0.9466
292.7523,174.1424,-1.3692,-1.8487,-0.1825,0.9316
290.9002,173.9685,-1.3599,-1.8555,-0.1652,0.9184
289.0417,173.8124,-1.3508,-1.8613,-0.1468,0.907
287.178,173.6752,-1.3418,-1.8661,-0.1273,0.8975
285.8799,173.5917,-1.3355,-1.8688,-0.113,0.8921
284.0095,173.4893,-1.3267,-1.8719,-0.0916,0.8858
282.1365,173.4088,-1.3178,-1.8738,-0.0691,0.8813
280.2622,173.3513,-1.309,-1.8747,-0.0458,0.8784
278.3876,173.3176,-1.3002,-1.8744,-0.0216,0.8771
276.5138,173.3083,-1.2915,-1.873,0.0032,0.877
274.642,173.3242,-1.2827,-1.8704,0.0286,0.8782
272.7733,173.3656,-1.2739,-1.8667,0.0543,0.8805
270.9089,173.433,-1.2651,-1.8619,0.0804,0.8837
269.05,173.5266,-1.2562,-1.8558,0.1067,0.8877
267.1976,173.6465,-1.2473,-1.8486,0.1331,0.8923
265.3531,173.7928,-1.2384,-1.8403,0.1595,0.8975
263.5175,173.9654,-1.2294,-1.8307,0.1857,0.9031
261.692,174.1642,-1.2203,-1.82,0.2118,0.9091
259.8779,174.3889,-1.2112,-1.8081,0.2375,0.9152
258.0762,174.6391,-1.202,-1.795,0.2628,0.9214
256.2882,174.9144,-1.1928,-1.7808,0.2877,0.9275
254.515,175.2142,-1.1835,-1.7654,0.3119,0.9336
252.7578,175.538,-1.1741,-1.7489,0.3355,0.9394
251.0176,175.885,-1.1647,-1.7313,0.3584,0.9448
249.2956,176.2545,-1.1552,-1.7125,0.3805,0.9499
247.593,176.6456,-1.1457,-1.6926,0.4016,0.9545
245.9107,177.0574,-1.1361,-1.6717,0.4219,0.9585
244.2499,177.4891,-1.1265,-1.6497,0.4412,0.9618
242.6116,177.9394,-1.1169,-1.6267,0.4594,0.9644
240.9968,178.4075,-1.1072,-1.6027,0.4765,0.9663
239.4066,178.8921,-1.0976,-1.5777,0.4925,0.9673
237.8418,179.3921,-1.0879,-1.5517,0.5073,0.9675
236.3034,179.9063,-1.0782,-1.5249,0.5209,0.9667
234.7924,180.4335,-1.0686,-1.4971,0.5332,0.9649
233.3095,180.9724,-1.0589,-1.4685,0.5443,0.9621
231.8556,181.5217,-1.0493,-1.4391,0.5541,0.9583
230.4315,182.0801,-1.0398,-1.4089,0.5625,0.9534
229.038,182.6463,-1.0303,-1.378,0.5697,0.9475
227.6758,183.219,-1.0208,-1.3464,0.5755,0.9404
226.3454,183.7968,-1.0115,-1.3141,0.58,0.9322
225.0477,184.3785,-1.0022,-1.2813,0.5831,0.923
223.783,184.9626,-0.993,-1.2479,0.5849,0.9126
222.552,185.5479,-0.9839,-1.214,0.5854,0.9011
221.3552,186.1331,-0.975,-1.1797,0.5847,0.8885
220.1929,186.7168,-0.9662,-1.1449,0.5826,0.8749
219.0655,187.2979,-0.9575,-1.1098,0.5793,0.8602
217.9734,187.875,-0.949,-1.0744,0.5748,0.8444
216.9167,188.447,-0.9406,-1.0388,0.569,0.8277
215.8959,189.0127,-0.9324,-1.003,0.5621,0.81
214.9109,189.5709,-0.9244,-0.967,0.5541,0.7914
213.9619,190.1206,-0.9166,-0.931,0.5451,0.7719
213.0489,190.6607,-0.909,-0.895,0.535,0.7516
212.1719,191.1902,-0.9016,-0.859,0.5239,0.7305
211.3309,191.7082,-0.8944,-0.8231,0.5119,0.7087
210.5257,192.2137,-0.8874,-0.7874,0.499,0.6863
209.756,192.706,-0.8806,-0.7519,0.4853,0.6632
209.0218,193.1841,-0.8741,-0.7167,0.4709,0.6396
208.3226,193.6476,-0.8678,-0.6818,0.4558,0.6155
207.6581,194.0956,-0.8618,-0.6473,0.4401,0.591
207.0278,194.5276,-0.856,-0.6133,0.4238,0.5661
206.4313,194.943,-0.8505,-0.5798,0.4071,0.541
205.8681,195.3415,-0.8452,-0.5468,0.3899,0.5158
205.3375,195.7227,-0.8402,-0.5145,0.3724,0.4904
204.8389,196.0862,-0.8354,-0.4828,0.3546,0.4649
204.3717,196.4318,-0.8309,-0.4519,0.3366,0.4396
203.9349,196.7594,-0.8266,-0.4217,0.3185,0.4143
203.528,197.0689,-0.8226,-0.3923,0.3004,0.3892
203.15,197.3602,-0.8188,-0.3639,0.2823,0.3645
202.8,197.6335,-0.8153,-0.3363,0.2643,0.34
202.477,197.8888,-0.812,-0.3097,0.2464,0.316
202.1802,198.1264,-0.809,-0.2841,0.2288,0.2925
201.9085,198.3466,-0.8062,-0.2595,0.2115,0.2696
201.6609,198.5496,-0.8036,-0.236,0.1946,0.2473
201.4362,198.7359,-0.8012,-0.2135,0.1781,0.2257
201.2334,198.906,-0.7991,-0.1922,0.1621,0.2049
201.0514,199.0604,-0.7971,-0.1721,0.1467,0.1849
200.8889,199.1997,-0.7954,-0.1531,0.1319,0.1659
200.7448,199.3244,-0.7938,-0.1353,0.1178,0.1477
200.618,199.4354,-0.7924,-0.1186,0.1043,0.1306
200.5072,199.5333,-0.7912,-0.1032,0.0916,0.1144
200.4112,199.6189,-0.7901,-0.0889,0.0797,0.0994
200.329,199.6931,-0.7892,-0.0759,0.0687,0.0854
200.2591,199.7565,-0.7884,-0.064,0.0584,0.0726
200.2006,199.8102,-0.7877,-0.0532,0.0491,0.0608
200.1523,199.855,-0.7872,-0.0437,0.0406,0.0502
200.113,199.8918,-0.7867,-0.0352,0.033,0.0408
200.0816,199.9213,-0.7864,-0.0278,0.0263,0.0324
200.0571,199.9446,-0.7861,-0.0214,0.0204,0.0252
200.0384,199.9625,-0.7859,-0.016,0.0154,0.019
200.0246,199.9758,-0.7857,-0.0116,0.0113,0.0138
200.0149,199.9853,-0.7856,-0.008,0.0078,0.0096
200.0083,199.9917,-0.7855,-0.0052,0.0052,0.0063
200.0042,199.9958,-0.7854,-0.0032,0.0031,0.0038
200.0018,199.9982,-0.7854,-0.0017,0.0017,0.0021
200.0006,199.9994,-0.7854,-0.0008,0.0008,0.0009
200.0001,199.9999,-0.7854,-0.0003,0.0003,0.0003
200,200,-0.7854,-0,0,0.0001
200,200,-0.7854,-0,0,0
