136.98379,217.355288,-0.680269,0.028233,-0.030905,0.0425
137.012064,217.324337,-0.679844,0.028343,-0.031032,0.042666
137.04059,217.29309,-0.679414,0.028792,-0.031559,0.043336
137.06986,217.260972,-0.678974,0.029876,-0.032827,0.044947
137.100642,217.227095,-0.678511,0.031857,-0.035118,0.047863
137.133945,217.190319,-0.678011,0.034954,-0.038658,0.052386
137.170984,217.149303,-0.677457,0.039355,-0.043624,0.058759
137.213141,217.102553,-0.676829,0.045214,-0.050144,0.067166
137.26194,217.048469,-0.676107,0.052656,-0.058303,0.077744
137.319014,216.985386,-0.675267,0.061779,-0.068147,0.09058
137.386082,216.911609,-0.674287,0.072652,-0.079688,0.105721
137.464919,216.825452,-0.673145,0.085326,-0.092903,0.123174
137.557342,216.725262,-0.671816,0.099825,-0.107743,0.142914
137.665181,216.609449,-0.670279,0.116158,-0.124132,0.164882
137.790266,216.476513,-0.668511,0.134315,-0.141974,0.188994
137.934409,216.325056,-0.666492,0.154268,-0.16115,0.215142
138.099388,216.153811,-0.664202,0.175979,-0.181529,0.243197
138.286935,215.961647,-0.661623,0.199394,-0.202963,0.273012
138.498724,215.747586,-0.658737,0.22445,-0.225295,0.304426
138.736358,215.510813,-0.655529,0.251073,-0.248359,0.337268
139.001365,215.250681,-0.651987,0.279181,-0.271984,0.371356
139.295187,214.966717,-0.648099,0.308687,-0.295994,0.406502
139.619172,214.658624,-0.643854,0.339494,-0.320211,0.442515
139.974575,214.326284,-0.639246,0.371503,-0.34446,0.479201
140.362544,213.969753,-0.634269,0.404611,-0.368564,0.516366
140.784128,213.589261,-0.628918,0.438712,-0.392354,0.553819
141.240263,213.185206,-0.623192,0.473697,-0.415664,0.591374
141.731779,212.758147,-0.617091,0.509456,-0.438335,0.628848
142.259395,212.308798,-0.610616,0.545878,-0.460219,0.666066
142.823719,211.838018,-0.603771,0.582852,-0.481174,0.702861
143.425246,211.346803,-0.59656,0.620267,-0.501071,0.739078
144.064364,210.836269,-0.588992,0.658014,-0.519791,0.774568
144.741348,210.307649,-0.581072,0.695982,-0.537228,0.809197
145.456366,209.762272,-0.572811,0.734064,-0.55329,0.842842
146.209478,209.201554,-0.564219,0.772153,-0.567897,0.875391
147.000638,208.626984,-0.555307,0.810142,-0.580984,0.906747
147.829693,208.040109,-0.546088,0.847926,-0.5925,0.936826
148.696388,207.44252,-0.536575,0.885404,-0.602409,0.965556
149.600364,206.835834,-0.526782,0.922471,-0.610689,0.992879
150.541159,206.221688,-0.516722,0.959025,-0.617332,1.018752
151.518209,205.601714,-0.506412,0.994965,-0.622345,1.043141
152.530849,204.977535,-0.495864,1.030187,-0.625749,1.066028
153.578309,204.350742,-0.485096,1.064588,-0.627578,1.087404
154.659716,203.722889,-0.474121,1.098063,-0.627878,1.107273
154.475712,203.993857,-0.477552,1.100153,-0.625754,1.106737
155.592115,203.368656,-0.466392,1.132482,-0.624411,1.124937
156.740337,202.745491,-0.455058,1.163796,-0.621698,1.141741
157.919378,202.125689,-0.443562,1.194124,-0.617699,1.15724
159.128266,201.510494,-0.431917,1.223494,-0.612497,1.171519
160.366054,200.901072,-0.420135,1.251928,-0.606164,1.184654
161.631816,200.298518,-0.408228,1.279445,-0.598771,1.196717
162.924645,199.703861,-0.396204,1.306065,-0.590382,1.207773
164.243652,199.118067,-0.384075,1.331803,-0.581056,1.217881
165.587962,198.542044,-0.37185,1.356672,-0.570848,1.227098
166.95671,197.976648,-0.359536,1.380683,-0.55981,1.235471
168.349045,197.422685,-0.347143,1.403846,-0.547989,1.243046
169.764123,196.880917,-0.334678,1.42617,-0.535428,1.249864
171.201106,196.352062,-0.322148,1.44766,-0.522168,1.255962
172.659166,195.8368,-0.309561,1.468322,-0.508247,1.261372
174.137476,195.335776,-0.296923,1.488161,-0.493699,1.266125
175.635214,194.8496,-0.284241,1.507179,-0.478556,1.270246
177.151561,194.378852,-0.27152,1.525379,-0.462848,1.27376
178.6857,193.924083,-0.258767,1.542763,-0.446602,1.276688
180.236815,193.485818,-0.245988,1.559332,-0.429844,1.279047
181.804092,193.064558,-0.233188,1.575086,-0.412598,1.280854
183.386716,192.660779,-0.220373,1.590027,-0.394885,1.282124
184.983875,192.274936,-0.207547,1.604155,-0.376728,1.282869
186.594755,191.907464,-0.194717,1.61747,-0.358146,1.283101
188.218545,191.55878,-0.181887,1.629973,-0.339157,1.282828
189.85443,191.229279,-0.169062,1.641664,-0.319781,1.28206
191.501602,190.919342,-0.156248,1.652544,-0.300033,1.280804
193.159249,190.629331,-0.143448,1.662615,-0.279932,1.279068
194.826563,190.359592,-0.130668,1.671879,-0.259492,1.276856
196.502738,190.110453,-0.117912,1.680337,-0.238732,1.274175
198.186971,189.88223,-0.105186,1.687994,-0.217665,1.271029
199.878461,189.67522,-0.092493,1.694853,-0.196309,1.267425
201.576413,189.489704,-0.079839,1.700919,-0.174679,1.263366
203.280036,189.325949,-0.067227,1.706197,-0.15279,1.258857
204.988546,189.184204,-0.054663,1.710694,-0.130661,1.253904
206.701166,189.064702,-0.042151,1.714418,-0.108306,1.248512
208.417127,188.967661,-0.029694,1.717376,-0.085743,1.242685
210.135667,188.89328,-0.017298,1.71958,-0.06299,1.23643
211.856039,188.841739,-0.004967,1.72104,-0.040063,1.229753
213.577503,188.813204,0.007295,1.721767,-0.016983,1.22266
215.299334,188.807819,0.019485,1.721777,0.006234,1.215159
217.020822,188.82571,0.031597,1.721082,0.029566,1.207257
218.74127,188.866983,0.043628,1.7197,0.052994,1.198963
220.459999,188.931723,0.055575,1.717648,0.076497,1.190286
222.176348,189.019994,0.067433,1.714944,0.100054,1.181235
223.889676,189.13184,0.079199,1.711608,0.123642,1.17182
225.599361,189.267281,0.090868,1.707662,0.147239,1.162053
227.304804,189.426314,0.102438,1.703129,0.170822,1.151944
229.00543,189.608913,0.113906,1.698032,0.194368,1.141507
230.700689,189.815029,0.125268,1.692397,0.217851,1.130753
232.390055,190.044586,0.13652,1.686252,0.241247,1.119695
234.073031,190.297485,0.14766,1.679623,0.264531,1.108348
235.74915,190.573602,0.158686,1.672542,0.287678,1.096725
237.417973,190.872787,0.169594,1.665037,0.310661,1.084841
239.079094,191.194862,0.180382,1.657142,0.333456,1.07271
240.732138,191.539626,0.191048,1.648889,0.356035,1.060347
242.376765,191.906852,0.201588,1.640313,0.378373,1.047767
244.012669,192.296283,0.212002,1.63145,0.400444,1.034985
245.639581,192.707641,0.222287,1.622335,0.422221,1.022016
247.257267,193.140619,0.232442,1.613006,0.443681,1.008873
248.865534,193.594888,0.242464,1.603502,0.464797,0.995572
250.464226,194.07009,0.252353,1.593862,0.485545,0.982125
252.053226,194.565847,0.262106,1.584126,0.505902,0.968545
253.632459,195.081756,0.271723,1.574335,0.525845,0.954845
255.20189,195.617391,0.281203,1.56453,0.545352,0.941035
256.761528,196.172308,0.290544,1.554753,0.564403,0.927125
258.214712,196.653808,0.29952,1.546096,0.581155,0.914657
259.755994,197.244069,0.308596,1.536487,0.599285,0.900579
261.287726,197.852215,0.317531,1.526995,0.616928,0.886423
262.810026,198.477764,0.326324,1.517626,0.634089,0.872197
264.323021,199.120234,0.334975,1.508386,0.650773,0.857907
265.826842,199.779151,0.343482,1.499279,0.666984,0.843559
267.321625,200.454046,0.351846,1.490311,0.682727,0.829161
268.807512,201.144452,0.360065,1.481486,0.698008,0.814719
270.284646,201.849908,0.36814,1.472808,0.71283,0.800239
271.753178,202.569961,0.37607,1.46428,0.7272,0.785726
273.213258,203.304158,0.383855,1.455907,0.741121,0.771188
274.665043,204.052055,0.391494,1.44769,0.754599,0.756629
276.108691,204.81321,0.398987,1.439633,0.767639,0.742056
277.544363,205.587189,0.406335,1.431737,0.780246,0.727475
278.97222,206.373559,0.413537,1.424005,0.792424,0.712891
280.392428,207.171895,0.420593,1.416438,0.804179,0.69831
281.805152,207.981777,0.427503,1.409038,0.815515,0.683737
283.21056,208.802788,0.434268,1.401807,0.826438,0.669178
284.608821,209.634516,0.440887,1.394744,0.836951,0.654638
286.000105,210.476555,0.44736,1.387851,0.847061,0.640124
287.38458,211.328505,0.453689,1.381129,0.856771,0.625639
288.762419,212.189967,0.459873,1.374577,0.866088,0.611189
290.133792,213.060551,0.465913,1.368197,0.875015,0.59678
291.49887,213.939869,0.471809,1.361988,0.883558,0.582416
292.857825,214.827541,0.477562,1.35595,0.891722,0.568103
294.210828,215.723189,0.483171,1.350084,0.899512,0.553845
295.55805,216.626442,0.488639,1.344388,0.906933,0.539646
296.899662,217.536934,0.493964,1.338863,0.913991,0.525512
298.235834,218.454304,0.499149,1.333508,0.920691,0.511447
299.566735,219.378197,0.504194,1.328323,0.927038,0.497454
300.892537,220.308265,0.509098,1.323307,0.933039,0.483537
302.213406,221.244163,0.513865,1.31846,0.9387,0.469701
303.529512,222.185554,0.518493,1.31378,0.944028,0.455948
304.841022,223.132109,0.522984,1.309268,0.949027,0.442281
306.148103,224.083502,0.527339,1.304922,0.953707,0.428703
307.450922,225.039419,0.531558,1.300743,0.958074,0.415216
308.749644,225.999548,0.535643,1.296729,0.962135,0.401821
310.044434,226.963591,0.539595,1.292879,0.9659,0.38852
311.335457,227.931252,0.543414,1.289194,0.969376,0.375314
312.622876,228.90225,0.547102,1.285672,0.972573,0.362202
313.906856,229.876309,0.550658,1.282314,0.975501,0.349184
315.187558,230.853165,0.554086,1.279118,0.978169,0.33626
316.465147,231.832564,0.557384,1.276085,0.980589,0.323426
317.739783,232.814264,0.560554,1.273214,0.982773,0.310681
319.011629,233.798035,0.563598,1.270505,0.984733,0.298021
320.280846,234.783659,0.566515,1.267957,0.986482,0.285442
321.547597,235.770932,0.569307,1.265571,0.988034,0.272938
322.812042,236.759666,0.571974,1.263347,0.989405,0.260504
324.074345,237.749688,0.574517,1.261285,0.990611,0.248131
325.334667,238.74084,0.576937,1.259385,0.991669,0.235811
326.59317,239.732983,0.579234,1.257648,0.992597,0.223535
327.850018,240.725997,0.581408,1.256074,0.993414,0.211292
329.105373,241.719781,0.583459,1.254665,0.994142,0.19907
330.359402,242.714258,0.585389,1.25342,0.994802,0.186854
331.612268,243.70937,0.587196,1.25234,0.995417,0.17463
332.864138,244.705086,0.588882,1.251428,0.996013,0.162381
334.11518,245.701399,0.590444,1.250684,0.996616,0.150089
335.365562,246.69833,0.591883,1.250109,0.997254,0.137734
336.615455,247.695928,0.593198,1.249706,0.997956,0.125293
337.865031,248.694275,0.594389,1.249475,0.998755,0.112744
338.029116,248.830893,0.594495,1.249439,0.99889,0.11103
339.278524,249.830243,0.595542,1.249406,0.999829,0.098334
340.527985,250.83059,0.596461,1.249544,1.000883,0.085524
341.777668,251.83204,0.597252,1.24985,1.002032,0.072623
343.027739,252.834681,0.597913,1.25032,1.003261,0.059654
344.278361,253.838582,0.598445,1.25095,1.00455,0.046638
345.529691,254.843795,0.598846,1.251736,1.005882,0.033599
346.781884,255.850355,0.599117,1.252675,1.007242,0.020558
348.03509,256.858283,0.599257,1.253762,1.008613,0.007536
349.289456,257.86758,0.599268,1.254994,1.009979,-0.005447
350.545125,258.878234,0.599149,1.256366,1.011325,-0.018368
351.802234,259.890219,0.598901,1.257875,1.012637,-0.031209
353.060918,260.903491,0.598525,1.259516,1.013899,-0.043949
354.321308,261.917996,0.598022,1.261285,1.015098,-0.05657
355.58353,262.933662,0.597394,1.263178,1.01622,-0.069053
356.847705,263.950406,0.596641,1.265192,1.017253,-0.081378
358.113952,264.968133,0.595767,1.26732,1.018182,-0.093528
359.382383,265.986732,0.594772,1.269561,1.018997,-0.105486
360.653109,267.006083,0.593658,1.271909,1.019684,-0.117234
361.926235,268.026053,0.592428,1.27436,1.020232,-0.128755
363.201862,269.046497,0.591083,1.27691,1.02063,-0.140033
364.480086,270.06726,0.589628,1.279555,1.020867,-0.151052
365.761002,271.088173,0.588063,1.28229,1.020931,-0.161797
367.044696,272.109061,0.586393,1.285113,1.020813,-0.172252
368.331254,273.129736,0.584619,1.288017,1.020503,-0.182404
369.620757,274.149999,0.582746,1.291,1.01999,-0.192237
370.91328,275.169645,0.580776,1.294058,1.019266,-0.201739
372.208896,276.188457,0.578712,1.297186,1.01832,-0.210896
373.507673,277.206208,0.576559,1.30038,1.017144,-0.219696
374.809677,278.222665,0.57432,1.303637,1.015729,-0.228126
376.114967,279.237584,0.571998,1.306953,1.014067,-0.236175
377.4236,280.250714,0.569597,1.310323,1.012149,-0.243832
378.73563,281.261794,0.567122,1.313745,1.009967,-0.251086
380.051106,282.270557,0.564577,1.317215,1.007513,-0.257927
381.370074,283.276726,0.561965,1.320728,1.004779,-0.264345
382.692576,284.280019,0.559292,1.324283,1.001758,-0.270332
384.018651,285.280144,0.55656,1.327874,0.998442,-0.275878
385.348336,286.276802,0.553775,1.3315,0.994824,-0.280977
386.681663,287.269688,0.550942,1.335157,0.990896,-0.285621
388.01866,288.258489,0.548065,1.338842,0.986652,-0.289802
389.359355,289.242885,0.545148,1.342552,0.982084,-0.293515
390.703772,290.222548,0.542196,1.346285,0.977186,-0.296755
392.051931,291.197144,0.539214,1.350037,0.97195,-0.299516
393.403852,292.166333,0.536207,1.353806,0.966369,-0.301795
394.759549,293.129766,0.53318,1.357591,0.960437,-0.303586
396.119038,294.087088,0.530137,1.361388,0.954147,-0.304888
397.482329,295.037938,0.527084,1.365196,0.947492,-0.305699
398.849433,295.981947,0.524025,1.369013,0.940464,-0.306016
400.220357,296.91874,0.520965,1.372837,0.933057,-0.305838
401.595109,297.847933,0.51791,1.376668,0.925264,-0.305165
402.973694,298.769137,0.514863,1.380502,0.917078,-0.303998
404.356115,299.681956,0.511831,1.384341,0.908491,-0.302338
405.742376,300.585984,0.508818,1.388182,0.899497,-0.300187
407.13248,301.48081,0.505829,1.392025,0.890086,-0.297547
408.526427,302.366016,0.502869,1.39587,0.880253,-0.294422
409.924221,303.241173,0.499942,1.399717,0.869989,-0.290816
411.325861,304.105848,0.497054,1.403565,0.859286,-0.286734
412.731351,304.959596,0.494209,1.407415,0.848136,-0.282181
414.140693,305.801967,0.491412,1.411268,0.83653,-0.277166
415.55389,306.632501,0.488667,1.415125,0.824459,-0.271694
416.970945,307.450728,0.48598,1.418986,0.811916,-0.265775
418.391864,308.256171,0.483353,1.422854,0.798889,-0.259417
419.816655,309.048343,0.480793,1.426729,0.785371,-0.252631
421.245325,309.826745,0.478302,1.430614,0.77135,-0.245428
422.677887,310.590871,0.475886,1.434512,0.756816,-0.237819
424.114353,311.340203,0.473547,1.438424,0.741759,-0.229818
425.554741,312.074212,0.471291,1.442355,0.726168,-0.221439
426.99907,312.792358,0.46912,1.446307,0.710031,-0.212696
428.447363,313.494089,0.467038,1.450284,0.693337,-0.203605
429.899647,314.178841,0.465049,1.45429,0.676072,-0.194183
430.392869,314.406513,0.464401,1.455657,0.670089,-0.190916
431.850548,315.067632,0.462541,1.459705,0.652059,-0.181073
433.312284,315.710466,0.460781,1.463768,0.633537,-0.170901
434.778083,316.334573,0.459124,1.467826,0.614618,-0.160382
436.247929,316.9396,0.457574,1.471859,0.595393,-0.149495
437.721785,317.525288,0.456135,1.475846,0.575954,-0.138222
439.199598,318.091466,0.454811,1.479767,0.556388,-0.126546
440.681291,318.63805,0.453606,1.483603,0.536781,-0.114452
442.16677,319.165042,0.452524,1.487335,0.517218,-0.101923
443.65592,319.672527,0.451569,1.490943,0.497779,-0.088946
445.148609,320.160668,0.450746,1.494408,0.478544,-0.075507
446.644682,320.629708,0.45006,1.497711,0.45959,-0.061596
448.14397,321.079967,0.449516,1.500833,0.440993,-0.0472
449.646283,321.511837,0.449118,1.503757,0.422825,-0.03231
451.151412,321.925783,0.448871,1.506463,0.405155,-0.016919
452.659132,322.322337,0.448781,1.508935,0.388052,-0.001017
454.169199,322.702098,0.448853,1.511155,0.371581,0.0154
455.681353,323.065731,0.449091,1.513106,0.355805,0.032338
457.195316,323.413959,0.449501,1.514771,0.340783,0.049802
458.710795,323.747568,0.450089,1.516135,0.326574,0.067792
460.22748,324.067397,0.450859,1.517181,0.313233,0.086312
461.745046,324.37434,0.451817,1.517894,0.300811,0.105362
463.263152,324.669342,0.452968,1.518259,0.289359,0.12494
464.781444,324.953397,0.454317,1.518263,0.278923,0.145044
466.299553,325.227543,0.455871,1.517892,0.269548,0.165672
467.817099,325.492861,0.457633,1.517133,0.261275,0.186818
469.333685,325.750473,0.459609,1.515973,0.254142,0.208477
470.848907,326.001537,0.461804,1.514401,0.248184,0.230641
472.362347,326.247244,0.464223,1.512407,0.243435,0.253304
473.873576,326.488819,0.466871,1.509979,0.239924,0.276454
475.382157,326.727513,0.469754,1.507109,0.237676,0.300082
476.887645,326.964601,0.472875,1.503789,0.236716,0.324175
478.389584,327.201382,0.476239,1.500011,0.237065,0.348721
479.887513,327.439172,0.479851,1.495769,0.238737,0.373705
481.380965,327.679303,0.483714,1.491057,0.241749,0.399111
482.869468,327.92312,0.487834,1.48587,0.24611,0.424923
484.352546,328.171975,0.492214,1.480206,0.251827,0.451123
485.82972,328.427228,0.496858,1.474061,0.258905,0.477691
487.300508,328.69024,0.501769,1.467436,0.267344,0.504607
488.764431,328.962369,0.506951,1.46033,0.277141,0.531849
490.221009,329.244972,0.512407,1.452745,0.288289,0.559395
491.669762,329.539394,0.51814,1.444683,0.300779,0.587221
493.110218,329.846971,0.524152,1.43615,0.314596,0.615301
494.541906,330.169023,0.530447,1.42715,0.329724,0.64361
495.964365,330.50685,0.537025,1.417692,0.346142,0.672119
497.37714,330.861729,0.54389,1.407783,0.363825,0.700801
498.779785,331.234911,0.551042,1.397435,0.382744,0.729625
500.171868,331.627618,0.558482,1.38666,0.402867,0.758562
501.552968,332.041035,0.566213,1.375472,0.424159,0.787578
502.92268,332.476312,0.574234,1.363887,0.446579,0.816641
504.280614,332.934554,0.582546,1.351922,0.470082,0.845717
505.626403,333.416822,0.591148,1.339597,0.494622,0.874771
506.959696,333.924126,0.600041,1.326934,0.520145,0.903767
508.280167,334.457421,0.609223,1.313958,0.546596,0.932668
509.587515,335.017606,0.618694,1.300693,0.573913,0.961435
510.881467,335.605514,0.628452,1.287169,0.602033,0.990031
512.161776,336.221915,0.638494,1.273415,0.630885,1.018414
513.428232,336.867505,0.648819,1.259466,0.660398,1.046544
514.680654,337.542906,0.659424,1.245356,0.690493,1.074379
515.918902,338.248659,0.670305,1.231123,0.721088,1.101877
517.142873,338.985221,0.68146,1.216809,0.752097,1.128993
518.352507,339.75296,0.692884,1.202456,0.783428,1.155684
519.547787,340.552152,0.704572,1.18811,0.814986,1.181905
520.728746,341.382974,0.71652,1.173821,0.84667,1.207609
521.895466,342.245499,0.728723,1.159641,0.878375,1.232749
523.048082,343.139694,0.741173,1.145624,0.909991,1.25728
524.186788,344.065414,0.753866,1.131829,0.941405,1.281151
525.068659,344.81202,0.763967,1.121223,0.965779,1.299348
526.183222,345.793219,0.777074,1.107952,0.996547,1.321938
527.28465,346.804964,0.790403,1.094939,1.026866,1.343814
528.373161,347.846792,0.803948,1.082108,1.056709,1.365009
529.448902,348.918213,0.817701,1.069387,1.086047,1.385554
530.511949,350.01871,0.831657,1.056707,1.114855,1.40548
531.562307,351.147738,0.845809,1.043998,1.143107,1.424817
532.599915,352.304729,0.860151,1.031196,1.170777,1.443595
533.624646,353.489091,0.874679,1.018236,1.197844,1.461843
534.636314,354.700209,0.889386,1.005057,1.224284,1.479589
535.634667,355.937444,0.904269,0.991599,1.250076,1.496861
536.6194,357.200139,0.919322,0.977806,1.2752,1.513685
537.590149,358.487614,0.934541,0.963623,1.299634,1.530088
538.546498,359.799172,0.949923,0.948998,1.323362,1.546095
539.487981,361.134097,0.965462,0.933882,1.346366,1.561731
540.414082,362.491656,0.981156,0.918227,1.368628,1.577019
541.32424,363.871101,0.997001,0.901989,1.390133,1.591983
542.217852,365.271665,1.012995,0.885127,1.410867,1.606644
543.094274,366.692572,1.029133,0.867602,1.430815,1.621023
543.952824,368.133029,1.045414,0.849378,1.449965,1.635141
544.792785,369.592233,1.061835,0.830421,1.468306,1.649017
545.613411,371.069368,1.078394,0.810701,1.485826,1.662669
546.413924,372.563608,1.095088,0.790191,1.502516,1.676114
547.193522,374.07412,1.111915,0.768867,1.518367,1.689369
547.95138,375.60006,1.128875,0.746708,1.533371,1.702448
548.686654,377.140577,1.145964,0.723696,1.547521,1.715366
549.398484,378.694815,1.163182,0.699816,1.560812,1.728134
550.085994,380.261913,1.180526,0.675058,1.573238,1.740764
550.748304,381.841002,1.197996,0.649412,1.584796,1.753268
551.384522,383.431214,1.215591,0.622876,1.595483,1.765652
551.993758,385.031677,1.233309,0.595448,1.605296,1.777925
552.575121,386.641516,1.251149,0.567131,1.614235,1.790093
553.127725,388.259856,1.269111,0.537931,1.622301,1.80216
553.650692,389.885826,1.287192,0.507859,1.629492,1.81413
554.143156,391.518551,1.305393,0.476928,1.635813,1.826004
554.604269,393.157162,1.323712,0.445158,1.641265,1.837783
555.0332,394.800793,1.342148,0.41257,1.645853,1.849464
555.429145,396.448582,1.360701,0.37919,1.649581,1.861044
555.791325,398.099671,1.379369,0.345048,1.652456,1.872518
556.118998,399.753211,1.398151,0.310178,1.654483,1.883879
556.411453,401.408357,1.417046,0.274621,1.655671,1.895119
556.668024,403.064276,1.436053,0.238418,1.656029,1.906226
556.888089,404.720141,1.45517,0.201617,1.655565,1.917189
557.071076,406.375137,1.474396,0.164271,1.654292,1.927992
557.216468,408.028459,1.493729,0.126437,1.65222,1.938619
557.323807,409.679315,1.513168,0.088175,1.649361,1.949051
557.392698,411.326924,1.532709,0.049553,1.645731,1.959266
557.422816,412.970523,1.552352,0.010641,1.641342,1.969241
557.413909,414.60936,1.572093,-0.028484,1.63621,1.978952
557.365805,416.2427,1.59193,-0.067741,1.630352,1.988368
557.278413,417.869827,1.61186,-0.107043,1.623784,1.997461
557.151735,419.490039,1.631878,-0.146298,1.616526,2.006196
556.985864,421.102655,1.651982,-0.185411,1.608596,2.014538
556.780994,422.707013,1.672168,-0.224278,1.600014,2.022449
556.537426,424.302473,1.69243,-0.262791,1.590802,2.029888
556.255569,425.888415,1.712764,-0.300836,1.580981,2.03681
555.935949,427.464241,1.733164,-0.338295,1.570575,2.043169
555.80004,428.081107,1.741205,-0.35284,1.566327,2.045504
555.428909,429.641888,1.761688,-0.389294,1.555146,2.050984
555.021704,431.191228,1.782222,-0.42499,1.543451,2.055714
554.57918,432.728632,1.802799,-0.459933,1.531279,2.059584
554.102088,434.253639,1.82341,-0.494128,1.518665,2.062486
553.591173,435.765826,1.844045,-0.527579,1.505644,2.064317
553.047175,437.264804,1.864693,-0.560294,1.492253,2.064979
552.470829,438.750218,1.88534,-0.592277,1.478523,2.064379
551.862863,440.221748,1.905976,-0.623535,1.464489,2.062429
551.223997,441.679106,1.926584,-0.654076,1.450183,2.059044
550.554948,443.122033,1.947152,-0.683905,1.435635,2.054146
549.856421,444.550305,1.967662,-0.713032,1.420876,2.047663
549.129116,445.963725,1.988099,-0.741462,1.405936,2.039525
548.373726,447.362127,2.008447,-0.769205,1.390844,2.029669
547.590933,448.745372,2.028687,-0.796268,1.375628,2.01804
546.781413,450.113351,2.048801,-0.82266,1.360314,2.004586
545.945833,451.465977,2.068772,-0.848391,1.344929,1.989259
545.08485,452.803194,2.08858,-0.873467,1.329498,1.972022
544.199113,454.124967,2.108206,-0.8979,1.314046,1.952839
543.289261,455.431286,2.12763,-0.921698,1.298595,1.931684
542.355925,456.722165,2.146833,-0.944871,1.283168,1.908534
541.399724,457.997639,2.165794,-0.967428,1.267788,1.883376
540.421271,459.257763,2.184494,-0.989379,1.252473,1.8562
539.421164,460.502614,2.202912,-1.010735,1.237245,1.827005
538.399997,461.732287,2.221027,-1.031504,1.222121,1.795796
537.358349,462.946897,2.238821,-1.051697,1.207119,1.762586
536.296792,464.146573,2.256272,-1.071324,1.192257,1.727395
535.215886,465.331461,2.273362,-1.090395,1.177548,1.690249
534.116184,466.501725,2.290071,-1.10892,1.163009,1.651182
532.998226,467.65754,2.30638,-1.126908,1.148652,1.610238
531.862543,468.799094,2.32227,-1.144371,1.13449,1.567465
530.709657,469.926588,2.337723,-1.161317,1.120534,1.522923
529.540079,471.040233,2.352722,-1.177756,1.106794,1.476677
528.354311,472.140251,2.367251,-1.193697,1.09328,1.428802
527.152847,473.226872,2.381293,-1.209151,1.08,1.379382
525.93617,474.300332,2.394834,-1.224125,1.06696,1.328508
524.704754,475.360875,2.407859,-1.238629,1.054167,1.276282
523.459065,476.408749,2.420355,-1.252672,1.041623,1.222814
522.19956,477.444206,2.432312,-1.266262,1.029334,1.168222
520.92669,478.467503,2.443717,-1.279406,1.017301,1.112637
519.640895,479.478894,2.454561,-1.292112,1.005525,1.056197
518.34261,480.478637,2.464838,-1.304387,0.994005,0.999051
517.032262,481.466988,2.474541,-1.316238,0.98274,0.941358
515.710273,482.4442,2.483664,-1.327672,0.971726,0.883287
514.377056,483.410523,2.492206,-1.338693,0.96096,0.825017
513.033022,484.366201,2.500164,-1.349308,0.950436,0.76674
511.678575,485.311474,2.507541,-1.35952,0.940147,0.708657
510.314116,486.246571,2.514339,-1.369333,0.930085,0.650982
508.94004,487.171715,2.520563,-1.378752,0.920239,0.593937
507.556743,488.087117,2.526221,-1.387778,0.910599,0.53776
506.164615,488.992977,2.531322,-1.396413,0.901152,0.482698
504.764047,489.889481,2.535879,-1.404658,0.891884,0.429011
503.853579,490.464607,2.538545,-1.409786,0.885976,0.395137
502.439958,491.346068,2.54224,-1.417392,0.876969,0.34429
501.018922,492.218591,2.545437,-1.424619,0.868097,0.295407
499.590843,493.082301,2.548155,-1.431478,0.859341,0.248615
498.156086,493.937306,2.550417,-1.437978,0.850686,0.204034
496.715003,494.783699,2.552244,-1.444131,0.842113,0.161776
495.267937,495.621554,2.55366,-1.449945,0.833606,0.121945
493.815223,496.450929,2.554691,-1.45543,0.825151,0.084638
492.357184,497.271867,2.555362,-1.460596,0.81673,0.049943
490.894135,498.084395,2.555699,-1.465451,0.808328,0.017943
489.426382,498.888525,2.55573,-1.470005,0.799932,-0.01129
487.954222,499.684256,2.555483,-1.474267,0.791527,-0.037691
486.477944,500.471571,2.554986,-1.478244,0.783099,-0.061202
484.997826,501.250441,2.554268,-1.481945,0.774634,-0.081773
483.514142,502.020823,2.55336,-1.485379,0.76612,-0.099363
482.027155,502.782661,2.552291,-1.488553,0.757545,-0.113939
480.53712,503.535888,2.551092,-1.491475,0.748896,-0.125474
479.044286,504.280425,2.549792,-1.494152,0.740163,-0.13395
477.548894,505.016181,2.548423,-1.496593,0.731333,-0.139358
476.051177,505.743056,2.547015,-1.498803,0.722398,-0.141694
474.551363,506.460938,2.545599,-1.50079,0.713347,-0.140966
473.049669,507.169707,2.544206,-1.502562,0.70417,-0.137185
471.546309,507.869233,2.542866,-1.504124,0.694859,-0.130373
470.041489,508.559378,2.541608,-1.505483,0.685406,-0.120559
468.535408,509.239995,2.540464,-1.506647,0.675802,-0.107779
467.028259,509.91093,2.539463,-1.50762,0.666041,-0.092075
465.520228,510.572022,2.538632,-1.50841,0.656116,-0.073501
464.011497,511.223106,2.538002,-1.509023,0.646021,-0.052113
462.50224,511.864007,2.537599,-1.509464,0.635751,-0.027977
460.992624,512.494548,2.537451,-1.50974,0.625301,-0.001167
459.482813,513.114547,2.537585,-1.509856,0.614666,0.028239
457.972963,513.723817,2.538024,-1.509819,0.603843,0.060153
456.463225,514.32217,2.538796,-1.509634,0.59283,0.094482
454.953743,514.909412,2.539922,-1.509306,0.581623,0.131126
453.444658,515.485351,2.541426,-1.508842,0.570222,0.169978
451.936103,516.04979,2.543328,-1.508247,0.558625,0.210927
450.428205,516.602535,2.545651,-1.507528,0.546832,0.253852
448.921087,517.143389,2.548412,-1.506688,0.534844,0.298628
447.414866,517.672158,2.551629,-1.505735,0.522662,0.345125
445.909653,518.188649,2.555319,-1.504675,0.510288,0.393206
444.405551,518.69267,2.559498,-1.503512,0.497725,0.442729
442.902662,519.184036,2.564178,-1.502252,0.484976,0.493546
441.401077,519.662561,2.569373,-1.500903,0.472045,0.545505
439.900884,520.128067,2.575092,-1.499469,0.458939,0.598449
438.402165,520.580381,2.581344,-1.497957,0.445662,0.652214
436.904994,521.019336,2.588138,-1.496373,0.432221,0.706635
435.40944,521.444772,2.595479,-1.494724,0.418625,0.76154
433.915565,521.856537,2.60337,-1.493016,0.404881,0.816756
432.423424,522.254488,2.611814,-1.491256,0.391,0.872102
430.933067,522.638494,2.620812,-1.489451,0.376991,0.927396
429.444534,523.008432,2.630361,-1.487608,0.362866,0.982454
427.957861,523.364192,2.640459,-1.485734,0.348637,1.037087
426.473073,523.705676,2.651101,-1.483838,0.334318,1.091103
424.99019,524.032801,2.662279,-1.481926,0.319922,1.144308
423.509223,524.345499,2.673984,-1.480007,0.305464,1.196507
422.030175,524.643715,2.686205,-1.47809,0.290962,1.247502
420.553039,524.927414,2.698929,-1.476184,0.276433,1.297093
419.077801,525.196578,2.712141,-1.474297,0.261894,1.34508
417.604436,525.451206,2.725825,-1.472438,0.247366,1.391261
416.132911,525.69132,2.73996,-1.470619,0.232869,1.435434
414.663181,525.916962,2.754526,-1.468849,0.218425,1.477396
413.195192,526.128196,2.7695,-1.467139,0.204057,1.516944
411.728879,526.325109,2.784856,-1.4655,0.189789,1.553876
410.264164,526.507816,2.800568,-1.463944,0.175647,1.587991
408.800959,526.676453,2.816606,-1.462483,0.161656,1.619087
407.339162,526.831188,2.832939,-1.461129,0.147846,1.646967
405.87866,526.972216,2.849534,-1.459896,0.134246,1.671431
404.419325,527.09976,2.866356,-1.458798,0.120885,1.692286
402.961015,527.214076,2.883367,-1.457848,0.107796,1.709338
401.503574,527.315454,2.900529,-1.457062,0.095012,1.722398
400.046831,527.404214,2.917801,-1.456455,0.082568,1.73128
398.590599,527.480715,2.93514,-1.456044,0.0705,1.735801
397.134672,527.545352,2.952502,-1.455846,0.058845,1.735782
395.678831,527.598556,2.96984,-1.455877,0.047643,1.73105
395.284567,527.611057,2.974525,-1.455928,0.044692,1.728935
393.828488,527.650421,2.991764,-1.456272,0.034125,1.718046
392.371946,527.679493,3.008871,-1.45685,0.024115,1.702536
390.914717,527.698853,3.0258,-1.457642,0.014711,1.682742
389.456598,527.709131,3.042512,-1.458626,0.005956,1.659042
387.997409,527.710996,3.05897,-1.45978,-0.002108,1.631847
386.53699,527.705157,3.075139,-1.46108,-0.009446,1.601609
385.075207,527.692355,3.090993,-1.462504,-0.016028,1.568813
383.61195,527.673363,3.106509,-1.464024,-0.021825,1.533985
383.108232,527.665541,3.111764,-1.464565,-0.023634,1.521634
381.642867,527.639481,3.126798,-1.466176,-0.028353,1.484873
380.175863,527.609095,3.141458,-1.467839,-0.032292,1.446884
378.707175,527.575146,3.155732,-1.469545,-0.035484,1.407709
377.236762,527.538364,3.169608,-1.471287,-0.037964,1.367391
375.764592,527.499445,3.183076,-1.473056,-0.039763,1.325974
374.290643,527.459054,3.196124,-1.474845,-0.040913,1.283499
372.814898,527.417824,3.208742,-1.476647,-0.041447,1.240008
371.337347,527.376355,3.220921,-1.478455,-0.041395,1.195544
369.857989,527.335219,3.23265,-1.480261,-0.040788,1.150148
368.376828,527.294955,3.243921,-1.48206,-0.039656,1.103863
366.893875,527.256071,3.254725,-1.483844,-0.03803,1.05673
365.409146,527.219049,3.265053,-1.485609,-0.035939,1.00879
363.922664,527.184338,3.274898,-1.487349,-0.033411,0.960086
362.434458,527.152362,3.284252,-1.489058,-0.030476,0.910659
360.944561,527.123514,3.293109,-1.49073,-0.02716,0.86055
359.453012,527.09816,3.301461,-1.492362,-0.023491,0.809803
357.959853,527.07664,3.309303,-1.493948,-0.019496,0.758458
356.465133,527.059268,3.316628,-1.495484,-0.015201,0.706557
354.968902,527.046329,3.323432,-1.496967,-0.010632,0.654142
353.471219,527.038086,3.32971,-1.498391,-0.005814,0.601255
351.972141,527.034775,3.335456,-1.499754,-0.000771,0.547939
350.471733,527.03661,3.340667,-1.501052,0.004472,0.494235
348.97006,527.043779,3.34534,-1.502282,0.009894,0.440186
347.467193,527.05645,3.34947,-1.50344,0.015471,0.385834
345.963204,527.074765,3.353055,-1.504526,0.021181,0.331222
344.458168,527.098849,3.356094,-1.505534,0.027003,0.276393
342.952162,527.128802,3.358583,-1.506464,0.032917,0.221389
341.445266,527.164706,3.360521,-1.507314,0.038902,0.166253
339.937562,527.206624,3.361907,-1.50808,0.04494,0.111029
338.429134,527.254598,3.362741,-1.508762,0.051013,0.05576
336.920067,527.308655,3.363023,-1.509357,0.057102,0.000489
335.410448,527.368801,3.362751,-1.509865,0.063191,-0.054741
333.900366,527.43503,3.361928,-1.510283,0.069263,-0.109885
332.389912,527.507317,3.360554,-1.510611,0.075305,-0.164899
330.879175,527.585624,3.358631,-1.510847,0.0813,-0.219741
329.368249,527.669898,3.35616,-1.510989,0.087236,-0.274366
327.857228,527.760072,3.353144,-1.511038,0.0931,-0.328729
326.346205,527.85607,3.349586,-1.510992,0.09888,-0.382787
324.835276,527.9578,3.34549,-1.510849,0.104565,-0.436495
323.324539,528.065164,3.340858,-1.51061,0.110145,-0.489809
321.814089,528.178052,3.335695,-1.510272,0.115611,-0.542685
320.304027,528.296346,3.330006,-1.509836,0.120955,-0.595077
318.794451,528.419919,3.323795,-1.509299,0.126169,-0.646942
317.285462,528.548639,3.317069,-1.508662,0.131248,-0.698235
315.777162,528.682368,3.309832,-1.507922,0.136186,-0.748912
314.269653,528.820964,3.302093,-1.507078,0.14098,-0.798928
312.76304,528.964278,3.293856,-1.50613,0.145625,-0.848239
311.257428,529.112163,3.28513,-1.505075,0.15012,-0.8968
309.752925,529.264468,3.275923,-1.503913,0.154464,-0.944567
308.249639,529.421041,3.266242,-1.50264,0.158657,-0.991497
306.747682,529.581733,3.256096,-1.501256,0.162701,-1.037545
305.247166,529.746395,3.245494,-1.499757,0.166598,-1.082667
303.748208,529.914881,3.234446,-1.498141,0.170351,-1.126821
302.250924,530.087051,3.222961,-1.496406,0.173966,-1.169962
300.755437,530.262769,3.21105,-1.494548,0.177448,-1.212048
299.261871,530.441906,3.198724,-1.492563,0.180805,-1.253036
297.770354,530.62434,3.185993,-1.490449,0.184045,-1.292883
296.281018,530.80996,3.17287,-1.4882,0.187178,-1.331548
294.793999,530.998665,3.159366,-1.485813,0.190215,-1.368989
293.30944,531.190364,3.145494,-1.483281,0.19317,-1.405165
291.827487,531.384981,3.131267,-1.4806,0.196054,-1.440035
290.348292,531.582454,3.116698,-1.477763,0.198884,-1.473558
288.872014,531.782737,3.101801,-1.474765,0.201677,-1.505696
287.398819,531.985801,3.086589,-1.471597,0.20445,-1.536409
285.92888,532.191637,3.071077,-1.468251,0.207223,-1.56566
284.462378,532.400254,3.055281,-1.464721,0.210017,-1.593409
282.999503,532.611685,3.039214,-1.460996,0.212854,-1.619621
281.540454,532.825984,3.022894,-1.457067,0.215758,-1.644259
280.08544,533.043232,3.006335,-1.452924,0.218756,-1.667288
278.634682,533.263535,2.989553,-1.448554,0.221873,-1.688673
277.188411,533.487028,2.972567,-1.443947,0.225139,-1.708381
276.897867,533.532412,2.969124,-1.44299,0.225817,-1.712142
275.45731,533.759953,2.951913,-1.438084,0.229295,-1.729811
274.021782,533.99106,2.934534,-1.43293,0.232948,-1.74584
272.591531,534.225904,2.917002,-1.427534,0.236766,-1.760303
271.166794,534.464643,2.899332,-1.421901,0.240737,-1.773274
269.747807,534.707425,2.881541,-1.416033,0.244851,-1.784825
268.334804,534.954389,2.86364,-1.409936,0.249097,-1.795024
266.928012,535.205659,2.845645,-1.403611,0.253463,-1.803941
265.527658,535.461351,2.827566,-1.39706,0.257938,-1.811643
264.133967,535.721567,2.809416,-1.390285,0.26251,-1.818196
262.747162,535.986398,2.791205,-1.383288,0.267167,-1.823664
261.367464,536.255925,2.772946,-1.37607,0.271897,-1.82811
259.995095,536.530214,2.754646,-1.368631,0.276689,-1.831595
258.630275,536.80932,2.736317,-1.360973,0.28153,-1.834181
257.273222,537.093286,2.717966,-1.353095,0.286408,-1.835925
255.924157,537.382144,2.699601,-1.344998,0.291311,-1.836886
254.583298,537.675912,2.68123,-1.336683,0.296226,-1.83712
253.250864,537.974596,2.662861,-1.328149,0.301141,-1.836681
251.927074,538.278191,2.644499,-1.319396,0.306045,-1.835624
250.612145,538.586678,2.62615,-1.310426,0.310924,-1.834
249.306294,538.900027,2.60782,-1.301239,0.315768,-1.83186
248.00974,539.218197,2.589514,-1.291835,0.320563,-1.829255
246.722697,539.541133,2.571237,-1.282216,0.325298,-1.826231
245.44538,539.868769,2.552991,-1.272383,0.329962,-1.822836
244.178002,540.201028,2.534781,-1.262338,0.334542,-1.819115
242.920773,540.537822,2.51661,-1.252083,0.339028,-1.815112
241.673904,540.87905,2.49848,-1.241622,0.343409,-1.81087
240.437598,541.224601,2.480393,-1.230957,0.347674,-1.806428
239.212057,541.574355,2.462352,-1.220092,0.351812,-1.801828
237.997479,541.928179,2.444357,-1.209032,0.355813,-1.797106
236.794057,542.285933,2.42641,-1.197782,0.359668,-1.792299
235.601976,542.647464,2.408511,-1.186349,0.363367,-1.787441
234.421418,543.012612,2.390661,-1.174739,0.366902,-1.782566
233.252554,543.38121,2.37286,-1.162961,0.370263,-1.777705
232.09555,543.753078,2.355107,-1.151022,0.373444,-1.772887
230.95056,544.128034,2.337402,-1.138934,0.376436,-1.768141
229.817728,544.505885,2.319744,-1.126706,0.379233,-1.763491
228.69719,544.886433,2.302131,-1.114352,0.381828,-1.758963
227.589063,545.269473,2.284564,-1.101883,0.384217,-1.754578
226.493457,545.654796,2.267039,-1.089315,0.386394,-1.750356
225.410461,546.042189,2.249556,-1.076664,0.388355,-1.746315
224.340151,546.431434,2.232112,-1.063946,0.390097,-1.742471
223.282584,546.82231,2.214706,-1.051181,0.391618,-1.738838
222.237798,547.214595,2.197335,-1.038388,0.392915,-1.735426
221.205811,547.608065,2.179997,-1.025588,0.393988,-1.732245
220.186616,548.002496,2.162689,-1.012806,0.394837,-1.729302
219.180185,548.397664,2.14541,-1.000066,0.395463,-1.7266
218.186462,548.793348,2.128156,-0.987394,0.395868,-1.724141
217.205366,549.189328,2.110926,-0.974819,0.396057,-1.721923
216.236783,549.58539,2.093717,-0.96237,0.396032,-1.719943
215.280572,549.981322,2.076527,-0.950082,0.3958,-1.718194
214.336556,550.376922,2.059353,-0.937986,0.395367,-1.716666
213.404524,550.771991,2.042193,-0.926119,0.394741,-1.715346
212.484229,551.166343,2.025045,-0.91452,0.393932,-1.714219
211.575382,551.559797,2.007908,-0.903228,0.39295,-1.713265
210.677656,551.952189,1.990779,-0.892286,0.391808,-1.712462
209.790678,552.343364,1.973658,-0.881739,0.390518,-1.711784
208.914031,552.733182,1.956543,-0.871634,0.389097,-1.711202
208.047247,553.121519,1.939434,-0.86202,0.38756,-1.710682
207.18981,553.508269,1.922329,-0.852949,0.385926,-1.710189
206.341151,553.893345,1.90523,-0.844475,0.384214,-1.70968
205.500643,554.276679,1.888136,-0.836655,0.382447,-1.709113
204.667603,554.658229,1.871048,-0.829549,0.380648,-1.708437
203.841285,555.037973,1.853968,-0.823219,0.378842,-1.7076
203.020883,555.415919,1.836897,-0.817731,0.377056,-1.706544
202.205521,555.792101,1.819838,-0.81315,0.375319,-1.705209
202.147364,555.818944,1.818618,-0.812859,0.375197,-1.705101
201.336359,556.193307,1.801575,-0.809311,0.373541,-1.703402
200.52843,556.566051,1.784551,-0.806699,0.37196,-1.701344
199.722665,556.93725,1.76755,-0.804974,0.370448,-1.698919
198.918201,557.306968,1.750574,-0.804089,0.368998,-1.696121
198.114225,557.675264,1.733628,-0.803992,0.367603,-1.692941
197.309971,558.04219,1.716717,-0.804635,0.366256,-1.689373
196.504724,558.407789,1.699842,-0.805968,0.364949,-1.685409
195.697821,558.7721,1.68301,-0.807942,0.363677,-1.681042
194.888644,559.135153,1.666223,-0.810506,0.362432,-1.676267
194.076629,559.496972,1.649486,-0.813611,0.361208,-1.671077
193.261258,559.857574,1.632803,-0.817208,0.359998,-1.665466
192.442065,560.21697,1.616178,-0.821248,0.358794,-1.659428
191.618632,560.575163,1.599616,-0.825681,0.357592,-1.652958
190.790588,560.932151,1.58312,-0.83046,0.356383,-1.646052
189.957612,561.287925,1.566696,-0.835537,0.355162,-1.638705
189.11943,561.64247,1.550348,-0.840865,0.353923,-1.630912
188.275814,561.995763,1.534079,-0.846397,0.352659,-1.622671
187.426582,562.347778,1.517896,-0.852088,0.351365,-1.613978
186.571599,562.69848,1.501801,-0.857893,0.350034,-1.60483
185.710774,563.047832,1.485801,-0.863766,0.348662,-1.595225
184.844058,563.395789,1.469898,-0.869666,0.347242,-1.585161
183.971446,563.7423,1.454099,-0.87555,0.34577,-1.574637
183.092976,564.08731,1.438407,-0.881377,0.344241,-1.563653
182.208724,564.43076,1.422827,-0.887107,0.342649,-1.552208
181.318807,564.772585,1.407364,-0.8927,0.340989,-1.540302
180.423381,565.112716,1.392023,-0.89812,0.339259,-1.527937
179.522638,565.451078,1.376807,-0.903328,0.337453,-1.515114
178.616807,565.787594,1.361722,-0.908291,0.335567,-1.501835
177.70615,566.122183,1.346772,-0.912973,0.333597,-1.488103
176.790965,566.454759,1.331962,-0.917343,0.331541,-1.47392
175.871578,566.785234,1.317295,-0.921369,0.329394,-1.459291
174.94835,567.113516,1.302777,-0.925022,0.327154,-1.444221
174.021669,567.439511,1.288412,-0.928272,0.324819,-1.428713
173.091949,567.763121,1.274204,-0.931093,0.322385,-1.412774
172.159634,568.084247,1.260158,-0.93346,0.31985,-1.39641
171.225189,568.402786,1.246278,-0.935349,0.317212,-1.379627
170.289103,568.718636,1.232567,-0.936737,0.31447,-1.362434
169.351889,569.031691,1.21903,-0.937604,0.311622,-1.344838
168.414076,569.341845,1.205671,-0.93793,0.308668,-1.326848
167.476215,569.64899,1.192495,-0.937699,0.305605,-1.308473
166.53887,569.953019,1.179503,-0.936894,0.302434,-1.289722
165.602623,570.253822,1.166701,-0.935501,0.299154,-1.270607
164.668069,570.55129,1.154092,-0.933507,0.295765,-1.251138
163.735813,570.845315,1.14168,-0.930902,0.292267,-1.231326
162.806471,571.135789,1.129467,-0.927677,0.288661,-1.211185
161.880669,571.422602,1.117457,-0.923823,0.284948,-1.190726
160.959038,571.705649,1.105653,-0.919334,0.281128,-1.169963
160.042213,571.984823,1.094059,-0.914208,0.277203,-1.148909
159.130836,572.26002,1.082676,-0.90844,0.273174,-1.127579
158.225548,572.531137,1.071508,-0.90203,0.269043,-1.105988
157.32699,572.798073,1.060557,-0.894978,0.264813,-1.08415
156.435804,573.06073,1.049826,-0.887288,0.260485,-1.062083
155.552627,573.319012,1.039316,-0.878961,0.256062,-1.039801
154.678091,573.572825,1.02903,-0.870006,0.251548,-1.017322
153.812824,573.822078,1.01897,-0.860427,0.246944,-0.994664
152.957442,574.066685,1.009138,-0.850234,0.242255,-0.971842
152.112557,574.306561,0.999534,-0.839437,0.237484,-0.948876
151.278766,574.541627,0.990161,-0.828048,0.232635,-0.925784
150.456655,574.771806,0.981019,-0.816079,0.227711,-0.902585
149.646796,574.997026,0.972109,-0.803545,0.222718,-0.879297
148.849747,575.21722,0.963433,-0.790463,0.217659,-0.855941
148.066047,575.432324,0.954991,-0.77685,0.212539,-0.832535
147.296219,575.642279,0.946782,-0.762723,0.207363,-0.8091
146.540765,575.847033,0.938809,-0.748104,0.202136,-0.785655
145.800169,576.046537,0.931069,-0.733013,0.196864,-0.762222
145.074889,576.240747,0.923564,-0.717473,0.191551,-0.738821
144.365365,576.429626,0.916293,-0.701507,0.186203,-0.715473
143.672008,576.613143,0.909254,-0.685141,0.180825,-0.692198
142.995208,576.791269,0.902448,-0.6684,0.175425,-0.669018
142.335325,576.963986,0.895874,-0.65131,0.170007,-0.645954
141.692695,577.131279,0.889529,-0.6339,0.164577,-0.623026
141.067623,577.293139,0.883413,-0.616198,0.159143,-0.600256
140.460387,577.449565,0.877523,-0.598233,0.153709,-0.577666
139.871234,577.60056,0.871859,-0.580037,0.148283,-0.555275
139.30038,577.746135,0.866417,-0.561639,0.14287,-0.533105
138.748012,577.886307,0.861196,-0.543072,0.137478,-0.511177
138.214283,578.0211,0.856192,-0.524367,0.132113,-0.489512
137.699314,578.150544,0.851404,-0.505557,0.126781,-0.468129
137.203194,578.274675,0.846829,-0.486675,0.121489,-0.447049
136.725977,578.393537,0.842462,-0.467755,0.116243,-0.426292
136.267685,578.507179,0.838302,-0.44883,0.11105,-0.405877
135.828306,578.615658,0.834344,-0.429935,0.105917,-0.385824
135.407794,578.719035,0.830584,-0.411102,0.10085,-0.36615
135.00607,578.817381,0.827019,-0.392366,0.095855,-0.346876
134.623018,578.910771,0.823645,-0.373761,0.090938,-0.328018
134.258493,578.999286,0.820458,-0.355321,0.086107,-0.309593
133.912311,579.083015,0.817452,-0.337078,0.081367,-0.291619
133.584259,579.162052,0.814624,-0.319066,0.076723,-0.27411
133.27409,579.236495,0.811968,-0.301318,0.072182,-0.257083
132.981524,579.306452,0.80948,-0.283866,0.06775,-0.240553
132.70625,579.372033,0.807155,-0.26674,0.063432,-0.224531
132.447924,579.433355,0.804988,-0.249972,0.059232,-0.209033
132.206176,579.490539,0.802973,-0.233592,0.055157,-0.194068
131.980602,579.543713,0.801105,-0.217627,0.051211,-0.17965
131.770774,579.593006,0.799378,-0.202106,0.047399,-0.165787
131.576233,579.638556,0.797787,-0.187056,0.043724,-0.152488
131.396497,579.680501,0.796326,-0.1725,0.04019,-0.139762
131.23106,579.718984,0.79499,-0.158463,0.036802,-0.127615
131.07939,579.754154,0.793772,-0.144968,0.033562,-0.116053
130.940937,579.786159,0.792667,-0.132034,0.030473,-0.105079
130.815129,579.815152,0.791669,-0.119679,0.027538,-0.094697
130.701379,579.841288,0.790771,-0.107922,0.024759,-0.084907
130.599082,579.864723,0.789968,-0.096775,0.022137,-0.07571
130.507621,579.885615,0.789255,-0.086252,0.019673,-0.067103
130.426367,579.904122,0.788624,-0.076362,0.017368,-0.059085
130.354683,579.920404,0.788071,-0.067114,0.015222,-0.051649
130.291924,579.93462,0.78759,-0.058511,0.013235,-0.044789
130.237445,579.946927,0.787174,-0.050556,0.011405,-0.038497
130.190597,579.957482,0.786818,-0.043248,0.009731,-0.032762
130.150735,579.966439,0.786516,-0.036583,0.00821,-0.027572
130.117219,579.973952,0.786265,-0.030555,0.006839,-0.022913
130.089418,579.980167,0.786057,-0.025152,0.005616,-0.018768
130.066712,579.985231,0.785888,-0.020361,0.004535,-0.015118
130.048498,579.989283,0.785753,-0.016164,0.003591,-0.011944
130.034193,579.992458,0.785647,-0.012539,0.00278,-0.009222
130.023237,579.994884,0.785567,-0.009462,0.002093,-0.006926
130.015096,579.996682,0.785507,-0.006903,0.001523,-0.005029
130.00927,579.997966,0.785465,-0.004827,0.001063,-0.003501
130.005294,579.998841,0.785436,-0.003196,0.000702,-0.002308
130.002744,579.9994,0.785418,-0.001968,0.000431,-0.001414
130.001241,579.999729,0.785407,-0.001093,0.000239,-0.000783
130.000456,579.999901,0.785401,-0.00052,0.000114,-0.000371
130.000118,579.999974,0.785399,-0.000191,4.2e-05,-0.000135
130.000015,579.999997,0.785398,-4.1e-05,9e-06,-2.9e-05
130,580,0.785398,-1e-06,0,-1e-06
